CustomerID,Recency,Frequency,Monetary,DistinctProducts,TenureDays,AvgBasketValue,IsUK,AcquiredInQ4,CancellationRate,FutureSpend,Repurchase
12346.0,233,12,77556.46,27,633,6463.038333333334,1,1,0.2,0.0,0
12347.0,37,6,3402.3900000000003,107,312,567.065,0,1,0.0,1519.14,1
12348.0,156,4,1388.3999999999999,24,346,347.09999999999997,0,0,0.0,270.0,1
12349.0,315,2,2221.14,89,497,1110.57,0,0,0.3333333333333333,1457.55,1
12350.0,218,1,294.4,16,218,294.4,0,0,0.0,0.0,0
12351.0,283,1,300.93,21,283,300.93,0,1,0.0,0.0,0
12352.0,170,6,985.3100000000001,36,300,164.21833333333333,0,1,0.14285714285714285,744.23,1
12353.0,112,2,406.76,23,316,203.38,0,1,0.0,0.0,0
12354.0,140,1,1079.4,58,140,1079.4,0,0,0.0,0.0,0
12355.0,122,2,947.61,35,475,473.805,0,0,0.0,0.0,0
12356.0,153,5,5553.38,103,332,1110.676,0,1,0.0,58.349999999999994,1
12357.0,296,1,11229.99,164,296,11229.99,0,1,0.0,6207.67,1
12358.0,58,4,2923.87,55,639,730.9675,0,1,0.0,0.0,0
12359.0,97,9,6059.09,230,642,673.2322222222223,0,1,0.25,2814.3,1
12360.0,20,5,2689.11,122,563,537.822,0,0,0.0,923.78,1
12361.0,195,4,451.25,17,590,112.8125,0,0,0.0,0.0,0
12362.0,28,4,1582.35,88,203,395.5875,0,0,0.3333333333333333,3154.88,1
12363.0,17,2,552.0,23,150,276.0,0,0,0.0,0.0,0
12364.0,20,1,578.92,33,20,578.92,0,0,0.0,629.18,1
12365.0,199,1,320.69,21,199,320.69,0,0,0.0,0.0,0
12366.0,541,1,500.24,3,541,500.24,0,0,0.0,0.0,0
12368.0,536,1,917.6999999999999,18,536,917.6999999999999,0,0,0.0,0.0,0
12369.0,321,3,1511.15,89,549,503.7166666666667,0,0,0.0,0.0,0
12370.0,182,6,3217.28,149,576,536.2133333333334,0,0,0.0,739.28,1
12371.0,317,3,1819.42,90,553,606.4733333333334,0,0,0.0,1527.96,1
12372.0,120,2,842.9200000000001,31,204,421.46000000000004,0,0,0.0,353.12,1
12373.0,219,3,927.6500000000001,35,581,309.2166666666667,0,0,0.0,0.0,0
12374.0,329,2,2046.29,46,496,1023.145,0,0,0.0,622.93,1
12375.0,6,1,190.3,10,6,190.3,0,0,0.0,187.20000000000002,1
12376.0,297,2,383.15,10,325,191.575,0,1,0.0,0.0,0
12377.0,223,4,3266.32,128,497,816.58,0,0,0.0,0.0,0
12378.0,37,2,5416.32,281,470,2708.16,0,0,0.0,0.0,0
12379.0,78,3,1107.82,49,442,369.2733333333333,0,0,0.25,362.40000000000003,1
12380.0,93,5,5345.39,123,570,1069.078,0,0,0.16666666666666666,1865.26,1
12381.0,27,1,1028.74,61,27,1028.74,0,0,0.5,446.07,1
12383.0,92,5,1628.56,83,260,325.712,0,1,0.16666666666666666,0.0,0
12384.0,29,1,212.69,13,29,212.69,0,0,0.0,212.58,1
12385.0,287,1,1668.4,64,287,1668.4,0,1,0.0,0.0,0
12386.0,245,2,401.9,10,274,200.95,0,1,0.0,0.0,0
12387.0,323,1,143.94,9,323,143.94,0,1,0.0,0.0,0
12388.0,56,6,2788.79,77,490,464.79833333333335,0,0,0.0,1112.3200000000002,1
12389.0,310,3,1433.33,41,563,477.77666666666664,0,0,0.0,0.0,0
12391.0,372,5,2285.18,159,570,457.03599999999994,0,0,0.16666666666666666,439.66,1
12392.0,499,1,234.75000000000003,7,499,234.75000000000003,0,0,0.0,0.0,0
12393.0,153,5,1877.95,53,336,375.59000000000003,0,1,0.16666666666666666,521.5,1
12394.0,125,1,351.08,20,125,351.08,0,0,0.0,729.4,1
12395.0,20,11,3233.11,121,510,293.9190909090909,0,0,0.15384615384615385,1008.0600000000001,1
12396.0,582,1,931.43,65,582,931.43,0,0,0.0,0.0,0
12397.0,43,1,1109.81,69,43,1109.81,0,0,0.0,1105.09,1
12399.0,27,7,1842.3,66,552,263.18571428571425,0,0,0.0,0.0,0
12400.0,322,1,205.25,11,322,205.25,0,1,0.0,0.0,0
12401.0,211,1,69.3,4,211,69.3,0,0,0.0,0.0,0
12402.0,231,6,1136.9,42,578,189.48333333333335,0,0,0.14285714285714285,0.0,0
12403.0,429,1,555.6600000000001,3,429,555.6600000000001,0,0,0.0,391.7,1
12404.0,590,1,63.24,1,590,63.24,0,0,0.0,0.0,0
12405.0,56,1,1390.39,53,56,1390.39,0,0,0.0,0.0,0
12406.0,91,4,4596.31,81,605,1149.0775,0,0,0.3333333333333333,1794.05,1
12407.0,42,4,1242.3600000000001,49,172,310.59000000000003,0,0,0.0,264.76,1
12408.0,6,7,3226.27,89,406,460.8957142857143,0,0,0.4166666666666667,679.5,1
12409.0,90,5,18553.7,165,473,3710.7400000000002,0,0,0.375,4865.59,1
12410.0,216,3,773.71,35,410,257.90333333333336,0,0,0.25,0.0,0
12411.0,317,1,346.9,22,317,346.9,0,1,0.0,0.0,0
12412.0,45,5,2098.79,73,447,419.758,0,0,0.2857142857142857,306.14,1
12413.0,144,3,695.25,36,310,231.75,0,1,0.25,176.20000000000002,1
12414.0,125,4,532.41,19,371,133.1025,0,0,0.2,0.0,0
12415.0,7,18,121206.72,436,435,6733.706666666667,0,0,0.14285714285714285,22826.649999999998,1
12416.0,564,1,202.56,11,564,202.56,0,0,0.0,0.0,0
12417.0,14,18,5255.83,251,641,291.99055555555555,0,1,0.25,742.58,1
12418.0,20,4,2021.2,90,538,505.3,0,0,0.2,0.0,0
12419.0,293,2,391.01,22,321,195.505,0,1,0.0,0.0,0
12421.0,22,5,724.12,37,413,144.824,0,0,0.16666666666666666,150.48,1
12422.0,3,12,3639.35,135,629,303.27916666666664,0,1,0.0,0.0,0
12423.0,8,9,2107.75,118,373,234.19444444444446,0,0,0.1,0.0,0
12424.0,70,4,3340.03,78,456,835.0075,0,0,0.42857142857142855,0.0,0
12425.0,356,1,964.21,55,356,964.21,0,0,0.5,777.2,1
12426.0,102,2,1201.21,72,570,600.605,0,0,0.3333333333333333,0.0,0
12427.0,279,1,249.5,9,279,249.5,0,1,0.5,450.3,1
12428.0,28,7,6076.92,250,191,868.1314285714286,0,0,0.3,328.34000000000003,1
12429.0,80,7,4936.89,106,454,705.2700000000001,0,0,0.125,905.52,1
12431.0,27,21,8519.34,219,601,405.68285714285713,0,0,0.2222222222222222,1582.88,1
12432.0,80,2,3316.6600000000003,74,80,1658.3300000000002,0,0,0.0,1042.66,1
12433.0,274,5,7205.39,163,384,1441.078,0,0,0.0,6950.06,1
12434.0,168,2,583.54,34,289,291.77,0,1,0.5,519.89,1
12435.0,175,5,10075.03,81,645,2015.006,0,1,0.0,3850.9,1
12436.0,7,1,429.01000000000005,15,7,429.01000000000005,0,0,0.0,0.0,0
12437.0,6,31,9340.4,229,645,301.3032258064516,0,1,0.18421052631578946,1830.1,1
12438.0,48,1,770.0699999999999,48,48,770.0699999999999,0,0,0.0,1696.78,1
12439.0,590,2,1142.88,69,633,571.44,0,1,0.3333333333333333,0.0,0
12440.0,370,2,739.2,20,625,369.6,0,1,0.3333333333333333,0.0,0
12441.0,274,1,155.55,10,274,155.55,0,1,0.0,0.0,0
12443.0,640,1,365.31,20,640,365.31,0,1,0.0,0.0,0
12444.0,29,2,2347.27,95,79,1173.635,0,0,0.0,1738.19,1
12445.0,328,1,301.58000000000004,20,328,301.58000000000004,0,1,0.5,77.4,1
12447.0,151,1,431.49,25,151,431.49,0,0,0.0,0.0,0
12449.0,37,3,2135.48,79,346,711.8266666666667,0,0,0.0,2139.41,1
12450.0,64,5,688.2,31,382,137.64000000000001,0,0,0.2857142857142857,0.0,0
12451.0,126,5,8942.18,259,437,1788.4360000000001,0,0,0.2857142857142857,3687.7,1
12453.0,42,1,707.09,43,42,707.09,0,0,0.0,0.0,0
12454.0,303,3,12931.44,8,329,4310.4800000000005,0,1,0.5,3528.34,1
12455.0,35,8,5460.45,180,629,682.55625,0,1,0.0,262.5,1
12456.0,39,2,1825.4,76,162,912.7,0,0,0.3333333333333333,755.64,1
12457.0,141,4,1419.93,36,343,354.9825,0,0,0.5,1135.98,1
12458.0,192,3,1077.01,57,395,359.00333333333333,0,0,0.0,425.48,1
12459.0,513,1,398.36,22,513,398.36,0,0,0.0,0.0,0
12460.0,364,1,296.65,17,364,296.65,0,0,0.0,0.0,0
12461.0,62,1,626.88,34,62,626.88,0,0,0.0,0.0,0
12462.0,211,1,594.11,39,211,594.11,0,0,0.5,343.47999999999996,1
12463.0,83,3,877.79,50,149,292.59666666666664,0,0,0.25,322.99,1
12464.0,14,6,615.55,5,217,102.59166666666665,0,0,0.0,341.5,1
12465.0,77,1,410.94,25,77,410.94,0,0,0.0,271.25,1
12466.0,590,1,56.73,1,590,56.73,0,0,0.0,0.0,0
12467.0,331,1,132.8,9,331,132.8,0,1,0.5,0.0,0
12468.0,95,5,3238.74,126,590,647.7479999999999,0,0,0.5,0.0,0
12469.0,430,2,3070.54,76,444,1535.27,0,0,0.0,0.0,0
12470.0,597,1,211.95,23,597,211.95,0,0,0.0,0.0,0
12471.0,15,62,27417.34,211,640,442.21516129032256,0,1,0.4205607476635514,7723.65,1
12472.0,46,17,13452.78,366,633,791.34,0,1,0.48484848484848486,1518.51,1
12473.0,22,2,1013.75,59,99,506.875,0,0,0.3333333333333333,1571.98,1
12474.0,6,24,8600.72,284,574,358.3633333333333,0,0,0.4418604651162791,2710.03,1
12475.0,317,1,396.26,24,317,396.26,0,1,0.0,669.38,1
12476.0,49,13,9109.16,291,409,700.7046153846154,0,0,0.48,3210.75,1
12477.0,8,6,15890.66,276,531,2648.443333333333,0,0,0.25,4385.71,1
12480.0,51,6,3842.17,145,415,640.3616666666667,0,0,0.14285714285714285,992.68,1
12481.0,87,12,9700.95,212,515,808.4125,0,0,0.2,1332.56,1
12482.0,484,27,21941.72,41,561,812.6562962962963,0,0,0.0,0.0,0
12483.0,6,17,3448.26,59,585,202.83882352941177,0,0,0.15,620.9200000000001,1
12484.0,11,8,4828.43,295,589,603.55375,0,0,0.2727272727272727,728.67,1
12485.0,437,1,708.1,34,437,708.1,0,0,0.0,0.0,0
12486.0,339,1,917.28,48,339,917.28,0,1,0.0,0.0,0
12487.0,638,1,285.29999999999995,2,638,285.29999999999995,0,1,0.5,0.0,0
12489.0,244,1,298.93,14,244,298.93,0,0,0.0,0.0,0
12490.0,1,16,7115.3,170,646,444.70625,0,1,0.058823529411764705,1649.3400000000001,1
12492.0,13,2,488.39,29,311,244.195,0,1,0.0,118.82000000000001,1
12493.0,73,2,379.74,18,105,189.87,0,0,0.3333333333333333,0.0,0
12494.0,69,7,1240.03,61,484,177.14714285714285,0,0,0.5,323.24,1
12495.0,548,1,277.4,16,548,277.4,0,0,0.5,0.0,0
12496.0,528,2,45.34,10,528,22.67,0,0,0.0,0.0,0
12497.0,308,2,5043.400000000001,29,552,2521.7000000000003,0,0,0.3333333333333333,953.1,1
12499.0,468,1,357.72,26,468,357.72,0,0,0.0,0.0,0
12500.0,14,13,3147.23,74,581,242.0946153846154,0,0,0.23529411764705882,2411.98,1
12501.0,244,1,2025.39,148,244,2025.39,0,0,0.5,0.0,0
12502.0,3,5,2995.87,101,217,599.174,0,0,0.0,0.0,0
12503.0,492,1,896.0,1,492,896.0,0,0,0.0,0.0,0
12504.0,325,2,261.0,7,504,130.5,0,0,0.0,428.04999999999995,1
12505.0,316,1,787.2,41,316,787.2,0,1,0.5,0.0,0
12506.0,140,1,73.5,23,140,73.5,0,0,0.0,0.0,0
12507.0,42,4,1508.06,45,492,377.015,0,0,0.2,0.0,0
12509.0,192,1,158.5,6,192,158.5,0,0,0.0,0.0,0
12510.0,50,7,3039.03,92,643,434.1471428571429,0,1,0.2222222222222222,0.0,0
12511.0,336,1,3084.02,190,336,3084.02,0,1,0.5,0.0,0
12513.0,20,1,558.29,34,20,558.29,0,0,0.0,0.0,0
12514.0,175,2,1597.76,76,549,798.88,0,0,0.0,0.0,0
12515.0,261,1,278.7,15,261,278.7,0,1,0.0,0.0,0
12516.0,88,3,1631.76,41,507,543.92,0,0,0.0,656.86,1
12517.0,34,2,1431.45,172,98,715.725,0,0,0.0,870.15,1
12518.0,18,1,288.83,17,18,288.83,0,0,0.0,1248.92,1
12519.0,384,1,349.7,21,384,349.7,0,0,0.5,276.84,1
12520.0,50,4,1829.85,103,181,457.4625,0,0,0.2,516.41,1
12521.0,50,1,545.68,37,50,545.68,0,0,0.0,0.0,0
12523.0,15,19,3238.33,143,640,170.43842105263158,0,1,0.20833333333333334,772.02,1
12524.0,70,15,8592.869999999999,137,577,572.858,0,0,0.0625,1201.24,1
12525.0,406,3,883.73,55,555,294.57666666666665,0,0,0.625,0.0,0
12526.0,2,1,484.3,28,2,484.3,0,0,0.0,447.28000000000003,1
12527.0,202,4,653.72,23,437,163.43,0,0,0.0,63.790000000000006,1
12528.0,22,4,1089.3700000000001,45,220,272.34250000000003,0,0,0.3333333333333333,556.11,1
12529.0,436,1,316.48,21,436,316.48,0,0,0.5,0.0,0
12530.0,31,8,2976.63,84,550,372.07875,0,0,0.2,404.63,1
12531.0,594,1,1645.98,109,594,1645.98,0,0,0.5,125.22,1
12533.0,535,2,1223.89,62,646,611.945,0,1,0.6666666666666666,0.0,0
12534.0,38,1,981.18,62,38,981.18,0,0,0.0,0.0,0
12535.0,94,1,371.45,18,94,371.45,0,0,0.0,344.9,1
12537.0,316,1,612.94,42,316,612.94,0,1,0.0,0.0,0
12538.0,286,1,276.5,13,286,276.5,0,1,0.0,363.95,1
12539.0,170,6,10136.09,246,624,1689.3483333333334,0,1,0.0,1050.66,1
12540.0,0,26,15545.11,300,640,597.8888461538462,0,1,0.037037037037037035,3705.38,1
12541.0,81,2,480.14,26,188,240.07,0,0,0.0,361.03999999999996,1
12542.0,392,2,481.88,39,548,240.94,0,0,0.5,0.0,0
12543.0,356,1,840.25,42,356,840.25,0,0,0.0,0.0,0
12545.0,167,1,544.15,33,167,544.15,0,0,0.0,288.24,1
12547.0,105,3,299.58,12,408,99.86,0,0,0.0,0.0,0
12548.0,74,1,67.19999999999999,4,74,67.19999999999999,0,0,0.0,0.0,0
12549.0,483,5,1570.68,37,605,314.136,0,0,0.0,0.0,0
12551.0,265,1,168.0,10,265,168.0,0,1,0.0,0.0,0
12553.0,18,9,2940.06,95,331,326.67333333333335,0,1,0.3076923076923077,1164.69,1
12554.0,356,1,384.5,25,356,384.5,0,0,0.0,0.0,0
12555.0,590,1,129.23,1,590,129.23,0,0,0.0,0.0,0
12556.0,59,1,308.75,60,59,308.75,0,0,0.0,290.81,1
12557.0,66,7,15106.14,15,630,2158.02,0,1,0.0,2990.0,1
12559.0,218,2,525.71,20,227,262.855,0,0,0.3333333333333333,0.0,0
12560.0,51,1,1292.31,76,51,1292.31,0,0,0.5,625.7,1
12561.0,210,1,238.85,16,210,238.85,0,0,0.0,0.0,0
12562.0,34,5,2484.41,67,343,496.88199999999995,0,0,0.0,1942.51,1
12563.0,316,1,221.24,12,316,221.24,0,1,0.0,0.0,0
12564.0,169,1,402.9,20,169,402.9,0,0,0.0,0.0,0
12565.0,196,1,145.92,9,196,145.92,0,0,0.5,0.0,0
12567.0,4,14,9298.18,314,574,664.1557142857143,0,0,0.125,1443.3,1
12568.0,552,1,52.0,4,552,52.0,0,0,0.0,0.0,0
12569.0,0,15,1645.68,47,160,109.712,0,0,0.0625,1507.01,1
12570.0,590,1,77.52,1,590,77.52,0,0,0.0,0.0,0
12571.0,29,1,248.35,14,29,248.35,0,0,0.0,271.26,1
12573.0,135,5,717.41,107,373,143.482,0,0,0.0,0.0,0
12574.0,223,1,182.45000000000002,10,223,182.45000000000002,0,0,0.0,0.0,0
12575.0,365,2,568.8199999999999,33,434,284.40999999999997,0,0,0.0,0.0,0
12576.0,3,7,1683.44,96,434,240.49142857142857,0,0,0.3,379.28,1
12577.0,267,6,1186.3899999999999,195,644,197.73166666666665,0,1,0.0,426.76,1
12578.0,238,3,3036.6,108,351,1012.1999999999999,0,0,0.5,989.85,1
12580.0,154,2,962.9,51,484,481.45,0,0,0.0,0.0,0
12582.0,146,4,1820.4,87,485,455.1,0,0,0.0,0.0,0
12583.0,14,21,9696.41,116,641,461.7338095238095,0,1,0.045454545454545456,2797.17,1
12584.0,35,4,698.59,26,188,174.6475,0,0,0.5,1555.56,1
12585.0,142,2,1824.1,76,259,912.05,0,1,0.5,0.0,0
12586.0,282,3,1865.73,76,631,621.91,0,1,0.25,196.94000000000003,1
12588.0,307,2,543.88,26,505,271.94,0,0,0.3333333333333333,174.89999999999998,1
12589.0,52,5,2833.73,105,597,566.746,0,0,0.2857142857142857,461.18,1
12590.0,119,1,9341.26,67,119,9341.26,0,0,0.75,0.0,0
12591.0,225,3,1114.95,62,316,371.65000000000003,0,1,0.0,0.0,0
12592.0,0,4,1723.6399999999999,40,427,430.90999999999997,0,0,0.0,0.0,0
12593.0,16,3,382.09999999999997,13,126,127.36666666666666,0,0,0.0,0.0,0
12594.0,29,12,4081.79,77,554,340.14916666666664,0,0,0.07692307692307693,808.32,1
12595.0,412,1,281.02,18,412,281.02,0,0,0.0,0.0,0
12596.0,150,1,213.95,14,150,213.95,0,0,0.0,236.32,1
12597.0,91,2,1120.81,71,176,560.405,0,0,0.0,2074.41,1
12598.0,69,6,2807.39,101,556,467.8983333333333,0,0,0.4,1384.7,1
12599.0,34,12,1869.18,41,485,155.76500000000001,0,0,0.0,157.54,1
12600.0,20,19,3799.94,47,640,199.99684210526317,0,1,0.13636363636363635,590.48,1
12601.0,97,6,573.26,23,312,95.54333333333334,0,1,0.14285714285714285,0.0,0
12604.0,169,1,160.5,9,169,160.5,0,0,0.0,75.68,1
12605.0,284,3,1124.95,62,366,374.98333333333335,0,0,0.25,0.0,0
12606.0,590,1,21.0,1,590,21.0,0,0,0.0,0.0,0
12608.0,312,1,415.79,16,312,415.79,1,1,0.0,0.0,0
12609.0,94,8,2731.7400000000002,116,627,341.46750000000003,0,1,0.0,290.12,1
12610.0,14,2,1104.25,67,34,552.125,0,0,0.3333333333333333,643.29,1
12613.0,105,8,4521.51,172,633,565.18875,0,1,0.2,1755.86,1
12614.0,185,1,315.6,20,185,315.6,0,0,0.0,0.0,0
12615.0,76,5,3850.5299999999997,166,539,770.106,0,0,0.375,1512.45,1
12616.0,3,3,1023.1,31,296,341.03333333333336,0,1,0.5,0.0,0
12619.0,24,5,1675.92,31,468,335.184,0,0,0.0,1409.78,1
12620.0,112,1,561.66,33,112,561.66,0,0,0.0,741.75,1
12621.0,8,30,18908.57,296,576,630.2856666666667,0,0,0.21052631578947367,2090.43,1
12622.0,140,1,162.1,10,140,162.1,0,0,0.0,0.0,0
12623.0,184,7,3315.84,111,604,473.6914285714286,0,0,0.0,0.0,0
12624.0,14,2,569.13,35,85,284.565,0,0,0.0,0.0,0
12625.0,119,4,4678.88,143,504,1169.72,0,0,0.2,0.0,0
12626.0,20,6,4288.0,169,234,714.6666666666666,0,0,0.4,1666.48,1
12627.0,4,4,2493.83,111,48,623.4575,0,0,0.0,1588.7,1
12629.0,293,2,1198.22,39,331,599.11,0,1,0.0,0.0,0
12631.0,364,5,2841.07,105,601,568.214,0,0,0.16666666666666666,480.5,1
12632.0,428,2,714.88,31,472,357.44,0,0,0.5,0.0,0
12633.0,37,6,4958.93,212,433,826.4883333333333,0,0,0.3333333333333333,197.23000000000002,1
12634.0,456,1,360.0,19,456,360.0,0,0,0.0,0.0,0
12635.0,62,3,1744.8700000000001,105,364,581.6233333333333,0,0,0.0,879.54,1
12637.0,1,10,6473.11,272,451,647.3109999999999,0,0,0.09090909090909091,1612.7,1
12638.0,547,1,169.8,8,547,169.8,0,0,0.0,511.69,1
12639.0,146,3,1072.37,57,535,357.45666666666665,0,0,0.0,0.0,0
12641.0,23,1,145.9,9,23,145.9,0,0,0.0,0.0,0
12642.0,15,1,330.45,23,15,330.45,0,0,0.0,574.81,1
12643.0,36,11,7803.82,13,519,709.4381818181818,0,0,0.15384615384615385,0.0,0
12644.0,37,4,1900.49,105,602,475.1225,0,0,0.3333333333333333,0.0,0
12645.0,17,7,2804.98,105,576,400.7114285714286,0,0,0.2222222222222222,410.32,1
12647.0,34,32,13435.44,228,603,419.8575,0,0,0.2,674.11,1
12648.0,62,4,1039.0,37,609,259.75,0,0,0.2,0.0,0
12649.0,15,8,2096.65,93,604,262.08125,0,0,0.2,0.0,0
12651.0,242,4,377.75,30,373,94.4375,0,0,0.2,0.0,0
12652.0,239,2,891.03,50,342,445.515,0,1,0.3333333333333333,0.0,0
12653.0,56,3,4160.83,76,434,1386.9433333333334,0,0,0.0,0.0,0
12654.0,105,3,301.75,18,203,100.58333333333333,0,0,0.0,228.23000000000002,1
12655.0,331,1,243.35000000000002,15,331,243.35000000000002,0,1,0.0,0.0,0
12656.0,24,6,4619.33,139,470,769.8883333333333,0,0,0.3333333333333333,1104.5,1
12661.0,344,1,162.0,11,344,162.0,0,0,0.0,0.0,0
12662.0,15,16,5024.42,134,525,314.02625,0,0,0.1111111111111111,899.1700000000001,1
12663.0,532,2,185.4,8,576,92.7,0,0,0.3333333333333333,0.0,0
12664.0,51,5,2785.64,9,634,557.1279999999999,0,1,0.0,2634.4,1
12665.0,232,3,259.6,12,577,86.53333333333335,0,0,0.4,0.0,0
12666.0,302,1,1248.42,31,302,1248.42,0,1,0.5,0.0,0
12668.0,167,8,9167.35,257,585,1145.91875,0,0,0.1111111111111111,738.68,1
12669.0,58,2,1427.73,96,164,713.865,0,0,0.0,0.0,0
12670.0,6,5,2182.71,53,574,436.54200000000003,0,0,0.0,1253.58,1
12671.0,514,1,2622.48,44,514,2622.48,0,0,0.0,0.0,0
12672.0,237,2,407.05,21,503,203.525,0,0,0.3333333333333333,0.0,0
12673.0,234,2,786.4,51,309,393.2,0,1,0.0,353.62,1
12674.0,78,2,904.8,29,115,452.4,0,0,0.3333333333333333,939.8000000000001,1
12675.0,461,2,873.25,110,486,436.625,0,0,0.5,0.0,0
12676.0,31,8,2079.75,57,391,259.96875,0,0,0.0,253.34,1
12677.0,463,2,359.1,12,574,179.55,0,0,0.3333333333333333,0.0,0
12678.0,8,12,23737.98,184,609,1978.165,0,0,0.14285714285714285,8857.2,1
12679.0,113,2,798.38,42,191,399.19,0,0,0.3333333333333333,152.64000000000001,1
12680.0,21,1,275.78,19,21,275.78,0,0,0.0,265.58,1
12681.0,59,37,23519.8,423,634,635.6702702702703,0,1,0.17777777777777778,3416.96,1
12682.0,8,40,17090.32,280,646,427.258,0,1,0.024390243902439025,3645.9,1
12683.0,0,18,8789.32,223,634,488.29555555555555,0,1,0.21739130434782608,1656.3799999999999,1
12684.0,78,3,1241.48,35,121,413.82666666666665,0,0,0.0,832.15,1
12685.0,0,2,1462.42,82,1,731.21,0,0,0.0,1112.66,1
12686.0,279,1,71.14,6,279,71.14,0,1,0.0,0.0,0
12687.0,388,1,1858.91,125,388,1858.91,0,0,0.0,0.0,0
12688.0,21,1,4873.8099999999995,171,21,4873.8099999999995,0,0,0.0,0.0,0
12689.0,35,1,475.03,33,35,475.03,0,0,0.0,664.5799999999999,1
12690.0,113,1,335.01,15,113,335.01,0,0,0.0,0.0,0
12691.0,53,4,600.9,19,328,150.225,0,1,0.0,443.5,1
12692.0,545,1,110.95,13,545,110.95,0,0,0.0,0.0,0
12693.0,35,7,1415.02,62,430,202.1457142857143,0,0,0.36363636363636365,0.0,0
12694.0,91,2,1287.18,61,329,643.59,0,1,0.3333333333333333,376.17,1
12695.0,15,5,1122.92,40,573,224.584,0,0,0.0,248.2,1
12696.0,342,2,731.91,42,416,365.955,0,0,0.3333333333333333,0.0,0
12697.0,39,2,573.91,26,77,286.955,0,0,0.3333333333333333,183.68,1
12698.0,498,1,285.75,15,498,285.75,0,0,0.0,0.0,0
12699.0,325,1,566.11,40,325,566.11,0,1,0.0,0.0,0
12700.0,64,2,1951.05,109,123,975.525,0,0,0.0,2574.94,1
12701.0,150,5,1823.78,91,541,364.756,0,0,0.0,424.63,1
12703.0,541,3,632.98,43,592,210.99333333333334,0,0,0.4,265.55,1
12704.0,13,3,900.92,39,77,300.3066666666667,0,0,0.0,839.92,1
12705.0,66,9,8660.33,282,441,962.2588888888889,0,0,0.4,2453.77,1
12707.0,199,1,603.42,33,199,603.42,0,0,0.0,0.0,0
12708.0,9,15,3950.52,114,629,263.368,0,1,0.4,609.14,1
12709.0,4,29,27102.03,188,638,934.5527586206896,0,1,0.3695652173913043,2469.73,1
12710.0,4,3,1023.02,74,109,341.00666666666666,0,0,0.25,0.0,0
12711.0,519,2,1213.05,55,584,606.525,0,0,0.0,0.0,0
12712.0,14,19,5555.9800000000005,122,638,292.42,0,1,0.24,429.05,1
12714.0,14,11,11586.55,401,643,1053.3227272727272,0,1,0.0,1229.16,1
12715.0,14,1,263.36,19,14,263.36,0,0,0.0,0.0,0
12716.0,41,1,623.9,44,41,623.9,0,0,0.0,339.59,1
12717.0,59,3,1058.91,59,498,352.97,0,0,0.0,0.0,0
12720.0,2,21,5065.39,229,414,241.20904761904762,0,0,0.27586206896551724,1839.89,1
12721.0,91,6,2749.86,145,379,458.31,0,0,0.25,885.22,1
12722.0,22,3,929.65,48,58,309.8833333333333,0,0,0.4,49.980000000000004,1
12724.0,81,5,1404.47,71,443,280.894,0,0,0.0,679.0500000000001,1
12725.0,279,3,1906.76,91,492,635.5866666666667,0,0,0.0,0.0,0
12726.0,92,9,2638.82,51,532,293.20222222222225,0,0,0.0,1051.78,1
12727.0,3,9,4334.53,113,562,481.6144444444444,0,0,0.1,571.0,1
12728.0,165,4,725.15,38,291,181.2875,0,1,0.0,201.01999999999998,1
12729.0,21,1,417.01,25,21,417.01,0,0,0.0,0.0,0
12730.0,429,1,703.25,46,429,703.25,0,0,0.0,0.0,0
12731.0,52,13,18060.05,113,555,1389.2346153846154,0,0,0.07142857142857142,7571.66,1
12732.0,87,1,218.26000000000002,11,87,218.26000000000002,0,0,0.0,0.0,0
12733.0,142,4,2424.02,116,597,606.005,0,0,0.3333333333333333,0.0,0
12734.0,260,3,603.65,16,300,201.21666666666667,0,1,0.0,0.0,0
12735.0,223,2,689.5699999999999,37,245,344.78499999999997,0,0,0.0,0.0,0
12736.0,240,1,144.0,3,240,144.0,0,0,0.0,0.0,0
12738.0,280,1,137.35,10,280,137.35,0,1,0.0,0.0,0
12739.0,7,2,2421.23,83,302,1210.615,0,1,0.0,0.0,0
12741.0,441,1,236.07,15,441,236.07,0,0,0.0,0.0,0
12742.0,533,1,1201.52,67,533,1201.52,0,0,0.5,0.0,0
12743.0,42,2,540.13,114,42,270.065,0,0,0.0,0.0,0
12744.0,52,7,12158.9,231,499,1736.9857142857143,0,0,0.0,999.26,1
12745.0,394,3,925.41,21,590,308.46999999999997,1,0,0.0,0.0,0
12746.0,448,1,254.55,17,448,254.55,1,0,0.6666666666666666,0.0,0
12747.0,17,23,7471.87,79,640,324.86391304347825,1,1,0.20689655172413793,1426.6100000000001,1
12748.0,1,247,31095.54,1824,643,125.89287449392712,1,1,0.06439393939393939,18090.12,1
12749.0,38,7,5561.71,219,429,794.53,1,0,0.5,1285.65,1
12750.0,36,1,275.88,15,36,275.88,0,0,0.0,0.0,0
12751.0,352,1,268.27,61,352,268.27,0,0,0.0,0.0,0
12753.0,43,5,16620.91,114,270,3324.182,0,1,0.4444444444444444,4808.48,1
12754.0,143,3,3010.74,49,216,1003.5799999999999,0,0,0.0,0.0,0
12755.0,188,11,5236.259999999999,34,601,476.0236363636363,0,0,0.47619047619047616,0.0,0
12757.0,50,3,1681.68,88,119,560.5600000000001,0,0,0.25,2495.07,1
12758.0,24,7,9903.24,187,646,1414.7485714285715,0,1,0.125,0.0,0
12759.0,79,7,4214.82,187,643,602.1171428571428,0,1,0.0,403.92,1
12760.0,363,1,317.8,20,363,317.8,0,0,0.0,0.0,0
12761.0,372,1,712.95,25,372,712.95,0,0,0.0,0.0,0
12763.0,46,2,494.08,16,277,247.04,0,1,0.0,0.0,0
12764.0,224,1,1693.88,45,224,1693.88,0,0,0.0,0.0,0
12765.0,380,6,1299.58,48,549,216.59666666666666,0,0,0.0,0.0,0
12766.0,57,7,6209.55,216,315,887.0785714285714,0,1,0.2222222222222222,1925.44,1
12767.0,283,1,949.82,43,283,949.82,0,1,0.0,0.0,0
12768.0,358,1,168.69000000000003,10,358,168.69000000000003,0,0,0.5,0.0,0
12769.0,146,1,1143.6,32,146,1143.6,0,0,0.0,0.0,0
12770.0,118,2,3246.45,19,364,1623.225,0,0,0.7142857142857143,0.0,0
12771.0,393,1,226.3,14,393,226.3,0,0,0.5,0.0,0
12773.0,472,1,124.25,6,472,124.25,0,0,0.5,0.0,0
12774.0,443,1,83.7,5,443,83.7,0,0,0.0,0.0,0
12775.0,97,6,1344.76,44,317,224.12666666666667,0,1,0.14285714285714285,206.36,1
12776.0,575,1,27.5,3,575,27.5,0,0,0.0,0.0,0
12777.0,365,1,519.45,26,365,519.45,1,0,0.0,0.0,0
12778.0,91,7,1280.51,65,510,182.93,0,0,0.0,261.17,1
12779.0,97,13,5492.16,123,644,422.4738461538461,0,1,0.3157894736842105,981.95,1
12780.0,506,1,322.4,19,506,322.4,0,0,0.0,0.0,0
12781.0,192,1,549.26,15,192,549.26,0,0,0.5,237.48,1
12782.0,57,10,3637.9900000000002,134,427,363.79900000000004,0,0,0.23076923076923078,224.25,1
12784.0,437,1,1034.33,71,437,1034.33,0,0,0.0,476.82,1
12785.0,272,3,904.4,41,639,301.46666666666664,0,1,0.25,0.0,0
12786.0,517,1,668.5,17,517,668.5,0,0,0.0,0.0,0
12787.0,100,2,523.62,27,321,261.81,0,1,0.0,275.56,1
12788.0,371,4,384.9,19,436,96.225,0,0,0.0,0.0,0
12789.0,420,2,148.5,1,601,74.25,0,0,0.0,76.85,1
12790.0,100,2,546.85,35,318,273.425,0,1,0.3333333333333333,0.0,0
12791.0,281,5,656.83,15,532,131.366,0,0,0.0,0.0,0
12792.0,164,2,715.01,38,442,357.505,0,0,0.3333333333333333,0.0,0
12793.0,242,3,745.53,33,309,248.51,0,1,0.0,0.0,0
12794.0,6,1,317.0,20,6,317.0,0,0,0.0,543.41,1
12796.0,536,1,351.0,6,536,351.0,0,0,0.0,0.0,0
12797.0,273,2,468.08000000000004,26,332,234.04000000000002,0,1,0.6666666666666666,0.0,0
12798.0,78,2,3140.93,27,329,1570.465,0,1,0.0,5370.0,1
12799.0,437,1,219.35,15,437,219.35,0,0,0.0,0.0,0
12800.0,378,2,500.25,30,584,250.125,0,0,0.0,0.0,0
12801.0,408,1,871.82,49,408,871.82,0,0,0.5,0.0,0
12802.0,94,5,2186.42,106,471,437.284,0,0,0.2857142857142857,0.0,0
12803.0,301,1,1017.81,54,301,1017.81,0,1,0.0,0.0,0
12804.0,373,2,325.37,60,408,162.685,0,0,0.0,0.0,0
12805.0,289,4,1230.95,43,582,307.7375,0,0,0.0,0.0,0
12806.0,480,2,2558.96,56,496,1279.48,0,0,0.0,0.0,0
12807.0,291,1,250.35,15,291,250.35,0,1,0.5,0.0,0
12808.0,92,4,546.4,34,370,136.6,0,0,0.0,202.3,1
12809.0,85,3,1384.3400000000001,74,555,461.4466666666667,0,0,0.625,0.0,0
12810.0,442,2,534.99,32,584,267.495,0,0,0.0,0.0,0
12811.0,169,4,893.9,46,335,223.475,0,1,0.0,0.0,0
12813.0,409,3,1621.8,36,601,540.6,0,0,0.0,0.0,0
12814.0,9,1,85.92,1,9,85.92,0,0,0.0,0.0,0
12815.0,55,2,863.46,37,106,431.73,0,0,0.0,0.0,0
12816.0,3,2,452.20000000000005,26,84,226.10000000000002,0,0,0.0,0.0,0
12817.0,189,3,570.98,15,342,190.32666666666668,0,1,0.0,0.0,0
12818.0,169,1,1182.0800000000002,13,169,1182.0800000000002,0,0,0.5,0.0,0
12819.0,366,1,540.52,19,366,540.52,1,0,0.0,0.0,0
12820.0,234,8,1917.64,91,642,239.705,1,1,0.2,771.88,1
12821.0,122,2,220.8,13,519,110.4,1,0,0.0,0.0,0
12823.0,35,17,5966.0,1,587,350.94117647058823,1,0,0.0,535.5,1
12825.0,429,2,518.63,20,549,259.315,1,0,0.0,0.0,0
12826.0,86,9,2144.65,86,629,238.29444444444445,1,1,0.25,656.1,1
12828.0,7,3,415.51,23,38,138.50333333333333,1,0,0.0,603.2,1
12829.0,244,3,385.3,17,458,128.43333333333334,1,0,0.25,0.0,0
12830.0,42,4,5204.0,13,79,1301.0,1,0,0.0,1610.64,1
12831.0,170,3,451.11,16,371,150.37,1,0,0.0,0.0,0
12832.0,6,1,267.8,18,6,267.8,1,0,0.0,115.23,1
12833.0,53,1,417.38,24,53,417.38,1,0,0.0,0.0,0
12834.0,190,1,312.38,18,190,312.38,1,0,0.0,0.0,0
12835.0,335,41,5996.83,138,644,146.2641463414634,1,1,0.16326530612244897,0.0,0
12836.0,45,14,6061.9,252,646,432.99285714285713,1,1,0.125,497.83000000000004,1
12837.0,81,2,662.66,83,477,331.33,1,0,0.0,0.0,0
12838.0,281,9,2694.75,177,500,299.4166666666667,1,0,0.18181818181818182,281.16,1
12839.0,0,21,7175.09,139,640,341.6709523809524,1,1,0.16,2494.03,1
12840.0,51,7,4041.97,109,582,577.4242857142857,1,0,0.36363636363636365,0.0,0
12841.0,14,32,5796.53,253,427,181.1415625,1,0,0.030303030303030304,1161.67,1
12842.0,216,3,1109.73,27,645,369.91,1,1,0.0,808.26,1
12843.0,67,27,6451.92,126,634,238.96,1,1,0.12903225806451613,9.95,1
12844.0,38,3,497.52,68,501,165.84,1,0,0.0,151.08,1
12845.0,175,4,354.09,26,198,88.5225,1,0,0.0,0.0,0
12846.0,590,1,15.58,1,590,15.58,1,0,0.0,0.0,0
12847.0,295,1,765.36,34,295,765.36,1,1,0.0,843.64,1
12848.0,583,1,208.0,16,583,208.0,1,0,0.0,0.0,0
12849.0,176,5,2674.54,109,499,534.908,1,0,0.0,341.44,1
12850.0,353,1,330.0,2,353,330.0,1,0,0.0,0.0,0
12851.0,4,2,280.76,71,385,140.38,1,0,0.0,0.0,0
12852.0,202,1,311.55,17,202,311.55,1,0,0.5,0.0,0
12853.0,42,11,3907.5,111,580,355.22727272727275,1,0,0.3125,0.0,0
12854.0,149,6,2465.09,166,636,410.84833333333336,1,1,0.4,505.88,1
12855.0,280,4,612.84,65,310,153.21,1,1,0.0,0.0,0
12857.0,118,6,3688.0,71,591,614.6666666666666,1,0,0.14285714285714285,0.0,0
12858.0,291,1,147.27,36,291,147.27,1,1,0.5,0.0,0
12859.0,366,1,575.1,21,366,575.1,1,0,0.0,0.0,0
12860.0,601,1,54.22,16,601,54.22,1,0,0.0,0.0,0
12861.0,527,1,68.25,4,527,68.25,1,0,0.0,0.0,0
12862.0,333,2,984.62,119,403,492.31,1,0,0.0,0.0,0
12863.0,287,5,2271.35,23,497,454.27,1,0,0.16666666666666666,521.2,1
12864.0,46,2,299.57,5,416,149.785,1,0,0.0,0.0,0
12865.0,31,3,2736.62,131,384,912.2066666666666,0,0,0.25,586.85,1
12866.0,191,3,1092.35,57,410,364.1166666666666,0,0,0.0,0.0,0
12867.0,4,12,6835.88,338,631,569.6566666666666,1,1,0.14285714285714285,993.38,1
12868.0,93,8,2043.76,86,300,255.47,1,1,0.0,0.0,0
12869.0,589,1,337.66999999999996,35,589,337.66999999999996,1,0,0.0,0.0,0
12870.0,283,3,1676.95,85,532,558.9833333333333,1,0,0.25,0.0,0
12871.0,115,2,495.38,9,347,247.69,1,0,0.0,248.64,1
12872.0,234,12,3283.96,217,644,273.66333333333336,1,1,0.07692307692307693,0.0,0
12873.0,190,3,2027.3,33,589,675.7666666666667,1,0,0.0,0.0,0
12874.0,293,2,873.42,43,462,436.71,0,0,0.3333333333333333,0.0,0
12875.0,51,5,1356.99,2,605,271.398,1,0,0.0,0.0,0
12876.0,104,3,2365.2000000000003,91,498,788.4000000000001,0,0,0.25,1386.59,1
12877.0,32,17,2465.6,93,598,145.03529411764706,1,0,0.0,476.54,1
12878.0,144,2,854.99,38,174,427.495,1,0,0.0,0.0,0
12880.0,289,2,640.13,32,482,320.065,1,0,0.0,0.0,0
12881.0,183,1,298.0,7,183,298.0,1,0,0.0,0.0,0
12885.0,31,1,645.35,39,31,645.35,1,0,0.5,529.87,1
12886.0,127,1,775.0,47,127,775.0,1,0,0.5,603.4,1
12887.0,291,1,222.4,13,291,222.4,1,1,0.0,0.0,0
12888.0,122,2,354.12,4,163,177.06,1,0,0.5,0.0,0
12889.0,289,4,385.46000000000004,25,410,96.36500000000001,1,0,0.3333333333333333,0.0,0
12890.0,295,1,329.3,56,295,329.3,1,1,0.0,376.71999999999997,1
12891.0,93,11,840.5,2,567,76.4090909090909,1,0,0.08333333333333333,0.0,0
12892.0,304,1,263.38,18,304,263.38,1,1,0.0,0.0,0
12894.0,483,1,157.35,21,483,157.35,1,0,0.0,0.0,0
12897.0,112,4,514.25,10,451,128.5625,1,0,0.0,0.0,0
12898.0,371,2,296.21000000000004,27,567,148.10500000000002,1,0,0.0,0.0,0
12899.0,321,1,366.4,17,321,366.4,1,1,0.0,0.0,0
12900.0,330,1,340.33,13,330,340.33,1,1,0.0,0.0,0
12901.0,16,19,11639.470000000001,29,178,612.6036842105264,1,0,0.20833333333333334,6015.07,1
12902.0,172,1,138.68,10,172,138.68,1,0,0.0,0.0,0
12903.0,336,1,833.53,41,336,833.53,1,1,0.0,0.0,0
12904.0,80,1,244.69,32,80,244.69,1,0,0.0,251.37,1
12905.0,484,2,1018.42,52,590,509.21,1,0,0.3333333333333333,0.0,0
12907.0,303,2,508.91,23,402,254.455,1,0,0.3333333333333333,0.0,0
12908.0,84,5,1776.0,1,538,355.2,1,0,0.16666666666666666,0.0,0
12909.0,109,6,2452.89,98,561,408.815,1,0,0.4,650.3,1
12910.0,42,9,4208.38,53,529,467.59777777777776,1,0,0.1,1588.14,1
12911.0,459,1,1651.72,220,459,1651.72,1,0,0.0,0.0,0
12913.0,190,11,4666.0,31,646,424.1818181818182,1,1,0.0,1617.24,1
12914.0,308,1,223.98,9,308,223.98,1,1,0.0,0.0,0
12915.0,56,4,975.1,46,497,243.775,1,0,0.5,0.0,0
12916.0,46,7,4479.73,82,592,639.9614285714285,1,0,0.125,0.0,0
12917.0,36,6,4359.2,45,638,726.5333333333333,1,1,0.25,0.0,0
12919.0,24,3,441.65,12,77,147.21666666666667,1,0,0.25,893.54,1
12920.0,479,3,323.86,32,633,107.95333333333333,1,1,0.0,162.78,1
12921.0,6,61,28729.62,264,646,470.9773770491803,1,1,0.3068181818181818,6503.62,1
12922.0,69,1,405.38,28,69,405.38,1,0,0.0,0.0,0
12923.0,298,2,597.6,28,483,298.8,1,0,0.0,171.57,1
12924.0,106,11,2183.02,44,638,198.45636363636365,1,1,0.15384615384615385,278.43,1
12925.0,500,1,35.28,5,500,35.28,1,0,0.0,694.05,1
12926.0,319,4,1523.59,201,633,380.8975,1,1,0.0,0.0,0
12927.0,302,1,197.31,11,302,197.31,1,1,0.0,0.0,0
12928.0,55,10,3378.33,81,457,337.83299999999997,1,0,0.0,926.5600000000001,1
12929.0,219,1,117.85,8,219,117.85,1,0,0.5,0.0,0
12930.0,79,1,221.56,14,79,221.56,1,0,0.6666666666666666,194.24,1
12931.0,9,53,82822.08,37,646,1562.6807547169813,1,1,0.14516129032258066,9525.26,1
12932.0,447,8,1698.56,69,575,212.32,1,0,0.0,0.0,0
12933.0,79,7,1386.59,178,637,198.0842857142857,1,1,0.3,250.04,1
12934.0,644,1,181.65,2,644,181.65,1,1,0.0,0.0,0
12935.0,17,12,3618.5,93,515,301.5416666666667,1,0,0.25,625.36,1
12937.0,105,7,2021.57,81,644,288.79571428571427,1,1,0.0,1076.04,1
12939.0,46,16,21673.08,24,604,1354.5675,1,0,0.0,3591.72,1
12941.0,632,1,377.49,27,632,377.49,1,1,0.0,0.0,0
12942.0,39,3,675.6,68,273,225.20000000000002,1,1,0.0,0.0,0
12943.0,466,2,496.5,22,513,248.25,1,0,0.5,0.0,0
12944.0,262,1,286.95,14,262,286.95,1,1,0.0,317.56,1
12945.0,196,2,900.11,47,564,450.055,1,0,0.0,0.0,0
12946.0,344,1,324.45,20,344,324.45,1,0,0.0,0.0,0
12947.0,51,6,1603.99,83,281,267.33166666666665,1,1,0.45454545454545453,0.0,0
12948.0,13,6,1676.44,71,645,279.4066666666667,1,1,0.14285714285714285,640.99,1
12949.0,22,21,14808.9,332,644,705.1857142857143,1,1,0.2222222222222222,717.8,1
12951.0,81,14,2901.4300000000003,104,606,207.24500000000003,1,0,0.2631578947368421,312.29,1
12953.0,430,1,498.96000000000004,31,430,498.96000000000004,1,0,0.0,329.85,1
12954.0,546,1,162.45,10,546,162.45,1,0,0.0,0.0,0
12955.0,0,6,1843.36,42,175,307.22666666666663,1,0,0.3333333333333333,2566.88,1
12956.0,214,4,521.89,42,632,130.4725,1,1,0.0,0.0,0
12957.0,94,9,6404.72,296,636,711.6355555555556,1,1,0.4,2302.25,1
12958.0,308,2,467.34,45,491,233.67,1,0,0.0,0.0,0
12959.0,392,1,150.95,8,392,150.95,1,0,0.0,0.0,0
12960.0,321,4,1322.07,49,569,330.5175,1,0,0.0,0.0,0
12961.0,287,1,211.99,37,287,211.99,1,1,0.0,0.0,0
12962.0,21,1,170.54000000000002,11,21,170.54000000000002,1,0,0.0,95.85000000000001,1
12963.0,273,5,1744.96,74,427,348.992,1,0,0.16666666666666666,1490.83,1
12964.0,345,1,132.24,26,345,132.24,1,0,0.0,0.0,0
12967.0,266,3,2938.52,47,291,979.5066666666667,1,1,0.25,0.0,0
12968.0,20,1,135.95,5,20,135.95,1,0,0.0,0.0,0
12969.0,510,1,122.45,5,510,122.45,1,0,0.0,0.0,0
12970.0,230,8,1070.87,180,643,133.85875,1,1,0.0,381.67,1
12971.0,0,94,12680.01,92,632,134.89372340425533,1,1,0.030927835051546393,3024.59,1
12972.0,321,4,1161.2,69,569,290.3,1,0,0.3333333333333333,0.0,0
12973.0,321,1,385.55,6,321,385.55,1,1,0.0,0.0,0
12974.0,105,2,408.95,27,473,204.475,1,0,0.0,0.0,0
12975.0,344,6,2100.09,92,641,350.01500000000004,1,1,0.25,0.0,0
12976.0,119,8,3156.38,106,573,394.5475,1,0,0.0,0.0,0
12977.0,64,4,513.88,54,419,128.47,1,0,0.0,0.0,0
12978.0,293,5,2502.82,126,637,500.564,1,1,0.16666666666666666,0.0,0
12979.0,637,1,517.7,56,637,517.7,0,1,0.5,0.0,0
12980.0,65,21,16245.78,7,645,773.6085714285715,1,1,0.19230769230769232,0.0,0
12981.0,41,1,187.18,11,41,187.18,1,0,0.0,185.04,1
12982.0,150,8,2744.81,139,514,343.10125,1,0,0.5294117647058824,0.0,0
12983.0,506,1,490.08000000000004,30,506,490.08000000000004,1,0,0.0,0.0,0
12986.0,336,10,2729.84,61,595,272.98400000000004,1,0,0.16666666666666666,0.0,0
12987.0,105,4,1057.81,48,596,264.4525,1,0,0.2,254.4,1
12988.0,200,1,505.82,75,200,505.82,1,0,0.0,0.0,0
12989.0,65,26,11096.78,23,637,426.7992307692308,1,1,0.13333333333333333,2454.9700000000003,1
12990.0,93,6,809.9,6,527,134.98333333333332,1,0,0.0,145.6,1
12991.0,20,2,564.62,36,297,282.31,1,1,0.0,200.2,1
12992.0,633,1,93.35000000000001,6,633,93.35000000000001,1,1,0.0,0.0,0
12993.0,28,7,1217.27,55,567,173.8957142857143,1,0,0.2222222222222222,42.36000000000001,1
12994.0,28,2,645.47,38,176,322.735,1,0,0.5,328.95,1
12996.0,283,1,355.5,22,283,355.5,1,1,0.0,0.0,0
12997.0,144,6,1492.49,52,520,248.74833333333333,1,0,0.5384615384615384,618.42,1
12998.0,400,3,920.08,58,561,306.6933333333333,1,0,0.25,0.0,0
12999.0,104,3,455.88,25,153,151.96,1,0,0.0,0.0,0
13000.0,14,4,1032.5,57,633,258.125,1,1,0.2,0.0,0
13001.0,66,31,22839.25,295,644,736.75,1,1,0.11428571428571428,1203.3999999999999,1
13002.0,226,3,414.13,19,342,138.04333333333332,1,1,0.0,0.0,0
13003.0,13,3,149.05,4,122,49.68333333333334,1,0,0.0,0.0,0
13004.0,22,30,9780.03,345,632,326.00100000000003,1,1,0.23076923076923078,1870.82,1
13005.0,81,4,999.68,41,365,249.92,1,0,0.3333333333333333,0.0,0
13007.0,487,1,175.25,11,487,175.25,1,0,0.0,0.0,0
13008.0,231,3,612.13,31,631,204.04333333333332,1,1,0.5714285714285714,0.0,0
13009.0,580,1,234.0,4,580,234.0,1,0,0.0,0.0,0
13010.0,282,2,330.12,10,556,165.06,1,0,0.0,0.0,0
13011.0,280,1,50.550000000000004,3,280,50.550000000000004,1,1,0.0,0.0,0
13012.0,56,7,2323.3,72,500,331.90000000000003,1,0,0.2222222222222222,634.53,1
13013.0,0,25,9972.58,271,633,398.90319999999997,1,1,0.07407407407407407,829.75,1
13014.0,21,6,3937.2799999999997,138,340,656.2133333333333,1,1,0.45454545454545453,1443.8,1
13015.0,105,10,5003.18,202,511,500.31800000000004,1,0,0.23076923076923078,1576.6,1
13016.0,31,1,425.25,28,31,425.25,1,0,0.0,364.64,1
13018.0,0,25,7561.17,333,556,302.4468,1,0,0.07407407407407407,2201.9900000000002,1
13019.0,287,6,1229.95,46,641,204.99166666666667,1,1,0.25,0.0,0
13020.0,470,2,618.96,38,567,309.48,1,0,0.6,0.0,0
13021.0,74,12,3423.33,116,642,285.2775,1,1,0.3684210526315789,1463.91,1
13022.0,337,1,50.3,4,337,50.3,0,1,0.0,0.0,0
13023.0,37,2,942.53,53,436,471.265,1,0,0.0,308.5,1
13024.0,378,2,555.87,26,490,277.935,1,0,0.3333333333333333,0.0,0
13025.0,639,1,323.39,13,639,323.39,1,1,0.0,0.0,0
13026.0,0,7,1361.92,33,634,194.56,1,1,0.125,170.64,1
13027.0,21,19,17239.2,7,596,907.3263157894737,1,0,0.05,0.0,0
13029.0,46,4,1453.0,11,431,363.25,1,0,0.0,474.29999999999995,1
13030.0,276,1,402.36,50,276,402.36,1,1,0.0,350.08,1
13031.0,315,5,3292.84,275,462,658.568,1,0,0.0,0.0,0
13032.0,300,7,1805.78,110,368,257.9685714285714,1,0,0.125,1010.18,1
13033.0,265,2,220.55,12,337,110.275,1,1,0.0,0.0,0
13034.0,277,2,279.91,16,309,139.955,1,1,0.0,476.90999999999997,1
13035.0,168,2,775.32,22,339,387.66,1,1,0.0,588.88,1
13036.0,592,1,307.1,6,592,307.1,1,0,0.0,0.0,0
13037.0,46,12,3914.9500000000003,181,644,326.24583333333334,1,1,0.25,0.0,0
13038.0,91,2,591.76,22,198,295.88,1,0,0.0,316.70000000000005,1
13039.0,492,4,1010.73,37,630,252.6825,1,1,0.0,0.0,0
13041.0,358,4,799.13,23,497,199.7825,1,0,0.0,0.0,0
13042.0,506,3,1488.59,164,640,496.19666666666666,1,1,0.25,0.0,0
13043.0,181,1,516.42,13,181,516.42,1,0,0.5,0.0,0
13044.0,199,11,4848.05,356,608,440.7318181818182,1,0,0.15384615384615385,0.0,0
13045.0,7,3,808.92,41,394,269.64,1,0,0.0,0.0,0
13046.0,174,2,517.66,31,364,258.83,1,0,0.0,431.59,1
13047.0,35,22,7873.0,170,631,357.8636363636364,1,1,0.42105263157894735,550.58,1
13048.0,21,8,3588.27,118,589,448.53375,1,0,0.3333333333333333,460.86,1
13049.0,226,3,905.34,12,309,301.78000000000003,1,1,0.25,502.90000000000003,1
13050.0,14,30,10550.17,489,632,351.6723333333333,1,1,0.375,1327.12,1
13051.0,486,2,155.8,4,527,77.9,1,0,0.0,0.0,0
13052.0,120,7,3118.48,160,562,445.4971428571429,1,0,0.0,0.0,0
13053.0,529,1,127.65,17,529,127.65,1,0,0.0,0.0,0
13055.0,121,2,1451.56,99,337,725.78,1,1,0.3333333333333333,869.55,1
13056.0,459,1,209.48,18,459,209.48,1,0,0.0,0.0,0
13057.0,438,3,709.59,34,539,236.53,1,0,0.25,0.0,0
13058.0,59,1,47.550000000000004,3,59,47.550000000000004,1,0,0.0,223.85,1
13059.0,157,10,2291.77,155,526,229.177,1,0,0.16666666666666666,0.0,0
13060.0,161,1,307.53,15,161,307.53,1,0,0.0,0.0,0
13062.0,99,1,346.98,11,99,346.98,1,0,0.0,0.0,0
13063.0,388,1,188.4,12,388,188.4,1,0,0.0,0.0,0
13064.0,60,4,1220.5,41,499,305.125,1,0,0.0,446.34000000000003,1
13065.0,281,5,1055.05,49,455,211.01,1,0,0.16666666666666666,0.0,0
13067.0,317,2,393.05,13,354,196.525,1,0,0.0,115.46000000000001,1
13068.0,227,1,165.0,1,227,165.0,1,0,0.0,179.0,1
13069.0,7,34,8723.03,550,451,256.55970588235294,1,0,0.08108108108108109,281.18,1
13070.0,100,4,751.7,12,640,187.925,1,1,0.2,0.0,0
13071.0,520,1,129.22,12,520,129.22,1,0,0.0,0.0,0
13072.0,174,1,177.15,7,174,177.15,1,0,0.0,0.0,0
13073.0,319,2,418.08,25,345,209.04,1,0,0.0,0.0,0
13074.0,419,4,1378.74,26,631,344.685,1,1,0.2,0.0,0
13075.0,37,1,919.61,22,37,919.61,1,0,0.0,0.0,0
13076.0,365,1,135.4,9,365,135.4,1,0,0.0,0.0,0
13077.0,198,10,2588.82,176,636,258.882,1,1,0.23076923076923078,0.0,0
13078.0,14,46,23307.27,141,646,506.6797826086957,1,1,0.4177215189873418,5710.79,1
13079.0,48,2,222.88,11,325,111.44,1,1,0.0,196.3,1
13080.0,87,4,280.73,17,517,70.1825,1,0,0.2,0.0,0
13081.0,51,25,47371.11,676,639,1894.8444,1,1,0.3055555555555556,9467.26,1
13082.0,34,21,7335.75,99,625,349.32142857142856,1,1,0.16,0.0,0
13083.0,333,1,91.67999999999999,4,333,91.67999999999999,1,1,0.0,303.75,1
13084.0,399,1,122.39999999999999,2,399,122.39999999999999,1,0,0.5,0.0,0
13085.0,65,8,2433.28,50,646,304.16,1,1,0.1111111111111111,0.0,0
13086.0,290,1,439.33000000000004,47,290,439.33000000000004,1,1,0.0,0.0,0
13087.0,634,1,313.64,15,634,313.64,1,1,0.0,0.0,0
13088.0,325,1,236.11,19,325,236.11,1,1,0.0,0.0,0
13089.0,7,177,97915.57,776,645,553.1953107344633,1,1,0.1917808219178082,15501.34,1
13090.0,44,18,9077.94,129,402,504.33000000000004,1,0,0.21739130434782608,3998.8,1
13091.0,637,1,762.98,23,637,762.98,1,1,0.6666666666666666,345.82,1
13092.0,119,11,2102.2,48,575,191.1090909090909,1,0,0.21428571428571427,38.08,1
13093.0,183,55,54144.25,199,643,984.4409090909091,1,1,0.367816091954023,0.0,0
13094.0,37,11,1827.8400000000001,5,297,166.16727272727275,1,1,0.26666666666666666,381.6,1
13096.0,302,1,419.70000000000005,1,302,419.70000000000005,1,1,0.0,0.0,0
13097.0,30,25,11648.65,365,646,465.94599999999997,1,1,0.2857142857142857,1366.71,1
13098.0,2,18,15169.46,110,225,842.7477777777777,1,0,0.3333333333333333,12031.44,1
13099.0,7,1,207.35999999999999,1,7,207.35999999999999,1,0,0.0,0.0,0
13101.0,142,4,695.4,48,589,173.85,1,0,0.0,0.0,0
13102.0,41,32,9917.71,185,490,309.9284375,1,0,0.13513513513513514,1268.32,1
13103.0,345,2,465.70000000000005,21,485,232.85000000000002,1,0,0.0,243.94,1
13104.0,41,6,987.06,5,561,164.51,1,0,0.0,722.04,1
13105.0,344,1,72.0,1,344,72.0,1,0,0.0,0.0,0
13106.0,41,2,603.46,15,321,301.73,1,1,0.3333333333333333,0.0,0
13107.0,83,7,4656.67,127,581,665.2385714285714,1,0,0.46153846153846156,596.4,1
13108.0,280,2,748.46,27,343,374.23,1,0,0.0,0.0,0
13109.0,65,2,717.34,42,459,358.67,1,0,0.5,416.69,1
13110.0,45,10,2511.04,141,646,251.10399999999998,1,1,0.16666666666666666,446.43,1
13111.0,626,1,321.88000000000005,12,626,321.88000000000005,1,1,0.0,0.0,0
13112.0,449,1,20.6,2,449,20.6,1,0,0.6666666666666666,0.0,0
13113.0,21,33,16771.170000000002,165,529,508.21727272727276,1,0,0.37735849056603776,1119.7,1
13114.0,638,1,234.38,16,638,234.38,1,1,0.0,0.0,0
13115.0,92,7,4078.4700000000003,161,507,582.6385714285715,1,0,0.5882352941176471,1416.23,1
13116.0,46,1,501.14,30,46,501.14,1,0,0.5,0.0,0
13117.0,29,17,2112.52,114,531,124.26588235294118,1,0,0.05555555555555555,143.14,1
13118.0,116,7,2017.3,85,347,288.18571428571425,1,0,0.2222222222222222,398.11,1
13119.0,576,1,134.9,11,576,134.9,1,0,0.0,0.0,0
13120.0,146,1,30.599999999999998,1,146,30.599999999999998,1,0,0.0,0.0,0
13121.0,177,1,283.73,50,177,283.73,1,0,0.5,0.0,0
13122.0,2,2,922.39,54,148,461.195,1,0,0.0,0.0,0
13123.0,380,2,506.75,36,437,253.375,1,0,0.0,0.0,0
13124.0,160,3,3401.8,163,293,1133.9333333333334,1,1,0.0,1239.86,1
13125.0,431,1,148.62,20,431,148.62,1,0,0.0,0.0,0
13126.0,161,10,2752.59,123,555,275.259,1,0,0.3333333333333333,1022.22,1
13128.0,539,1,263.5,1,539,263.5,1,0,0.0,0.0,0
13129.0,360,2,233.25,10,437,116.625,1,0,0.0,0.0,0
13130.0,2,1,64.0,2,2,64.0,1,0,0.0,0.0,0
13131.0,95,5,2565.37,98,576,513.074,1,0,0.0,748.4,1
13132.0,169,1,77.3,3,169,77.3,1,0,0.0,0.0,0
13133.0,181,3,200.45000000000002,12,367,66.81666666666668,1,0,0.0,0.0,0
13134.0,91,5,1567.39,61,324,313.478,1,1,0.2857142857142857,907.84,1
13135.0,104,2,3371.45,18,399,1685.725,1,0,0.0,0.0,0
13136.0,50,11,4893.63,179,639,444.87545454545455,1,1,0.42105263157894735,1380.93,1
13137.0,0,13,5871.97,547,410,451.69,1,0,0.0,1714.97,1
13138.0,41,4,801.07,33,304,200.2675,1,1,0.2,472.94,1
13139.0,17,4,4848.98,128,345,1212.245,1,0,0.0,3354.0,1
13140.0,16,5,1054.92,89,399,210.984,1,0,0.0,0.0,0
13141.0,122,16,6668.36,259,638,416.7725,1,1,0.2,987.72,1
13143.0,492,1,405.1,23,492,405.1,1,0,0.5,0.0,0
13144.0,240,2,135.35,6,339,67.675,1,1,0.0,0.0,0
13145.0,35,5,923.8,2,507,184.76,1,0,0.0,204.72000000000003,1
13147.0,7,1,118.80000000000001,1,7,118.80000000000001,1,0,0.0,594.0,1
13148.0,41,24,7571.07,399,640,315.46125,1,1,0.29411764705882354,917.25,1
13149.0,14,3,1132.62,58,197,377.53999999999996,1,0,0.0,543.4399999999999,1
13150.0,392,3,449.96999999999997,7,538,149.98999999999998,1,0,0.25,0.0,0
13151.0,203,3,2454.71,130,535,818.2366666666667,1,0,0.4,0.0,0
13152.0,325,7,2146.38,114,602,306.6257142857143,1,0,0.2222222222222222,0.0,0
13154.0,307,3,1624.84,78,643,541.6133333333333,1,1,0.25,0.0,0
13155.0,234,4,967.92,68,399,241.98,1,0,0.0,402.56,1
13156.0,293,3,1586.54,94,584,528.8466666666667,1,0,0.0,0.0,0
13157.0,49,8,4819.34,137,549,602.4175,1,0,0.1111111111111111,868.02,1
13158.0,2,5,1508.18,70,296,301.636,1,1,0.0,0.0,0
13159.0,14,2,843.09,75,23,421.545,1,0,0.3333333333333333,586.26,1
13161.0,221,2,472.13,30,408,236.065,1,0,0.0,0.0,0
13162.0,30,16,9275.49,186,643,579.718125,1,1,0.15789473684210525,0.0,0
13163.0,518,1,17.65,2,518,17.65,1,0,0.5,0.0,0
13164.0,477,2,372.2,7,575,186.1,1,0,0.3333333333333333,0.0,0
13165.0,259,2,784.32,20,321,392.16,1,1,0.0,666.84,1
13166.0,191,2,875.93,55,322,437.965,1,1,0.3333333333333333,0.0,0
13167.0,38,3,751.37,46,298,250.45666666666668,1,1,0.0,361.78000000000003,1
13168.0,107,4,1494.2,119,450,373.55,1,0,0.2,346.53000000000003,1
13169.0,160,2,632.4000000000001,11,470,316.20000000000005,1,0,0.0,207.68,1
13171.0,207,1,140.35,23,207,140.35,1,0,0.0,328.06,1
13172.0,308,1,69.6,1,308,69.6,1,1,0.0,0.0,0
13173.0,275,10,2202.11,146,637,220.211,1,1,0.16666666666666666,187.71,1
13174.0,224,10,7263.7,562,643,726.37,1,1,0.0,708.76,1
13175.0,490,2,831.45,40,643,415.725,1,1,0.5,0.0,0
13177.0,338,1,229.75,13,338,229.75,1,1,0.0,282.45,1
13178.0,41,18,12725.45,183,631,706.9694444444444,1,1,0.18181818181818182,1333.74,1
13179.0,526,1,572.3100000000001,34,526,572.3100000000001,1,0,0.0,0.0,0
13180.0,515,1,86.10000000000001,4,515,86.10000000000001,1,0,0.0,0.0,0
13181.0,289,1,359.69,19,289,359.69,1,1,0.0,0.0,0
13183.0,9,12,5473.38,64,543,456.115,1,0,0.2,1562.8000000000002,1
13184.0,38,9,1471.1,121,198,163.45555555555555,1,0,0.18181818181818182,196.85,1
13185.0,175,1,71.4,1,175,71.4,1,0,0.0,0.0,0
13186.0,1,2,1301.94,57,36,650.97,1,0,0.5,273.95,1
13187.0,245,4,328.36,50,532,82.09,1,0,0.2,0.0,0
13189.0,23,1,127.0,18,23,127.0,1,0,0.0,133.68,1
13190.0,452,3,570.66,16,640,190.22,1,1,0.25,0.0,0
13191.0,566,1,159.21,57,566,159.21,1,0,0.0,0.0,0
13192.0,3,6,2558.58,135,594,426.43,1,0,0.25,0.0,0
13194.0,43,2,472.78,10,329,236.39,1,1,0.0,0.0,0
13195.0,322,1,136.73,43,322,136.73,1,1,0.0,0.0,0
13196.0,170,4,1783.19,89,525,445.7975,1,0,0.2,1285.65,1
13197.0,517,1,373.01000000000005,19,517,373.01000000000005,1,0,0.0,0.0,0
13198.0,28,7,4582.17,248,342,654.5957142857143,1,1,0.3,392.06,1
13199.0,0,50,10872.25,41,642,217.445,1,1,0.038461538461538464,5076.96,1
13200.0,34,1,319.32,14,34,319.32,1,0,0.0,550.77,1
13201.0,410,4,1233.06,65,550,308.265,1,0,0.0,0.0,0
13202.0,302,7,1580.3,55,638,225.75714285714284,1,1,0.125,0.0,0
13203.0,28,8,2088.65,125,630,261.08125,1,1,0.1111111111111111,559.6,1
13204.0,639,1,966.6600000000001,57,639,966.6600000000001,1,1,0.0,0.0,0
13205.0,351,1,2803.2,1,351,2803.2,1,0,0.0,0.0,0
13206.0,308,13,8308.19,393,640,639.0915384615384,1,1,0.0,0.0,0
13207.0,58,3,483.12000000000006,8,520,161.04000000000002,1,0,0.0,52.739999999999995,1
13208.0,63,7,1587.47,172,644,226.78142857142856,1,1,0.0,364.35,1
13209.0,36,10,6773.98,230,592,677.3979999999999,1,0,0.23076923076923078,1735.53,1
13210.0,1,1,353.48,22,1,353.48,1,0,0.0,0.0,0
13211.0,3,9,2307.9900000000002,96,641,256.4433333333334,1,1,0.18181818181818182,310.78,1
13213.0,36,10,3294.82,147,476,329.482,1,0,0.23076923076923078,556.7,1
13214.0,325,7,3264.23,207,554,466.31857142857143,1,0,0.0,0.0,0
13215.0,310,1,81.6,1,310,81.6,1,1,0.0,0.0,0
13216.0,175,1,333.74,5,175,333.74,1,0,0.0,0.0,0
13217.0,30,4,666.48,3,563,166.62,1,0,0.3333333333333333,0.0,0
13218.0,35,1,62.63999999999999,5,35,62.63999999999999,1,0,0.0,0.0,0
13219.0,526,1,76.23,11,526,76.23,1,0,0.0,0.0,0
13220.0,93,4,1243.29,43,483,310.8225,1,0,0.0,92.8,1
13221.0,148,2,844.86,61,267,422.43,1,1,0.0,0.0,0
13222.0,485,1,88.5,1,485,88.5,1,0,0.0,0.0,0
13223.0,108,6,969.1200000000001,8,573,161.52,1,0,0.0,0.0,0
13224.0,59,1,1212.26,42,59,1212.26,1,0,0.0,940.69,1
13225.0,51,14,14095.79,54,630,1006.8421428571429,1,1,0.06666666666666667,2164.28,1
13226.0,181,2,312.46,28,301,156.23,1,1,0.0,0.0,0
13227.0,109,1,257.7,9,109,257.7,1,0,0.0,0.0,0
13229.0,133,1,160.95,10,133,160.95,1,0,0.0,0.0,0
13230.0,46,28,5549.11,581,539,198.18249999999998,1,0,0.034482758620689655,560.4,1
13232.0,6,5,1018.45,128,151,203.69,1,0,0.0,309.3,1
13233.0,244,3,875.58,49,602,291.86,1,0,0.0,300.88,1
13234.0,580,2,346.5,56,640,173.25,1,1,0.0,0.0,0
13235.0,120,1,1031.07,53,120,1031.07,1,0,0.0,0.0,0
13236.0,14,1,439.23,21,14,439.23,1,0,0.0,305.62,1
13237.0,295,1,643.0,24,295,643.0,1,1,0.0,0.0,0
13238.0,71,4,624.75,19,498,156.1875,1,0,0.0,381.88,1
13239.0,169,5,1594.69,86,410,318.938,1,0,0.16666666666666666,0.0,0
13240.0,4,8,1455.39,159,560,181.92375,1,0,0.1111111111111111,0.0,0
13241.0,319,1,112.53,40,319,112.53,1,1,0.0,0.0,0
13242.0,20,7,699.4,19,576,99.91428571428571,1,0,0.0,0.0,0
13243.0,111,5,1220.38,165,539,244.07600000000002,1,0,0.0,0.0,0
13244.0,0,1,121.74000000000001,27,0,121.74000000000001,1,0,0.0,0.0,0
13245.0,340,1,558.72,29,340,558.72,1,1,0.0,430.5,1
13246.0,84,10,3228.74,214,433,322.87399999999997,1,0,0.16666666666666666,123.01,1
13248.0,32,2,465.68,25,97,232.84,1,0,0.0,0.0,0
13249.0,0,9,1608.93,21,592,178.77,1,0,0.0,0.0,0
13250.0,368,2,253.09,17,410,126.545,1,0,0.3333333333333333,0.0,0
13251.0,310,1,252.68,25,310,252.68,1,1,0.0,0.0,0
13252.0,302,2,399.3,19,533,199.65,1,0,0.3333333333333333,0.0,0
13253.0,64,4,2951.11,73,611,737.7775,1,0,0.0,0.0,0
13254.0,284,1,51.410000000000004,4,284,51.410000000000004,1,1,0.0,0.0,0
13255.0,281,2,504.95,19,420,252.475,1,0,0.0,173.81,1
13257.0,344,1,149.75,7,344,149.75,1,0,0.6666666666666666,0.0,0
13258.0,113,3,535.4699999999999,14,308,178.48999999999998,1,1,0.0,473.96,1
13259.0,305,8,1115.61,180,606,139.45125,1,0,0.0,283.18,1
13261.0,176,2,944.1,8,193,472.05,1,0,0.0,0.0,0
13262.0,171,3,573.45,48,508,191.15,1,0,0.0,0.0,0
13263.0,16,27,6083.84,433,321,225.3274074074074,1,1,0.0,2359.79,1
13264.0,350,1,722.5600000000001,38,350,722.5600000000001,1,0,0.0,0.0,0
13265.0,91,3,1450.66,44,181,483.55333333333334,1,0,0.0,642.0,1
13266.0,20,15,4836.36,129,630,322.424,1,1,0.375,1298.68,1
13267.0,0,32,8027.66,134,640,250.864375,1,1,0.2727272727272727,1402.15,1
13268.0,77,6,2117.81,206,175,352.9683333333333,1,0,0.3333333333333333,1034.9,1
13269.0,17,21,6172.54,195,645,293.9304761904762,1,1,0.045454545454545456,2031.1,1
13270.0,274,1,590.0,1,274,590.0,1,1,0.0,0.0,0
13273.0,21,1,138.98,16,21,138.98,1,0,0.0,0.0,0
13274.0,317,1,360.85,19,317,360.85,1,1,0.0,0.0,0
13275.0,291,2,238.86,48,540,119.43,1,0,0.0,0.0,0
13276.0,7,4,1438.36,191,550,359.59,1,0,0.3333333333333333,453.55,1
13277.0,24,5,390.8,9,447,78.16,1,0,0.0,132.5,1
13278.0,307,3,882.62,47,518,294.20666666666665,1,0,0.0,542.73,1
13280.0,30,7,2293.33,159,552,327.61857142857144,1,0,0.125,0.0,0
13281.0,347,1,350.85,22,347,350.85,1,0,0.6666666666666666,0.0,0
13282.0,70,3,954.1500000000001,28,314,318.05,1,1,0.25,359.04,1
13283.0,93,3,305.2,14,548,101.73333333333333,1,0,0.0,68.16,1
13284.0,238,1,201.19,13,238,201.19,1,0,0.5,0.0,0
13285.0,69,5,2625.57,147,532,525.114,1,0,0.0,739.02,1
13286.0,508,1,734.91,46,508,734.91,1,0,0.0,0.0,0
13287.0,511,3,781.59,46,612,260.53000000000003,1,0,0.5714285714285714,0.0,0
13288.0,351,5,927.61,7,574,185.522,1,0,0.16666666666666666,0.0,0
13289.0,631,1,307.95,16,631,307.95,1,1,0.0,0.0,0
13291.0,63,11,3270.79,155,574,297.3445454545454,1,0,0.0,0.0,0
13292.0,192,4,665.14,41,434,166.285,1,0,0.2,329.37,1
13293.0,300,6,1192.94,51,576,198.82333333333335,1,0,0.14285714285714285,0.0,0
13294.0,97,3,1689.53,93,554,563.1766666666666,1,0,0.0,0.0,0
13295.0,267,4,1101.97,56,484,275.4925,1,0,0.5555555555555556,0.0,0
13296.0,45,6,792.51,50,485,132.085,1,0,0.0,0.0,0
13297.0,293,3,2278.77,58,450,759.59,1,0,0.25,2089.85,1
13299.0,176,3,1218.7,56,436,406.23333333333335,1,0,0.4,0.0,0
13300.0,77,3,1285.51,44,482,428.50333333333333,1,0,0.4,0.0,0
13301.0,11,4,600.19,74,200,150.0475,1,0,0.0,0.0,0
13302.0,63,2,159.2,3,434,79.6,1,0,0.0,0.0,0
13303.0,308,1,61.72,4,308,61.72,1,1,0.0,0.0,0
13304.0,259,4,1217.99,59,577,304.4975,1,0,0.42857142857142855,0.0,0
13305.0,0,14,3086.8,140,547,220.4857142857143,1,0,0.0,529.61,1
13306.0,338,1,53.65,4,338,53.65,1,1,0.0,0.0,0
13307.0,28,3,273.34,15,500,91.11333333333333,1,0,0.0,0.0,0
13308.0,111,2,1099.81,42,504,549.905,1,0,0.3333333333333333,570.5600000000001,1
13309.0,114,3,796.22,59,300,265.4066666666667,1,1,0.0,910.15,1
13310.0,114,4,1226.82,65,310,306.705,1,1,0.3333333333333333,314.38,1
13311.0,58,1,490.11,24,58,490.11,1,0,0.0,108.46000000000001,1
13312.0,359,1,124.75,5,359,124.75,1,0,0.0,0.0,0
13313.0,49,10,2808.34,93,645,280.834,1,1,0.23076923076923078,636.98,1
13315.0,597,1,310.26,22,597,310.26,1,0,0.0,0.0,0
13316.0,39,8,10743.07,93,547,1342.88375,1,0,0.1111111111111111,2197.75,1
13317.0,106,18,5526.39,180,634,307.0216666666667,1,1,0.3793103448275862,959.7,1
13319.0,21,50,17374.74,298,641,347.49480000000005,1,1,0.2537313432835821,3948.48,1
13320.0,14,5,1660.55,81,386,332.11,1,0,0.2857142857142857,551.05,1
13324.0,111,15,7190.51,30,471,479.36733333333336,1,0,0.21052631578947367,3322.96,1
13326.0,340,1,281.76,13,340,281.76,1,1,0.0,0.0,0
13327.0,20,19,8245.460000000001,163,629,433.97157894736847,1,1,0.09523809523809523,889.02,1
13328.0,224,1,1308.48,17,224,1308.48,1,0,0.0,0.0,0
13329.0,274,7,4323.97,60,643,617.71,1,1,0.46153846153846156,484.79999999999995,1
13330.0,0,6,2796.1,80,562,466.01666666666665,1,0,0.0,0.0,0
13331.0,309,1,262.4,12,309,262.4,1,1,0.0,0.0,0
13333.0,319,3,1015.74,54,566,338.58,1,0,0.0,0.0,0
13334.0,98,4,5408.07,280,560,1352.0175,1,0,0.2,793.73,1
13337.0,454,1,1575.26,87,454,1575.26,1,0,0.5,0.0,0
13338.0,65,4,2345.62,112,611,586.405,1,0,0.5555555555555556,0.0,0
13339.0,108,1,860.12,54,108,860.12,1,0,0.0,0.0,0
13340.0,13,10,20593.62,173,563,2059.362,1,0,0.0,1506.94,1
13341.0,168,1,775.85,42,168,775.85,1,0,0.0,0.0,0
13343.0,85,1,303.43,18,85,303.43,1,0,0.5,0.0,0
13344.0,185,1,1656.15,68,185,1656.15,1,0,0.0,855.54,1
13345.0,195,1,339.5,19,195,339.5,1,0,0.5,0.0,0
13346.0,370,6,299.4,4,504,49.9,1,0,0.0,0.0,0
13355.0,30,1,674.7,32,30,674.7,1,0,0.0,0.0,0
13357.0,165,5,3795.0099999999998,283,535,759.002,1,0,0.0,0.0,0
13358.0,176,1,389.03,28,176,389.03,1,0,0.0,0.0,0
13359.0,311,1,553.75,32,311,553.75,1,1,0.5,389.56,1
13360.0,339,4,1503.65,57,608,375.9125,1,0,0.3333333333333333,0.0,0
13361.0,380,2,1450.5,29,525,725.25,1,0,0.0,0.0,0
13362.0,153,5,3884.86,161,333,776.972,1,1,0.2857142857142857,1509.21,1
13363.0,317,1,731.36,42,317,731.36,1,1,0.0,892.5,1
13365.0,125,1,700.6,39,125,700.6,1,0,0.5,1524.77,1
13367.0,339,1,460.20000000000005,19,339,460.20000000000005,1,1,0.0,0.0,0
13368.0,164,4,1021.5,44,331,255.375,1,1,0.2,0.0,0
13369.0,273,1,258.28000000000003,13,273,258.28000000000003,1,1,0.5,0.0,0
13370.0,279,1,754.87,39,279,754.87,1,1,0.5,0.0,0
13371.0,413,2,2297.66,75,540,1148.83,1,0,0.5,0.0,0
13373.0,66,5,6330.52,261,641,1266.104,1,1,0.0,1256.67,1
13374.0,322,2,372.8,16,357,186.4,1,0,0.0,0.0,0
13375.0,352,1,1013.58,34,352,1013.58,1,0,0.0,778.65,1
13376.0,7,3,869.76,44,142,289.92,1,0,0.0,0.0,0
13377.0,304,2,1452.88,70,553,726.44,1,0,0.3333333333333333,0.0,0
13379.0,44,1,136.29,13,44,136.29,1,0,0.0,436.27,1
13380.0,340,1,62.4,3,340,62.4,1,1,0.0,0.0,0
13381.0,21,10,7046.39,148,646,704.639,1,1,0.16666666666666666,1177.98,1
13382.0,188,5,1387.58,74,639,277.51599999999996,1,1,0.0,0.0,0
13383.0,451,1,305.28000000000003,1,451,305.28000000000003,1,0,0.0,0.0,0
13384.0,36,6,4284.74,149,408,714.1233333333333,1,0,0.4,2396.09,1
13385.0,237,1,534.57,35,237,534.57,1,0,0.0,0.0,0
13386.0,322,2,835.46,24,345,417.73,1,0,0.0,0.0,0
13387.0,325,1,181.84,70,325,181.84,1,1,0.0,0.0,0
13388.0,39,3,1185.65,68,511,395.2166666666667,1,0,0.25,0.0,0
13389.0,140,1,257.89,18,140,257.89,1,0,0.0,540.07,1
13391.0,111,1,59.8,1,111,59.8,1,0,0.0,0.0,0
13392.0,585,1,91.14,8,585,91.14,1,0,0.0,0.0,0
13393.0,491,4,1131.45,53,640,282.8625,1,1,0.3333333333333333,0.0,0
13394.0,23,16,5645.13,221,646,352.820625,1,1,0.15789473684210525,674.47,1
13395.0,93,3,1180.23,77,329,393.41,1,1,0.0,0.0,0
13396.0,227,1,387.27000000000004,15,227,387.27000000000004,1,0,0.5,973.72,1
13397.0,18,9,2875.93,62,596,319.54777777777775,1,0,0.25,315.94,1
13398.0,100,2,670.34,37,356,335.17,1,0,0.0,0.0,0
13399.0,372,3,275.4,10,427,91.8,1,0,0.0,0.0,0
13400.0,490,1,310.83,23,490,310.83,1,0,0.5,0.0,0
13402.0,35,4,1226.8500000000001,55,472,306.71250000000003,1,0,0.0,0.0,0
13403.0,295,2,154.5,6,631,77.25,1,1,0.0,75.0,1
13404.0,120,1,217.81,9,120,217.81,1,0,0.0,0.0,0
13405.0,112,5,1198.81,32,632,239.762,1,1,0.375,0.0,0
13406.0,335,2,568.92,7,539,284.46,1,0,0.3333333333333333,0.0,0
13407.0,486,3,2244.7,85,569,748.2333333333332,1,0,0.5,0.0,0
13408.0,7,85,39894.42,270,643,469.3461176470588,1,1,0.17475728155339806,9834.52,1
13410.0,95,7,1743.94,21,639,249.1342857142857,1,1,0.2222222222222222,458.02,1
13411.0,15,1,213.55,17,15,213.55,1,0,0.0,0.0,0
13412.0,528,1,487.34999999999997,33,528,487.34999999999997,1,0,0.0,0.0,0
13413.0,547,6,429.44,38,595,71.57333333333334,1,0,0.14285714285714285,0.0,0
13414.0,41,6,2494.14,48,511,415.69,1,0,0.14285714285714285,0.0,0
13415.0,380,4,784.17,85,636,196.0425,1,1,0.2,0.0,0
13416.0,644,1,228.3,7,644,228.3,1,1,0.0,712.5,1
13417.0,113,5,1264.66,42,577,252.93200000000002,1,0,0.16666666666666666,404.83,1
13418.0,6,28,10176.36,306,636,363.4414285714286,1,1,0.125,1383.3,1
13420.0,57,2,159.85,8,78,79.925,1,0,0.5,0.0,0
13421.0,198,7,3039.58,156,571,434.2257142857143,1,0,0.3,1008.67,1
13423.0,336,1,217.03,12,336,217.03,1,1,0.0,0.0,0
13424.0,357,1,572.77,40,357,572.77,1,0,0.5,0.0,0
13425.0,16,5,3390.4300000000003,124,487,678.086,1,0,0.375,0.0,0
13426.0,90,17,6084.74,127,638,357.9258823529412,1,1,0.0,1790.8600000000001,1
13427.0,28,5,888.79,32,630,177.75799999999998,1,1,0.0,117.74000000000001,1
13428.0,422,2,276.76,66,422,138.38,1,0,0.0,201.78,1
13431.0,314,6,2047.14,74,567,341.19,1,0,0.14285714285714285,1269.1,1
13432.0,479,2,436.55,97,520,218.275,1,0,0.0,0.0,0
13433.0,409,4,658.3199999999999,22,604,164.57999999999998,1,0,0.2,0.0,0
13434.0,4,4,1205.46,17,563,301.365,1,0,0.0,461.40000000000003,1
13435.0,18,5,1725.56,64,408,345.11199999999997,1,0,0.0,2721.77,1
13437.0,7,4,2173.6,108,98,543.4,1,0,0.0,1234.46,1
13438.0,455,1,46.5,1,455,46.5,1,0,0.0,0.0,0
13439.0,163,3,986.61,132,434,328.87,1,0,0.0,0.0,0
13440.0,331,7,1295.25,49,359,185.03571428571428,1,0,0.3,0.0,0
13441.0,339,1,424.26,25,339,424.26,1,1,0.0,296.64,1
13442.0,575,3,419.87,33,646,139.95666666666668,1,1,0.0,0.0,0
13443.0,356,6,1269.3700000000001,175,585,211.5616666666667,1,0,0.14285714285714285,0.0,0
13444.0,282,2,619.08,51,414,309.54,1,0,0.0,0.0,0
13445.0,534,1,241.89999999999998,7,534,241.89999999999998,1,0,0.0,0.0,0
13446.0,338,11,3881.89,113,571,352.8990909090909,1,0,0.3888888888888889,0.0,0
13448.0,126,10,6274.79,270,641,627.479,1,1,0.23076923076923078,2111.4300000000003,1
13450.0,32,11,3497.7799999999997,47,511,317.97999999999996,1,0,0.08333333333333333,622.26,1
13451.0,34,10,6576.16,533,536,657.616,1,0,0.16666666666666666,512.76,1
13452.0,167,3,729.8,2,380,243.26666666666665,1,0,0.0,0.0,0
13453.0,73,3,781.6899999999999,33,310,260.56333333333333,1,1,0.4,0.0,0
13454.0,549,1,219.87,23,549,219.87,1,0,0.0,0.0,0
13455.0,274,5,1847.59,70,638,369.518,1,1,0.5,365.4,1
13456.0,63,3,855.0600000000001,18,115,285.02000000000004,1,0,0.25,911.6600000000001,1
13457.0,596,2,148.22,9,645,74.11,1,1,0.5,0.0,0
13458.0,7,12,9991.12,258,296,832.5933333333334,1,1,0.3333333333333333,1968.15,1
13459.0,532,2,1160.4099999999999,57,590,580.2049999999999,1,0,0.0,0.0,0
13461.0,46,5,3599.2,29,505,719.8399999999999,1,0,0.2857142857142857,560.8,1
13462.0,160,5,1153.85,64,633,230.76999999999998,1,1,0.16666666666666666,0.0,0
13464.0,302,5,2422.96,95,526,484.592,1,0,0.16666666666666666,674.68,1
13465.0,354,2,931.12,34,494,465.56,1,0,0.0,0.0,0
13466.0,92,5,1013.35,49,536,202.67000000000002,1,0,0.2857142857142857,0.0,0
13468.0,0,64,11827.33,276,644,184.80203125,1,1,0.16883116883116883,841.41,1
13469.0,561,1,82.4,6,561,82.4,1,0,0.0,0.0,0
13470.0,7,2,165.0,7,23,82.5,1,0,0.0,0.0,0
13472.0,371,2,592.24,24,463,296.12,1,0,0.0,0.0,0
13473.0,240,7,2476.38,56,632,353.7685714285714,1,1,0.2222222222222222,181.38,1
13474.0,144,3,646.59,116,403,215.53,1,0,0.0,0.0,0
13475.0,99,4,1431.78,64,206,357.945,1,0,0.0,0.0,0
13476.0,86,5,2061.4700000000003,86,552,412.29400000000004,1,0,0.2857142857142857,0.0,0
13477.0,46,9,2264.14,93,591,251.5711111111111,1,0,0.18181818181818182,555.03,1
13478.0,377,5,2215.78,114,585,443.15600000000006,1,0,0.2857142857142857,0.0,0
13479.0,108,4,851.37,45,385,212.8425,1,0,0.42857142857142855,0.0,0
13480.0,324,2,627.82,40,587,313.91,1,0,0.0,0.0,0
13481.0,16,10,3387.61,142,643,338.761,1,1,0.16666666666666666,443.23,1
13482.0,140,2,336.09,20,535,168.045,1,0,0.0,0.0,0
13484.0,149,3,790.72,38,547,263.5733333333333,1,0,0.25,0.0,0
13485.0,141,11,3015.2200000000003,130,644,274.1109090909091,1,1,0.26666666666666666,0.0,0
13486.0,36,2,819.61,52,63,409.805,1,0,0.0,302.8,1
13487.0,121,4,680.27,26,642,170.0675,1,1,0.0,166.6,1
13488.0,28,19,11834.03,335,591,622.8436842105264,1,0,0.24,2371.93,1
13489.0,13,4,449.52,11,202,112.38,1,0,0.0,0.0,0
13490.0,562,1,154.25,8,562,154.25,1,0,0.0,0.0,0
13491.0,55,26,4340.29,137,640,166.93423076923077,1,1,0.0,127.37,1
13492.0,44,3,1269.84,38,122,423.28,0,0,0.0,0.0,0
13493.0,183,2,498.63,5,195,249.315,0,0,0.0,0.0,0
13494.0,219,1,316.26000000000005,18,219,316.26000000000005,1,0,0.0,0.0,0
13495.0,140,8,3890.87,50,640,486.35875,1,1,0.2727272727272727,972.44,1
13496.0,267,1,501.01,26,267,501.01,1,1,0.5,152.32,1
13497.0,190,6,1166.83,52,577,194.47166666666666,1,0,0.14285714285714285,0.0,0
13498.0,638,1,327.38,17,638,327.38,1,1,0.0,0.0,0
13499.0,133,2,463.79,18,177,231.895,1,0,0.3333333333333333,695.3199999999999,1
13500.0,30,2,625.93,38,309,312.965,1,1,0.0,840.37,1
13501.0,196,3,2885.11,90,478,961.7033333333334,0,0,0.4,0.0,0
13502.0,182,4,677.66,20,456,169.415,1,0,0.2,102.84,1
13503.0,387,4,1561.19,147,569,390.2975,1,0,0.5,216.85,1
13505.0,74,3,2143.12,109,140,714.3733333333333,0,0,0.5,1490.51,1
13506.0,224,5,1338.08,55,368,267.616,1,0,0.375,0.0,0
13507.0,6,3,2022.79,123,53,674.2633333333333,1,0,0.0,456.37,1
13508.0,151,2,287.05,27,550,143.525,1,0,0.0,0.0,0
13509.0,7,5,825.02,23,415,165.004,1,0,0.0,274.7,1
13510.0,3,9,3664.54,147,626,407.1711111111111,1,1,0.4,551.89,1
13511.0,584,1,282.76,5,584,282.76,1,0,0.5,0.0,0
13512.0,168,4,713.39,31,491,178.3475,1,0,0.0,0.0,0
13513.0,34,3,824.59,32,563,274.86333333333334,1,0,0.25,0.0,0
13514.0,336,3,663.7,13,590,221.23333333333335,1,0,0.0,152.20000000000002,1
13515.0,25,5,898.66,45,552,179.732,1,0,0.0,367.16,1
13516.0,146,2,441.85,22,325,220.925,1,1,0.0,1243.41,1
13517.0,14,2,1612.18,99,87,806.09,1,0,0.5,516.24,1
13519.0,350,1,220.46,11,350,220.46,1,0,0.0,122.75,1
13520.0,45,10,4849.63,71,630,484.963,0,1,0.23076923076923078,596.37,1
13523.0,107,4,2938.93,117,310,734.7325,1,1,0.2,1595.64,1
13524.0,9,3,408.86,14,127,136.28666666666666,1,0,0.0,271.32,1
13525.0,156,1,282.88,2,156,282.88,1,0,0.0,345.9,1
13526.0,646,2,1182.0,29,646,591.0,1,1,0.5,0.0,0
13527.0,13,9,3661.45,231,595,406.8277777777778,1,0,0.1,879.84,1
13529.0,112,1,181.1,7,112,181.1,1,0,0.0,126.66000000000001,1
13530.0,542,1,402.97999999999996,18,542,402.97999999999996,1,0,0.0,0.0,0
13531.0,113,6,1433.07,44,644,238.845,1,1,0.0,0.0,0
13533.0,90,3,269.09,61,175,89.69666666666666,1,0,0.0,0.0,0
13534.0,15,31,6222.35,145,428,200.72096774193548,1,0,0.42592592592592593,1498.55,1
13535.0,310,1,89.5,1,310,89.5,1,1,0.0,0.0,0
13537.0,333,2,717.85,38,359,358.925,1,0,0.0,0.0,0
13538.0,2,11,2813.03,104,583,255.73000000000002,1,0,0.0,290.1,1
13539.0,148,6,1253.67,58,498,208.94500000000002,1,0,0.25,315.69,1
13540.0,375,3,632.39,26,563,210.79666666666665,1,0,0.0,0.0,0
13541.0,335,2,785.25,10,478,392.625,1,0,0.3333333333333333,0.0,0
13542.0,284,17,3959.4900000000002,98,637,232.91117647058826,1,1,0.05555555555555555,0.0,0
13543.0,542,2,1439.6100000000001,37,595,719.8050000000001,1,0,0.0,0.0,0
13544.0,148,5,627.15,186,552,125.42999999999999,1,0,0.16666666666666666,163.05,1
13545.0,298,2,364.93,54,452,182.465,1,0,0.3333333333333333,0.0,0
13546.0,108,3,647.41,58,332,215.8033333333333,1,1,0.0,438.83,1
13547.0,316,1,164.53,43,316,164.53,1,1,0.0,0.0,0
13548.0,4,3,901.44,169,379,300.48,1,0,0.0,0.0,0
13549.0,50,6,849.65,41,295,141.60833333333332,1,1,0.14285714285714285,156.15,1
13550.0,291,1,342.55,40,291,342.55,1,1,0.0,0.0,0
13551.0,227,2,244.2,5,574,122.1,1,0,0.0,0.0,0
13552.0,31,19,5971.76,145,566,314.30315789473684,1,0,0.32142857142857145,977.1600000000001,1
13553.0,582,1,499.6,85,582,499.6,1,0,0.0,0.0,0
13554.0,288,7,1629.35,156,354,232.7642857142857,1,0,0.3,0.0,0
13555.0,109,11,6383.01,204,597,580.2736363636363,1,0,0.21428571428571427,2508.83,1
13556.0,337,2,200.82,8,343,100.41,1,0,0.0,0.0,0
13557.0,188,12,2688.88,116,639,224.07333333333335,1,1,0.2,343.38,1
13559.0,420,2,990.0,1,451,495.0,1,0,0.0,0.0,0
13561.0,123,11,1803.4,131,557,163.94545454545457,1,0,0.0,0.0,0
13562.0,49,7,4248.58,87,602,606.9399999999999,1,0,0.0,589.6,1
13563.0,48,1,310.88,39,48,310.88,1,0,0.0,466.65,1
13564.0,262,36,15880.22,483,645,441.1172222222222,1,1,0.2653061224489796,0.0,0
13565.0,242,2,284.76,28,319,142.38,1,1,0.0,130.04,1
13566.0,342,3,827.91,158,547,275.96999999999997,1,0,0.0,856.84,1
13567.0,336,4,1079.29,180,449,269.8225,1,0,0.2,0.0,0
13568.0,81,1,187.05,41,81,187.05,1,0,0.0,0.0,0
13569.0,275,3,497.74,103,336,165.91333333333333,1,1,0.0,227.3,1
13570.0,151,1,239.49,27,151,239.49,1,0,0.0,0.0,0
13571.0,0,21,3532.15,223,639,168.19761904761904,1,1,0.0,1005.11,1
13572.0,113,1,1384.25,32,113,1384.25,1,0,0.0,0.0,0
13573.0,161,5,644.59,53,545,128.918,1,0,0.0,258.48,1
13574.0,319,1,404.45,84,319,404.45,1,1,0.0,0.0,0
13575.0,41,2,218.75,13,84,109.375,1,0,0.0,513.32,1
13576.0,4,23,9326.19,112,639,405.48652173913047,1,1,0.14814814814814814,1876.4,1
13577.0,0,10,2990.48,91,633,299.048,1,1,0.16666666666666666,493.8,1
13578.0,317,1,147.66,9,317,147.66,1,1,0.0,0.0,0
13579.0,277,4,1072.0,62,567,268.0,1,0,0.2,302.34,1
13580.0,314,1,107.75,5,314,107.75,1,1,0.0,0.0,0
13581.0,217,2,280.53000000000003,32,322,140.26500000000001,1,1,0.0,0.0,0
13582.0,297,2,241.68,10,525,120.84,1,0,0.0,0.0,0
13583.0,63,2,1445.03,92,587,722.515,1,0,0.0,0.0,0
13584.0,214,3,385.7,74,583,128.56666666666666,1,0,0.4,0.0,0
13585.0,438,3,684.54,29,646,228.17999999999998,1,1,0.25,0.0,0
13586.0,449,1,127.28,20,449,127.28,1,0,0.0,0.0,0
13587.0,357,3,961.1,20,571,320.3666666666667,1,0,0.0,712.4,1
13588.0,7,4,1420.72,101,163,355.18,1,0,0.2,1058.23,1
13589.0,87,5,888.09,36,641,177.618,1,1,0.0,232.65,1
13590.0,58,16,5470.5,242,646,341.90625,1,1,0.15789473684210525,865.54,1
13591.0,112,6,1753.04,71,633,292.17333333333335,1,1,0.14285714285714285,340.9,1
13592.0,113,3,205.51,12,172,68.50333333333333,1,0,0.0,42.45,1
13593.0,16,14,5493.29,212,555,392.3778571428571,1,0,0.125,0.0,0
13594.0,393,1,136.35000000000002,7,393,136.35000000000002,1,0,0.5,396.97,1
13595.0,424,3,784.48,114,554,261.49333333333334,1,0,0.0,0.0,0
13597.0,308,2,396.71,17,310,198.355,1,1,0.3333333333333333,0.0,0
13598.0,403,4,601.92,46,559,150.48,1,0,0.0,160.04,1
13599.0,64,20,6974.96,146,646,348.748,1,1,0.4444444444444444,2720.62,1
13600.0,220,2,518.42,35,542,259.21,1,0,0.0,0.0,0
13601.0,119,3,839.87,114,454,279.95666666666665,1,0,0.0,320.12,1
13602.0,289,3,596.28,29,468,198.76,1,0,0.0,428.89,1
13604.0,566,1,717.62,21,566,717.62,1,0,0.5,0.0,0
13605.0,295,2,522.67,50,479,261.335,1,0,0.0,0.0,0
13606.0,151,2,246.63,37,219,123.315,1,0,0.0,30.119999999999997,1
13607.0,310,1,400.3,24,310,400.3,1,1,0.5,675.51,1
13608.0,448,1,232.05,31,448,232.05,1,0,0.0,0.0,0
13609.0,501,1,167.35,7,501,167.35,1,0,0.0,0.0,0
13610.0,18,12,1784.89,286,611,148.74083333333334,1,0,0.14285714285714285,317.57,1
13611.0,78,9,2780.25,142,644,308.9166666666667,1,1,0.3076923076923077,517.68,1
13612.0,540,1,818.29,50,540,818.29,1,0,0.5,0.0,0
13613.0,360,5,1039.8500000000001,50,568,207.97000000000003,1,0,0.0,0.0,0
13614.0,72,4,1526.16,142,459,381.54,1,0,0.0,806.58,1
13615.0,226,8,6272.53,259,588,784.06625,1,0,0.3333333333333333,0.0,0
13616.0,476,2,283.85,31,599,141.925,1,0,0.0,0.0,0
13617.0,21,7,1100.27,43,403,157.18142857142857,1,0,0.125,178.48000000000002,1
13618.0,81,1,177.34,13,81,177.34,1,0,0.0,0.0,0
13619.0,452,2,223.44,38,582,111.72,1,0,0.0,0.0,0
13620.0,436,1,112.34,5,436,112.34,1,0,0.0,0.0,0
13621.0,24,1,213.85,19,24,213.85,1,0,0.0,0.0,0
13622.0,604,1,658.95,32,604,658.95,1,0,0.5,0.0,0
13623.0,118,9,2344.49,198,645,260.49888888888887,1,1,0.3076923076923077,188.57,1
13624.0,296,1,462.08,22,296,462.08,1,1,0.5,0.0,0
13625.0,504,1,301.26,21,504,301.26,1,0,0.0,0.0,0
13626.0,160,2,707.04,44,287,353.52,1,1,0.3333333333333333,0.0,0
13627.0,84,5,1634.43,97,548,326.886,1,0,0.2857142857142857,611.47,1
13628.0,584,1,310.14,16,584,310.14,1,0,0.0,0.0,0
13629.0,7,16,11296.86,27,574,706.05375,1,0,0.0,2074.0,1
13630.0,13,5,1361.46,49,193,272.29200000000003,1,0,0.4444444444444444,670.3199999999999,1
13631.0,7,11,3070.42,6,175,279.1290909090909,1,0,0.08333333333333333,0.0,0
13632.0,81,6,2339.14,124,519,389.8566666666666,1,0,0.25,1306.67,1
13634.0,14,13,4196.6900000000005,189,606,322.82230769230773,1,0,0.07142857142857142,791.39,1
13635.0,350,3,1928.1299999999999,89,646,642.7099999999999,1,1,0.4,1071.03,1
13636.0,30,4,646.55,36,193,161.6375,1,0,0.2,302.57,1
13637.0,95,2,677.4,74,134,338.7,1,0,0.0,125.65,1
13639.0,344,1,312.93,19,344,312.93,1,0,0.0,1033.34,1
13640.0,519,1,405.0,4,519,405.0,1,0,0.0,0.0,0
13641.0,548,4,942.37,40,642,235.5925,1,1,0.3333333333333333,0.0,0
13642.0,123,4,472.2,93,340,118.05,1,1,0.2,0.0,0
13643.0,6,9,1896.73,63,639,210.74777777777777,1,1,0.35714285714285715,260.04,1
13644.0,13,1,851.09,48,13,851.09,1,0,0.0,1773.17,1
13645.0,28,1,252.1,5,28,252.1,1,0,0.0,0.0,0
13646.0,307,2,326.25,58,307,163.125,1,1,0.3333333333333333,0.0,0
13647.0,83,6,2197.42,78,511,366.2366666666667,1,0,0.0,844.26,1
13648.0,308,8,1759.07,94,646,219.88375,1,1,0.2727272727272727,0.0,0
13649.0,164,6,1453.68,97,435,242.28,1,0,0.0,0.0,0
13650.0,115,6,2197.18,84,590,366.19666666666666,1,0,0.5,1090.82,1
13651.0,289,1,132.65,8,289,132.65,1,1,0.5,79.2,1
13652.0,164,4,1805.21,102,560,451.3025,1,0,0.0,456.84000000000003,1
13653.0,395,1,152.2,9,395,152.2,1,0,0.0,0.0,0
13654.0,53,9,5314.94,223,645,590.5488888888889,1,1,0.0,993.0600000000001,1
13655.0,22,6,2280.51,103,499,380.08500000000004,1,0,0.25,0.0,0
13656.0,72,4,1078.85,81,503,269.7125,1,0,0.42857142857142855,0.0,0
13657.0,109,1,152.34,9,109,152.34,1,0,0.0,229.8,1
13658.0,112,5,4319.63,119,580,863.926,1,0,0.4444444444444444,1705.87,1
13659.0,113,12,4884.68,224,568,407.0566666666667,1,0,0.29411764705882354,0.0,0
13660.0,308,1,306.64,39,308,306.64,1,1,0.5,0.0,0
13661.0,511,1,325.24,17,511,325.24,1,0,0.0,0.0,0
13662.0,120,10,1868.79,109,566,186.879,1,0,0.375,364.82,1
13663.0,87,5,2047.51,87,554,409.502,1,0,0.16666666666666666,0.0,0
13665.0,294,3,1711.6599999999999,97,412,570.5533333333333,1,0,0.0,0.0,0
13666.0,195,4,106.45,14,643,26.6125,1,1,0.0,20.6,1
13667.0,57,1,299.05,82,57,299.05,1,0,0.0,0.0,0
13668.0,21,30,11539.62,356,636,384.65400000000005,1,1,0.25,1408.8600000000001,1
13669.0,57,2,243.15,8,315,121.575,1,1,0.0,170.39999999999998,1
13671.0,302,1,172.6,61,302,172.6,1,1,0.0,0.0,0
13672.0,209,3,419.92,13,638,139.97333333333333,1,1,0.5,0.0,0
13674.0,340,1,240.68,14,340,240.68,1,1,0.5,0.0,0
13675.0,59,2,486.82000000000005,25,192,243.41000000000003,1,0,0.0,0.0,0
13676.0,447,2,243.9,13,527,121.95,1,0,0.3333333333333333,0.0,0
13677.0,312,2,551.24,98,428,275.62,1,0,0.0,0.0,0
13678.0,59,1,232.6,16,59,232.6,1,0,0.0,0.0,0
13679.0,401,3,281.26,44,643,93.75333333333333,1,1,0.0,0.0,0
13680.0,245,10,10092.14,280,643,1009.2139999999999,1,1,0.09090909090909091,692.45,1
13681.0,63,1,203.46,13,63,203.46,1,0,0.0,624.37,1
13682.0,95,1,59.5,3,95,59.5,1,0,0.0,0.0,0
13683.0,365,1,258.6,10,365,258.6,1,0,0.0,0.0,0
13684.0,193,4,594.88,81,529,148.72,1,0,0.3333333333333333,0.0,0
13686.0,90,3,409.04,27,309,136.34666666666666,1,1,0.0,0.0,0
13687.0,346,1,11880.84,45,346,11880.84,1,0,0.0,0.0,0
13688.0,543,1,375.5,5,543,375.5,1,0,0.0,0.0,0
13689.0,352,1,349.5,3,352,349.5,1,0,0.0,910.0,1
13691.0,304,1,210.78,53,304,210.78,1,1,0.0,0.0,0
13692.0,121,4,2497.66,69,328,624.415,1,1,0.3333333333333333,616.74,1
13693.0,282,9,2011.82,78,640,223.53555555555556,1,1,0.25,0.0,0
13694.0,15,132,176512.71,845,643,1337.2175,1,1,0.0958904109589041,19127.98,1
13695.0,6,13,2033.67,36,485,156.43615384615384,1,0,0.0,737.0600000000001,1
13696.0,329,3,2020.4,24,574,673.4666666666667,1,0,0.25,0.0,0
13698.0,504,2,451.73,31,589,225.865,1,0,0.0,0.0,0
13699.0,63,2,764.15,33,458,382.075,1,0,0.3333333333333333,0.0,0
13700.0,0,11,1983.11,162,578,180.28272727272727,1,0,0.08333333333333333,613.86,1
13701.0,354,1,161.0,9,354,161.0,1,0,0.5,0.0,0
13702.0,353,1,135.18,5,353,135.18,1,0,0.0,0.0,0
13703.0,226,2,425.56,36,323,212.78,1,1,0.3333333333333333,0.0,0
13705.0,52,6,1528.01,51,532,254.66833333333332,1,0,0.0,189.18,1
13706.0,210,2,631.17,38,534,315.585,1,0,0.0,0.0,0
13707.0,175,5,3365.86,142,444,673.172,1,0,0.0,0.0,0
13708.0,179,1,283.33,48,179,283.33,1,0,0.0,0.0,0
13709.0,9,10,4182.51,184,605,418.25100000000003,1,0,0.16666666666666666,3388.84,1
13710.0,331,2,329.04,7,520,164.52,1,0,0.0,180.48,1
13711.0,126,9,1792.26,80,632,199.14,1,1,0.4,0.0,0
13712.0,154,2,766.42,32,518,383.21,1,0,0.0,0.0,0
13713.0,316,3,740.76,70,491,246.92,1,0,0.0,0.0,0
13714.0,373,1,161.35,30,373,161.35,1,0,0.0,0.0,0
13715.0,189,17,8153.04,277,546,479.5905882352941,1,0,0.19047619047619047,0.0,0
13716.0,177,1,138.28,21,177,138.28,1,0,0.0,0.0,0
13717.0,36,6,1274.28,82,393,212.38,1,0,0.3333333333333333,489.02,1
13718.0,154,2,306.55,9,203,153.275,1,0,0.0,0.0,0
13719.0,113,8,2079.16,158,479,259.895,1,0,0.0,702.94,1
13720.0,24,4,799.9,42,162,199.975,1,0,0.0,0.0,0
13721.0,303,1,217.39999999999998,14,303,217.39999999999998,1,1,0.0,524.14,1
13722.0,39,10,5635.41,137,554,563.5409999999999,1,0,0.09090909090909091,0.0,0
13723.0,125,6,1194.08,51,519,199.01333333333332,1,0,0.0,0.0,0
13724.0,545,1,213.01,39,545,213.01,1,0,0.0,0.0,0
13725.0,77,7,1865.7,86,216,266.5285714285714,1,0,0.2222222222222222,114.86,1
13726.0,8,1,292.68,23,8,292.68,1,0,0.0,786.98,1
13727.0,519,6,740.6700000000001,55,638,123.44500000000001,1,1,0.14285714285714285,333.48,1
13728.0,15,15,2636.05,68,638,175.73666666666668,1,1,0.0,219.12,1
13729.0,343,3,724.73,36,592,241.57666666666668,1,0,0.4,0.0,0
13730.0,43,2,752.6,38,69,376.3,1,0,0.0,0.0,0
13731.0,127,2,610.59,36,154,305.295,1,0,0.0,0.0,0
13733.0,318,2,487.03000000000003,28,643,243.51500000000001,1,1,0.3333333333333333,0.0,0
13734.0,416,4,6695.6900000000005,24,510,1673.9225000000001,1,0,0.3333333333333333,0.0,0
13735.0,83,11,8288.92,318,634,753.5381818181818,1,1,0.3888888888888889,1473.85,1
13736.0,168,6,2380.2,255,641,396.7,1,1,0.45454545454545453,372.27,1
13737.0,108,1,339.59999999999997,29,108,339.59999999999997,1,0,0.0,0.0,0
13738.0,304,1,434.78000000000003,88,304,434.78000000000003,1,1,0.0,0.0,0
13739.0,435,1,75.3,3,435,75.3,1,0,0.0,216.9,1
13740.0,148,5,1582.77,83,645,316.554,1,1,0.0,0.0,0
13741.0,91,2,363.13,20,125,181.565,1,0,0.3333333333333333,305.3,1
13742.0,70,10,2632.57,163,228,263.257,1,0,0.16666666666666666,475.3,1
13743.0,15,5,912.1199999999999,8,167,182.42399999999998,1,0,0.16666666666666666,429.47999999999996,1
13744.0,3,2,1080.52,54,200,540.26,1,0,0.0,0.0,0
13745.0,70,2,777.36,46,454,388.68,1,0,0.5,0.0,0
13746.0,321,1,176.69,9,321,176.69,1,1,0.0,0.0,0
13747.0,281,2,169.79999999999998,4,332,84.89999999999999,1,1,0.0,0.0,0
13748.0,3,9,2064.35,40,646,229.3722222222222,1,1,0.0,0.0,0
13750.0,48,10,3271.55,47,525,327.15500000000003,1,0,0.16666666666666666,330.63,1
13751.0,196,1,296.25,9,196,296.25,1,0,0.0,0.0,0
13752.0,32,7,1579.8300000000002,75,435,225.69000000000003,1,0,0.0,0.0,0
13753.0,195,4,2094.57,64,644,523.6425,1,1,0.0,0.0,0
13754.0,59,3,447.05,16,345,149.01666666666668,1,0,0.0,0.0,0
13756.0,1,17,6438.76,134,632,378.7505882352941,1,1,0.05555555555555555,2217.19,1
13757.0,582,1,195.55,8,582,195.55,1,0,0.0,0.0,0
13758.0,109,12,7756.26,198,646,646.355,1,1,0.2,839.03,1
13760.0,164,4,1211.94,80,501,302.985,1,0,0.2,151.70000000000002,1
13761.0,87,5,1373.23,82,564,274.646,1,0,0.0,578.9399999999999,1
13762.0,126,5,2472.48,23,606,494.496,1,0,0.16666666666666666,0.0,0
13763.0,325,2,3502.48,35,343,1751.24,1,0,0.6,1714.96,1
13764.0,52,5,2335.54,239,550,467.108,1,0,0.0,573.13,1
13765.0,561,1,352.82,16,561,352.82,1,0,0.0,0.0,0
13766.0,403,1,190.35,16,403,190.35,1,0,0.0,0.0,0
13767.0,16,64,26359.58,113,646,411.8684375,1,1,0.23809523809523808,7543.990000000001,1
13768.0,634,2,875.97,30,638,437.985,1,1,0.75,0.0,0
13769.0,0,18,4858.2300000000005,111,631,269.9016666666667,1,1,0.3076923076923077,619.89,1
13770.0,330,4,785.37,48,638,196.3425,1,1,0.0,0.0,0
13771.0,107,7,4559.22,135,560,651.3171428571429,1,0,0.125,1169.6,1
13772.0,4,7,2660.36,356,562,380.0514285714286,1,0,0.125,439.66,1
13773.0,304,2,301.54,19,567,150.77,1,0,0.0,0.0,0
13775.0,498,1,1049.66,63,498,1049.66,1,0,0.0,0.0,0
13777.0,37,52,36021.340000000004,44,645,692.718076923077,1,1,0.13333333333333333,13351.68,1
13778.0,11,4,1124.49,33,473,281.1225,1,0,0.2,0.0,0
13779.0,423,1,161.13,27,423,161.13,1,0,0.0,0.0,0
13780.0,78,2,488.34000000000003,43,315,244.17000000000002,1,1,0.0,243.73000000000002,1
13781.0,158,3,778.83,56,629,259.61,1,1,0.25,0.0,0
13782.0,32,10,1362.01,151,641,136.201,1,1,0.09090909090909091,424.07,1
13783.0,395,4,1542.09,4,581,385.5225,1,0,0.0,0.0,0
13784.0,2,12,2571.59,13,358,214.29916666666668,1,0,0.07692307692307693,338.64,1
13785.0,336,4,542.49,26,368,135.6225,1,0,0.0,0.0,0
13786.0,275,6,3127.99,80,644,521.3316666666666,1,1,0.14285714285714285,0.0,0
13787.0,272,5,1019.86,56,602,203.972,1,0,0.375,202.64000000000001,1
13788.0,413,1,3.75,1,413,3.75,1,0,0.0,0.0,0
13789.0,296,1,239.45999999999998,18,296,239.45999999999998,1,1,0.0,0.0,0
13791.0,35,2,1516.0,7,76,758.0,1,0,0.0,0.0,0
13792.0,195,2,263.0,14,330,131.5,1,1,0.0,120.95,1
13793.0,554,1,96.0,7,554,96.0,1,0,0.0,0.0,0
13794.0,454,1,126.03,9,454,126.03,1,0,0.0,0.0,0
13795.0,296,4,836.3,23,545,209.075,1,0,0.0,0.0,0
13796.0,407,1,289.7,22,407,289.7,1,0,0.0,0.0,0
13797.0,344,3,1179.45,71,555,393.15000000000003,1,0,0.25,0.0,0
13798.0,1,95,67436.16,154,639,709.8543157894737,1,1,0.12037037037037036,7650.95,1
13799.0,24,9,2803.57,64,552,311.5077777777778,1,0,0.3076923076923077,0.0,0
13800.0,217,3,1679.56,73,644,559.8533333333334,1,1,0.0,0.0,0
13802.0,46,19,26259.11,212,569,1382.0584210526315,1,0,0.20833333333333334,0.0,0
13803.0,163,3,1338.91,73,526,446.30333333333334,1,0,0.25,0.0,0
13804.0,4,6,2098.7400000000002,107,344,349.79,1,0,0.0,1062.38,1
13805.0,37,1,500.24,6,37,500.24,1,0,0.0,424.36,1
13807.0,275,3,422.2,24,643,140.73333333333332,1,1,0.25,0.0,0
13808.0,1,2,723.1,33,4,361.55,1,0,0.0,1024.56,1
13809.0,213,3,679.7,23,368,226.5666666666667,0,0,0.0,0.0,0
13811.0,91,2,519.75,5,147,259.875,0,0,0.0,0.0,0
13812.0,13,1,260.74,19,13,260.74,0,0,0.0,224.26,1
13813.0,42,5,1549.75,54,641,309.95,0,1,0.4444444444444444,837.72,1
13814.0,0,3,2257.32,56,435,752.44,0,0,0.25,0.0,0
13815.0,80,6,5760.13,187,573,960.0216666666666,0,0,0.25,977.61,1
13817.0,259,1,110.7,8,259,110.7,0,1,0.0,218.28,1
13818.0,337,1,61.28,5,337,61.28,1,1,0.0,0.0,0
13819.0,209,6,2642.35,47,646,440.39166666666665,1,1,0.14285714285714285,0.0,0
13820.0,326,3,652.75,68,588,217.58333333333334,1,0,0.4,0.0,0
13821.0,52,6,1379.08,158,612,229.84666666666666,1,0,0.14285714285714285,0.0,0
13823.0,288,5,2445.79,91,632,489.158,1,1,0.16666666666666666,957.66,1
13824.0,43,11,3045.66,52,545,276.8781818181818,1,0,0.15384615384615385,269.1,1
13825.0,529,2,255.59,38,638,127.795,1,1,0.0,0.0,0
13826.0,84,1,189.5,10,84,189.5,1,0,0.5,0.0,0
13827.0,41,2,300.76,59,51,150.38,1,0,0.0,109.04,1
13829.0,329,1,102.0,1,329,102.0,1,1,0.5,0.0,0
13830.0,489,1,156.85000000000002,11,489,156.85000000000002,1,0,0.5,0.0,0
13831.0,46,16,5837.94,121,637,364.87125,1,1,0.1111111111111111,747.5999999999999,1
13832.0,330,1,557.6899999999999,51,330,557.6899999999999,1,1,0.0,52.199999999999996,1
13833.0,67,2,700.41,43,312,350.205,1,1,0.0,0.0,0
13834.0,484,2,324.19,15,577,162.095,1,0,0.3333333333333333,0.0,0
13835.0,63,5,798.04,41,553,159.608,1,0,0.16666666666666666,297.23,1
13836.0,307,2,620.37,29,322,310.185,1,1,0.3333333333333333,0.0,0
13837.0,119,2,266.59000000000003,17,225,133.29500000000002,1,0,0.0,0.0,0
13838.0,25,9,1482.79,291,487,164.75444444444443,1,0,0.0,207.28,1
13839.0,394,1,139.95000000000002,7,394,139.95000000000002,1,0,0.0,0.0,0
13840.0,324,1,651.4,40,324,651.4,1,1,0.0,0.0,0
13841.0,160,1,85.0,1,160,85.0,1,0,0.0,0.0,0
13842.0,63,16,4098.99,166,569,256.186875,1,0,0.058823529411764705,1220.35,1
13843.0,289,1,319.75,18,289,319.75,1,1,0.0,0.0,0
13846.0,150,3,1106.66,69,307,368.8866666666667,1,1,0.25,201.13,1
13847.0,627,1,310.72,19,627,310.72,1,1,0.0,0.0,0
13848.0,0,8,3015.0,3,638,376.875,1,1,0.0,0.0,0
13849.0,78,4,2524.93,139,532,631.2325,1,0,0.2,944.37,1
13850.0,37,1,1595.48,93,37,1595.48,1,0,0.0,0.0,0
13851.0,3,8,4606.46,111,587,575.8075,1,0,0.1111111111111111,0.0,0
13852.0,518,1,187.35000000000002,11,518,187.35000000000002,1,0,0.5,0.0,0
13854.0,0,34,10304.199999999999,57,608,303.0647058823529,1,0,0.15,1640.3600000000001,1
13855.0,408,4,1310.3400000000001,64,639,327.58500000000004,1,1,0.2,0.0,0
13856.0,76,11,1142.03,33,527,103.82090909090908,1,0,0.26666666666666666,0.0,0
13857.0,301,6,1000.91,98,479,166.81833333333333,1,0,0.14285714285714285,0.0,0
13859.0,234,2,515.86,34,437,257.93,1,0,0.0,0.0,0
13861.0,337,2,273.26,21,438,136.63,1,0,0.3333333333333333,0.0,0
13862.0,16,7,2128.03,97,297,304.00428571428574,1,1,0.2222222222222222,428.06,1
13863.0,155,4,1239.55,59,501,309.8875,1,0,0.3333333333333333,0.0,0
13864.0,294,1,662.4000000000001,1,294,662.4000000000001,1,1,0.0,0.0,0
13865.0,44,3,383.34000000000003,23,197,127.78000000000002,1,0,0.0,118.22,1
13867.0,126,1,138.85,8,126,138.85,1,0,0.0,866.24,1
13869.0,31,10,7996.87,502,599,799.687,1,0,0.0,0.0,0
13870.0,9,12,5120.61,152,577,426.7175,1,0,0.14285714285714285,591.47,1
13871.0,0,13,6095.24,148,627,468.8646153846154,1,1,0.1875,1790.6100000000001,1
13872.0,435,3,919.57,51,633,306.52333333333337,1,1,0.5,0.0,0
13873.0,27,8,1038.92,55,554,129.865,1,0,0.1111111111111111,0.0,0
13874.0,266,7,2049.15,46,581,292.7357142857143,1,0,0.3,0.0,0
13875.0,41,13,4452.38,147,630,342.4907692307692,1,1,0.0,361.99,1
13877.0,378,2,332.44,20,597,166.22,1,0,0.5,117.24,1
13878.0,455,3,1145.33,59,512,381.77666666666664,1,0,0.0,1271.57,1
13879.0,553,1,395.5,25,553,395.5,1,0,0.0,0.0,0
13880.0,53,12,2754.85,101,470,229.57083333333333,1,0,0.0,1539.01,1
13881.0,3,34,37418.26,177,553,1100.5370588235294,1,0,0.17073170731707318,7760.84,1
13883.0,126,13,5603.67,189,557,431.0515384615385,1,0,0.43478260869565216,931.7,1
13884.0,185,8,1233.68,87,378,154.21,1,0,0.3333333333333333,591.35,1
13885.0,97,2,506.8,28,108,253.4,1,0,0.0,0.0,0
13887.0,112,1,349.55,19,112,349.55,1,0,0.0,0.0,0
13888.0,27,7,2001.59,124,483,285.94142857142856,1,0,0.0,0.0,0
13889.0,0,6,1991.23,57,594,331.87166666666667,1,0,0.25,0.0,0
13890.0,15,6,1544.68,59,641,257.44666666666666,1,1,0.45454545454545453,1020.95,1
13891.0,286,3,859.21,97,490,286.40333333333336,1,0,0.0,0.0,0
13892.0,154,3,689.1999999999999,11,483,229.73333333333332,1,0,0.0,578.4499999999999,1
13893.0,205,1,821.1,21,205,821.1,1,0,0.0,0.0,0
13894.0,218,1,160.85,10,218,160.85,1,0,0.5,403.77000000000004,1
13895.0,51,4,2352.75,100,644,588.1875,1,1,0.2,1655.77,1
13896.0,533,1,388.55,21,533,388.55,1,0,0.0,0.0,0
13897.0,346,2,849.56,42,585,424.78,1,0,0.0,311.16,1
13898.0,233,2,686.4,43,319,343.2,1,1,0.0,0.0,0
13899.0,182,1,298.5,15,182,298.5,1,0,0.0,90.02,1
13900.0,91,6,1610.59,80,532,268.4316666666667,1,0,0.14285714285714285,0.0,0
13901.0,15,14,5461.42,265,611,390.1014285714286,1,0,0.2631578947368421,214.92000000000002,1
13902.0,540,5,34023.26,57,632,6804.652,0,1,0.2857142857142857,0.0,0
13903.0,308,1,165.45000000000002,10,308,165.45000000000002,1,1,0.0,0.0,0
13904.0,202,1,201.12,17,202,201.12,1,0,0.0,131.52,1
13905.0,640,1,312.65,12,640,312.65,1,1,0.6666666666666666,0.0,0
13906.0,317,1,42.0,1,317,42.0,1,1,0.0,0.0,0
13907.0,599,1,136.8,4,599,136.8,1,0,0.0,0.0,0
13908.0,34,3,1411.61,64,184,470.53666666666663,1,0,0.25,907.94,1
13909.0,331,2,282.85,35,429,141.425,1,0,0.0,0.0,0
13911.0,52,19,4091.71,178,556,215.35315789473685,1,0,0.09523809523809523,143.28,1
13912.0,331,1,124.95,7,331,124.95,1,1,0.0,0.0,0
13913.0,414,1,42.22,3,414,42.22,1,0,0.0,0.0,0
13915.0,302,1,70.80000000000001,2,302,70.80000000000001,1,1,0.5,0.0,0
13916.0,371,4,1275.81,72,583,318.9525,1,0,0.2,0.0,0
13917.0,99,1,65.38,5,99,65.38,1,0,0.0,206.66,1
13918.0,161,1,198.2,8,161,198.2,1,0,0.0,1014.64,1
13919.0,29,3,1099.02,58,448,366.34,0,0,0.0,153.66,1
13920.0,339,4,1774.68,81,470,443.67,1,0,0.2,0.0,0
13921.0,310,4,730.7,36,629,182.675,1,1,0.2,0.0,0
13922.0,259,3,865.2,30,375,288.40000000000003,1,0,0.4,0.0,0
13925.0,0,4,678.25,28,42,169.5625,1,0,0.2,0.0,0
13927.0,345,1,359.27,20,345,359.27,1,0,0.5,348.99,1
13928.0,14,2,225.45000000000002,13,41,112.72500000000001,1,0,0.0,239.12,1
13929.0,77,11,3494.1,38,602,317.6454545454545,1,0,0.21428571428571427,0.0,0
13930.0,44,1,210.0,10,44,210.0,1,0,0.0,127.33999999999999,1
13931.0,3,11,5257.38,205,644,477.94363636363636,1,1,0.0,0.0,0
13932.0,202,1,307.4,16,202,307.4,1,0,0.0,0.0,0
13933.0,17,2,608.7900000000001,23,56,304.39500000000004,1,0,0.0,0.0,0
13934.0,171,1,922.1,31,171,922.1,1,0,0.0,0.0,0
13935.0,504,3,6116.92,67,560,2038.9733333333334,1,0,0.0,0.0,0
13936.0,87,3,939.66,56,322,313.21999999999997,1,1,0.25,0.0,0
13937.0,77,2,880.13,54,310,440.065,1,1,0.3333333333333333,0.0,0
13939.0,16,6,1382.62,81,520,230.43666666666664,1,0,0.3333333333333333,178.34,1
13940.0,24,2,391.06,25,52,195.53,1,0,0.0,448.08000000000004,1
13941.0,79,13,7745.4800000000005,38,631,595.8061538461538,1,1,0.13333333333333333,2281.7000000000003,1
13942.0,442,1,320.0,1,442,320.0,1,0,0.0,0.0,0
13943.0,485,1,246.54,15,485,246.54,1,0,0.0,0.0,0
13944.0,561,1,200.43,35,561,200.43,1,0,0.0,0.0,0
13945.0,302,2,854.15,49,387,427.075,1,0,0.0,0.0,0
13946.0,109,5,1800.63,48,643,360.12600000000003,1,1,0.16666666666666666,75.6,1
13948.0,268,4,548.76,23,643,137.19,1,1,0.2,0.0,0
13949.0,2,1,537.9,38,2,537.9,1,0,0.0,1889.42,1
13950.0,154,1,179.30999999999997,7,154,179.30999999999997,1,0,0.0,565.75,1
13951.0,84,3,674.45,38,202,224.8166666666667,1,0,0.0,0.0,0
13952.0,125,14,12823.52,237,631,915.9657142857143,1,1,0.17647058823529413,0.0,0
13953.0,23,10,5729.36,8,636,572.9359999999999,1,1,0.0,911.32,1
13955.0,62,3,544.0699999999999,82,283,181.35666666666665,1,1,0.0,0.0,0
13956.0,46,3,676.07,95,179,225.35666666666668,1,0,0.0,343.2,1
13957.0,325,3,458.25,21,566,152.75,1,0,0.0,0.0,0
13958.0,287,8,4709.2300000000005,172,642,588.6537500000001,1,1,0.3333333333333333,0.0,0
13959.0,189,5,808.17,75,419,161.634,1,0,0.0,256.6,1
13961.0,300,1,538.4,19,300,538.4,1,1,0.5,0.0,0
13962.0,153,2,310.85,19,343,155.425,1,0,0.0,51.95,1
13963.0,216,17,2860.57,129,505,168.26882352941178,1,0,0.05555555555555555,0.0,0
13964.0,295,2,438.9,22,338,219.45,1,1,0.3333333333333333,0.0,0
13965.0,384,3,996.61,23,611,332.2033333333333,1,0,0.4,0.0,0
13966.0,343,1,384.26,21,343,384.26,1,0,0.0,0.0,0
13967.0,53,2,166.3,4,304,83.15,1,1,0.0,0.0,0
13968.0,331,1,123.66,8,331,123.66,1,1,0.0,0.0,0
13969.0,15,28,7832.52,374,532,279.73285714285714,1,0,0.06666666666666667,5140.9400000000005,1
13970.0,294,2,846.55,10,345,423.275,1,0,0.0,0.0,0
13971.0,14,12,3895.21,165,590,324.60083333333336,1,0,0.2,772.36,1
13972.0,109,1,145.9,9,109,145.9,1,0,0.0,44.349999999999994,1
13973.0,195,1,264.7,11,195,264.7,1,0,0.0,0.0,0
13974.0,490,1,264.13,15,490,264.13,1,0,0.6666666666666666,413.59000000000003,1
13975.0,36,10,4261.83,377,583,426.183,1,0,0.16666666666666666,994.57,1
13976.0,114,4,1192.36,49,576,298.09,1,0,0.0,0.0,0
13977.0,319,1,519.8100000000001,13,319,519.8100000000001,1,1,0.0,0.0,0
13979.0,301,6,2503.76,308,644,417.29333333333335,1,1,0.4,869.87,1
13980.0,347,4,568.68,47,564,142.17,1,0,0.5,200.14,1
13981.0,323,1,331.14,22,323,331.14,1,1,0.5,0.0,0
13982.0,71,8,3312.62,98,596,414.0775,1,0,0.3333333333333333,641.67,1
13983.0,95,17,5831.52,216,638,343.03058823529415,1,1,0.32,922.37,1
13984.0,34,11,1792.6200000000001,50,640,162.96545454545455,1,1,0.08333333333333333,101.18,1
13985.0,15,14,5733.77,103,576,409.555,1,0,0.125,4287.09,1
13987.0,287,2,682.54,46,308,341.27,1,1,0.0,0.0,0
13988.0,70,5,2533.34,141,533,506.668,1,0,0.16666666666666666,2224.46,1
13989.0,147,4,1656.65,53,471,414.1625,1,0,0.0,369.40999999999997,1
13990.0,121,1,311.3,16,121,311.3,1,0,0.0,0.0,0
13991.0,51,1,126.35,7,51,126.35,1,0,0.0,725.53,1
13992.0,288,2,142.7,5,371,71.35,1,0,0.0,76.8,1
13993.0,8,16,5556.76,108,644,347.2975,1,1,0.15789473684210525,1218.95,1
13994.0,13,2,419.56,18,56,209.78,1,0,0.0,1854.5800000000002,1
13995.0,23,12,3380.2200000000003,134,629,281.685,1,1,0.25,521.79,1
13996.0,294,2,845.76,28,307,422.88,1,1,0.0,0.0,0
13997.0,427,3,376.46,36,458,125.48666666666666,1,0,0.0,0.0,0
13998.0,354,3,566.7,30,484,188.9,1,0,0.0,0.0,0
13999.0,3,26,8469.42,168,642,325.74692307692305,1,1,0.1875,1032.8400000000001,1
14000.0,119,5,2046.3400000000001,28,645,409.26800000000003,1,1,0.375,0.0,0
14001.0,140,8,3494.91,48,401,436.86375,1,0,0.0,733.94,1
14002.0,42,2,529.73,47,64,264.865,1,0,0.0,0.0,0
14003.0,640,1,209.41,16,640,209.41,1,1,0.0,0.0,0
14004.0,6,9,4879.07,97,343,542.1188888888888,1,0,0.0,1379.3799999999999,1
14005.0,41,3,696.56,29,123,232.18666666666664,1,0,0.0,2178.16,1
14006.0,23,7,2196.67,55,560,313.81,1,0,0.0,0.0,0
14007.0,420,1,79.48,5,420,79.48,1,0,0.0,0.0,0
14008.0,340,1,509.04,32,340,509.04,1,1,0.5,0.0,0
14009.0,106,3,1099.91,71,370,366.6366666666667,1,0,0.25,0.0,0
14010.0,473,2,445.15,20,473,222.575,1,0,0.3333333333333333,0.0,0
14011.0,388,2,457.82,32,515,228.91,1,0,0.3333333333333333,0.0,0
14012.0,185,1,328.8,11,185,328.8,1,0,0.0,0.0,0
14013.0,18,5,1084.57,56,531,216.914,1,0,0.16666666666666666,0.0,0
14014.0,284,2,1443.03,37,484,721.515,1,0,0.0,505.18,1
14016.0,69,11,11303.41,353,608,1027.5827272727272,0,0,0.15384615384615385,0.0,0
14017.0,479,1,229.75,14,479,229.75,1,0,0.0,0.0,0
14018.0,553,1,367.15000000000003,13,553,367.15000000000003,1,0,0.0,0.0,0
14019.0,6,2,800.53,28,46,400.265,1,0,0.0,621.0799999999999,1
14020.0,384,2,606.21,29,437,303.105,1,0,0.3333333333333333,642.8,1
14021.0,63,7,1716.58,84,500,245.22571428571428,1,0,0.0,0.0,0
14022.0,133,2,792.15,45,394,396.075,1,0,0.0,0.0,0
14023.0,158,1,273.14,16,158,273.14,1,0,0.0,310.93,1
14024.0,29,3,645.74,33,298,215.24666666666667,1,1,0.0,0.0,0
14025.0,372,8,4057.9,60,491,507.2375,1,0,0.2,0.0,0
14026.0,378,2,713.11,43,533,356.555,1,0,0.0,0.0,0
14028.0,458,3,10396.5,3,458,3465.5,1,0,0.25,0.0,0
14029.0,52,1,165.20000000000002,6,52,165.20000000000002,1,0,0.0,302.46,1
14030.0,29,18,6820.46,541,637,378.9144444444444,1,1,0.1,701.34,1
14031.0,34,38,31359.68,262,644,825.2547368421052,1,1,0.19148936170212766,7659.83,1
14032.0,76,11,3416.19,70,633,310.5627272727273,1,1,0.3888888888888889,1130.22,1
14033.0,463,1,109.44,1,463,109.44,1,0,0.0,0.0,0
14034.0,65,2,473.90999999999997,23,65,236.95499999999998,1,0,0.3333333333333333,174.98,1
14035.0,15,7,2203.99,48,520,314.85571428571427,1,0,0.2222222222222222,590.76,1
14036.0,192,1,626.65,38,192,626.65,1,0,0.0,0.0,0
14037.0,84,6,836.95,96,640,139.49166666666667,1,1,0.14285714285714285,0.0,0
14038.0,52,4,2595.92,88,581,648.98,1,0,0.42857142857142855,473.96,1
14039.0,483,1,115.08000000000001,4,483,115.08000000000001,1,0,0.0,152.2,1
14040.0,2,33,11697.95,318,646,354.48333333333335,1,1,0.15384615384615385,825.86,1
14041.0,174,1,141.41,21,174,141.41,1,0,0.0,0.0,0
14042.0,633,1,431.98,21,633,431.98,1,1,0.0,0.0,0
14043.0,399,2,302.6,37,637,151.3,1,1,0.3333333333333333,0.0,0
14044.0,11,9,2963.2400000000002,519,592,329.2488888888889,1,0,0.1,110.71000000000001,1
14045.0,17,16,10986.63,16,608,686.664375,1,0,0.15789473684210525,0.0,0
14046.0,192,1,151.59,13,192,151.59,1,0,0.0,0.0,0
14047.0,107,12,3295.42,88,584,274.61833333333334,1,0,0.29411764705882354,672.69,1
14048.0,213,3,748.69,126,290,249.56333333333336,1,1,0.25,0.0,0
14049.0,66,12,10689.42,471,525,890.785,1,0,0.25,2333.98,1
14050.0,14,1,485.98,37,14,485.98,1,0,0.0,260.38,1
14051.0,21,29,14848.03,74,644,512.0010344827587,1,1,0.14705882352941177,5719.05,1
14052.0,298,1,241.3,65,298,241.3,1,1,0.0,225.36,1
14053.0,32,4,572.3,3,394,143.075,1,0,0.0,0.0,0
14055.0,14,3,1520.96,33,631,506.9866666666667,1,1,0.0,0.0,0
14056.0,15,17,5333.97,274,192,313.7629411764706,1,0,0.22727272727272727,2393.72,1
14057.0,8,18,6940.68,222,644,385.59333333333336,1,1,0.05263157894736842,1405.98,1
14058.0,370,2,469.19,23,438,234.595,1,0,0.0,0.0,0
14059.0,174,1,183.6,8,174,183.6,1,0,0.0,0.0,0
14060.0,16,25,6860.6,86,546,274.42400000000004,1,0,0.038461538461538464,2037.64,1
14061.0,415,3,917.4300000000001,17,646,305.81,1,1,0.0,0.0,0
14062.0,20,21,22922.59,138,637,1091.5519047619048,1,1,0.125,2663.0600000000004,1
14063.0,594,7,9471.5,29,639,1353.0714285714287,1,1,0.0,0.0,0
14064.0,21,14,3022.93,116,595,215.92357142857142,1,0,0.2631578947368421,237.31,1
14065.0,297,3,891.02,42,339,297.00666666666666,1,1,0.25,0.0,0
14066.0,174,1,152.55,7,174,152.55,1,0,0.0,0.0,0
14067.0,4,1,224.67,25,4,224.67,1,0,0.0,150.03,1
14068.0,228,4,1516.72,93,585,379.18,1,0,0.2,0.0,0
14069.0,422,2,225.81,37,469,112.905,1,0,0.0,0.0,0
14070.0,592,1,321.6,40,592,321.6,1,0,0.0,0.0,0
14071.0,168,2,356.81,22,172,178.405,1,0,0.3333333333333333,1065.94,1
14072.0,574,1,390.85,19,574,390.85,1,0,0.0,0.0,0
14074.0,531,1,219.39999999999998,6,531,219.39999999999998,1,0,0.0,0.0,0
14075.0,169,3,1090.53,47,378,363.51,1,0,0.0,634.34,1
14076.0,37,1,118.67,43,37,118.67,1,0,0.0,0.0,0
14077.0,90,4,426.06,41,303,106.515,1,1,0.0,189.01999999999998,1
14078.0,9,9,1551.82,106,529,172.42444444444445,1,0,0.0,0.0,0
14079.0,32,2,618.73,13,590,309.365,1,0,0.0,0.0,0
14080.0,321,4,1070.08,70,645,267.52,1,1,0.2,45.599999999999994,1
14081.0,210,10,4867.57,465,637,486.75699999999995,1,1,0.375,0.0,0
14082.0,272,2,413.36,48,300,206.68,1,1,0.0,0.0,0
14083.0,34,9,612.68,99,629,68.07555555555555,1,1,0.0,469.51,1
14084.0,420,1,150.5,7,420,150.5,1,0,0.0,0.0,0
14085.0,49,26,8505.32,442,639,327.1276923076923,1,1,0.037037037037037035,1200.35,1
14086.0,370,1,39.95,1,370,39.95,1,0,0.0,0.0,0
14087.0,312,2,638.0,126,643,319.0,1,1,0.3333333333333333,191.47,1
14088.0,36,10,39052.88,297,329,3905.2879999999996,1,1,0.16666666666666666,24983.920000000002,1
14090.0,232,1,76.32000000000001,1,232,76.32000000000001,1,0,0.0,0.0,0
14091.0,562,2,9530.08,13,606,4765.04,1,0,0.0,0.0,0
14092.0,7,20,5897.96,152,631,294.898,1,1,0.09090909090909091,1331.49,1
14094.0,347,1,311.77,41,347,311.77,1,0,0.5,0.0,0
14095.0,630,1,2.95,1,630,2.95,1,1,0.0,0.0,0
14096.0,6,2,97.42999999999999,23,9,48.714999999999996,1,0,0.5,53161.0,1
14097.0,389,2,422.85999999999996,39,553,211.42999999999998,1,0,0.0,0.0,0
14099.0,28,17,4956.66,252,637,291.56823529411764,1,1,0.10526315789473684,794.25,1
14100.0,45,1,191.95000000000002,24,45,191.95000000000002,1,0,0.0,0.0,0
14101.0,50,12,8929.53,19,529,744.1275,1,0,0.07692307692307693,1032.4,1
14104.0,62,5,740.53,116,468,148.106,1,0,0.0,0.0,0
14105.0,147,5,5988.83,200,629,1197.766,1,1,0.375,0.0,0
14106.0,645,1,214.79999999999998,1,645,214.79999999999998,1,1,0.0,0.0,0
14107.0,4,10,4636.01,99,638,463.601,1,1,0.16666666666666666,241.29,1
14108.0,9,3,738.38,32,646,246.12666666666667,1,1,0.0,306.58,1
14110.0,27,26,10564.42,154,646,406.32384615384615,1,1,0.07142857142857142,2423.5299999999997,1
14111.0,3,3,295.5,5,149,98.5,1,0,0.0,397.35,1
14112.0,38,10,4820.26,174,562,482.026,1,0,0.5652173913043478,1014.33,1
14113.0,262,13,5685.6900000000005,58,639,437.3607692307693,1,1,0.5185185185185185,1406.92,1
14114.0,181,7,1364.09,72,514,194.86999999999998,1,0,0.0,0.0,0
14115.0,409,2,622.6700000000001,22,574,311.33500000000004,1,0,0.0,0.0,0
14116.0,0,2,628.87,29,29,314.435,1,0,0.0,753.87,1
14117.0,51,1,90.0,3,51,90.0,1,0,0.0,0.0,0
14118.0,336,1,458.45,15,336,458.45,1,1,0.0,0.0,0
14119.0,283,2,183.37,11,626,91.685,1,1,0.3333333333333333,0.0,0
14122.0,314,3,362.42,12,645,120.80666666666667,1,1,0.4,0.0,0
14123.0,641,1,436.18,24,641,436.18,1,1,0.0,0.0,0
14126.0,352,1,466.33000000000004,28,352,466.33000000000004,1,0,0.0,706.1300000000001,1
14127.0,30,6,1900.0800000000002,96,333,316.68,1,1,0.0,0.0,0
14128.0,163,2,592.25,34,459,296.125,1,0,0.3333333333333333,331.96,1
14129.0,3,7,2193.71,40,487,313.38714285714286,1,0,0.0,245.05,1
14130.0,227,4,1858.77,189,636,464.6925,1,1,0.0,0.0,0
14131.0,556,1,168.22,45,556,168.22,1,0,0.0,0.0,0
14132.0,21,5,1552.46,48,91,310.492,1,0,0.0,2033.57,1
14133.0,37,4,911.14,33,641,227.785,1,1,0.3333333333333333,0.0,0
14134.0,290,15,11123.35,130,637,741.5566666666667,1,1,0.0,0.0,0
14135.0,13,19,7339.68,126,645,386.29894736842107,1,1,0.05,1360.0900000000001,1
14136.0,308,5,1570.81,86,639,314.162,1,1,0.2857142857142857,0.0,0
14137.0,603,1,332.7,11,603,332.7,1,0,0.5,0.0,0
14139.0,398,3,670.98,29,450,223.66,1,0,0.0,415.82,1
14141.0,13,1,285.16,16,13,285.16,1,0,0.0,629.97,1
14142.0,281,2,671.34,42,554,335.67,1,0,0.5,0.0,0
14143.0,41,1,115.8,7,41,115.8,1,0,0.0,0.0,0
14144.0,394,1,30.599999999999998,1,394,30.599999999999998,1,0,0.0,0.0,0
14145.0,64,6,6709.05,11,518,1118.175,1,0,0.14285714285714285,891.0,1
14146.0,162,9,7163.03,248,603,795.8922222222222,1,0,0.1,2287.27,1
14147.0,193,8,2289.6,23,548,286.2,1,0,0.2,300.6,1
14148.0,141,2,466.29,15,322,233.145,1,1,0.0,0.0,0
14149.0,128,1,446.62,28,128,446.62,1,0,0.6666666666666666,0.0,0
14150.0,267,1,306.18,12,267,306.18,1,1,0.0,352.46000000000004,1
14151.0,581,2,679.45,44,624,339.725,1,1,0.3333333333333333,0.0,0
14152.0,142,6,1690.56,90,567,281.76,1,0,0.25,306.78000000000003,1
14153.0,391,1,233.4,17,391,233.4,1,0,0.0,0.0,0
14154.0,147,8,6460.7,236,603,807.5875,1,0,0.2,0.0,0
14155.0,174,1,118.75,6,174,118.75,1,0,0.0,0.0,0
14156.0,1,137,285287.88,1383,646,2082.393284671533,0,1,0.1893491124260355,18321.29,1
14157.0,193,4,822.98,68,554,205.745,1,0,0.2,155.71,1
14159.0,3,16,5954.33,625,644,372.145625,1,1,0.2,1895.25,1
14160.0,518,7,8421.47,80,606,1203.0671428571427,1,0,0.0,0.0,0
14161.0,123,7,2996.93,202,634,428.1328571428571,1,1,0.0,0.0,0
14162.0,81,2,289.36,25,200,144.68,1,0,0.0,0.0,0
14163.0,60,4,1808.1000000000001,37,370,452.02500000000003,1,0,0.0,786.52,1
14165.0,183,1,120.44,23,183,120.44,1,0,0.0,0.0,0
14166.0,413,2,251.15,39,534,125.575,1,0,0.0,0.0,0
14167.0,73,7,1101.55,45,589,157.3642857142857,1,0,0.0,172.74,1
14168.0,328,2,370.45,11,472,185.225,1,0,0.3333333333333333,0.0,0
14169.0,338,2,613.11,49,352,306.555,1,0,0.0,0.0,0
14170.0,283,3,570.18,123,303,190.05999999999997,1,1,0.0,0.0,0
14171.0,6,2,498.79,61,638,249.395,1,1,0.0,0.0,0
14172.0,513,3,369.02,38,550,123.00666666666666,1,0,0.25,0.0,0
14173.0,127,3,249.2,13,638,83.06666666666666,1,1,0.25,336.8,1
14175.0,79,7,5662.57,166,535,808.9385714285714,1,0,0.5333333333333333,2016.31,1
14176.0,205,5,756.46,33,289,151.292,1,1,0.16666666666666666,0.0,0
14177.0,3,12,1959.69,141,559,163.3075,1,0,0.0,250.0,1
14178.0,6,3,477.29,87,90,159.09666666666666,1,0,0.0,1102.97,1
14180.0,14,29,5479.1,120,456,188.9344827586207,1,0,0.23684210526315788,638.4,1
14181.0,318,2,308.35,48,470,154.175,1,0,0.0,0.0,0
14182.0,351,4,678.77,42,504,169.6925,1,0,0.2,0.0,0
14183.0,319,2,278.34000000000003,27,389,139.17000000000002,1,0,0.0,0.0,0
14185.0,239,1,197.65,3,239,197.65,1,0,0.0,0.0,0
14186.0,335,5,1550.63,75,552,310.12600000000003,1,0,0.0,0.0,0
14187.0,381,1,123.5,8,381,123.5,1,0,0.0,0.0,0
14188.0,17,4,1383.46,25,218,345.865,1,0,0.3333333333333333,670.9,1
14189.0,4,12,4116.99,150,296,343.0825,1,1,0.29411764705882354,1386.16,1
14190.0,574,1,79.9,1,574,79.9,1,0,0.0,0.0,0
14191.0,16,9,2391.16,73,636,265.6844444444444,1,1,0.18181818181818182,2000.3799999999999,1
14192.0,296,1,293.74,14,296,293.74,1,1,0.0,0.0,0
14193.0,177,2,779.34,39,304,389.67,1,1,0.0,430.85,1
14194.0,14,27,12987.52,380,610,481.0192592592593,1,0,0.34146341463414637,5683.07,1
14195.0,109,6,2615.6,10,542,435.93333333333334,1,0,0.4,0.0,0
14196.0,14,1,335.52,6,14,335.52,1,0,0.0,0.0,0
14197.0,318,1,390.05,20,318,390.05,1,1,0.0,0.0,0
14198.0,53,7,1225.28,45,611,175.04,1,0,0.2222222222222222,344.45,1
14199.0,126,4,1091.7,15,438,272.925,1,0,0.3333333333333333,0.0,0
14200.0,525,1,379.2,21,525,379.2,1,0,0.0,0.0,0
14201.0,57,8,967.34,35,496,120.9175,1,0,0.2,226.2,1
14202.0,289,3,847.76,27,532,282.58666666666664,1,0,0.0,0.0,0
14203.0,305,1,339.34,16,305,339.34,1,1,0.0,0.0,0
14204.0,330,3,874.22,158,645,291.4066666666667,1,1,0.0,150.61,1
14205.0,172,8,2170.4,70,550,271.3,1,0,0.2,243.8,1
14206.0,147,3,1185.01,62,310,395.00333333333333,1,1,0.4,0.0,0
14207.0,595,1,157.8,2,595,157.8,1,0,0.0,0.0,0
14208.0,2,2,567.05,34,459,283.525,1,0,0.0,0.0,0
14209.0,29,14,4796.17,132,594,342.5835714285714,1,0,0.2222222222222222,197.10000000000002,1
14210.0,13,16,5556.570000000001,143,610,347.28562500000004,1,0,0.2,0.0,0
14211.0,4,15,3291.12,126,638,219.408,1,1,0.3181818181818182,1111.17,1
14212.0,353,1,1119.6599999999999,12,353,1119.6599999999999,1,0,0.0,1070.48,1
14213.0,312,1,1192.2,5,312,1192.2,1,1,0.5,0.0,0
14214.0,64,3,899.16,56,185,299.71999999999997,1,0,0.4,105.22,1
14215.0,94,7,2558.88,128,639,365.55428571428575,1,1,0.125,691.45,1
14216.0,322,1,310.74,18,322,310.74,1,1,0.5,1839.3,1
14217.0,7,16,2505.11,103,435,156.569375,1,0,0.2727272727272727,699.0,1
14219.0,317,2,543.89,32,401,271.945,1,0,0.0,89.94,1
14220.0,155,4,1515.0,26,477,378.75,1,0,0.0,0.0,0
14221.0,21,15,5701.7,136,520,380.11333333333334,1,0,0.11764705882352941,815.79,1
14222.0,85,1,683.17,41,85,683.17,1,0,0.0,0.0,0
14223.0,0,3,991.13,50,172,330.37666666666667,1,0,0.25,0.0,0
14224.0,18,9,1841.71,189,452,204.63444444444445,1,0,0.0,0.0,0
14225.0,342,4,2031.07,70,604,507.7675,1,0,0.2,0.0,0
14226.0,118,3,2462.34,66,349,820.7800000000001,1,0,0.5,522.7900000000001,1
14227.0,104,12,5414.72,236,577,451.2266666666667,1,0,0.3333333333333333,951.44,1
14228.0,345,3,745.5,38,454,248.5,1,0,0.0,0.0,0
14229.0,199,6,1808.97,37,379,301.495,1,0,0.4,785.0699999999999,1
14230.0,343,3,979.8000000000001,27,456,326.6,1,0,0.0,0.0,0
14231.0,91,4,1235.6200000000001,66,358,308.90500000000003,1,0,0.3333333333333333,0.0,0
14232.0,23,4,1573.33,71,172,393.3325,1,0,0.3333333333333333,474.74,1
14233.0,119,6,2400.65,30,552,400.10833333333335,1,0,0.25,503.62,1
14235.0,65,8,4375.99,104,527,546.99875,1,0,0.0,342.0,1
14236.0,280,4,1253.78,29,413,313.445,1,0,0.3333333333333333,301.56,1
14237.0,281,2,471.14,26,498,235.57,1,0,0.3333333333333333,0.0,0
14238.0,234,3,434.23,13,642,144.74333333333334,1,1,0.0,0.0,0
14239.0,2,19,3763.21,91,642,198.0636842105263,1,1,0.13636363636363635,499.96000000000004,1
14240.0,133,2,584.0,26,331,292.0,1,1,0.0,663.49,1
14241.0,91,2,333.70000000000005,12,604,166.85000000000002,1,0,0.0,0.0,0
14242.0,142,2,280.55,13,233,140.275,1,0,0.0,0.0,0
14243.0,3,15,6934.93,232,384,462.32866666666666,1,0,0.25,282.82,1
14244.0,568,1,366.41999999999996,16,568,366.41999999999996,1,0,0.5,0.0,0
14245.0,127,2,1693.45,107,171,846.725,1,0,0.6,0.0,0
14246.0,18,3,1474.06,57,153,491.3533333333333,1,0,0.0,0.0,0
14247.0,186,5,753.56,82,459,150.712,1,0,0.16666666666666666,0.0,0
14248.0,226,3,1032.95,41,423,344.31666666666666,1,0,0.0,0.0,0
14249.0,318,12,5400.46,177,587,450.03833333333336,1,0,0.0,0.0,0
14252.0,289,1,350.99,10,289,350.99,1,1,0.0,0.0,0
14253.0,401,2,363.40000000000003,11,531,181.70000000000002,1,0,0.0,0.0,0
14254.0,340,1,601.03,23,340,601.03,1,1,0.0,0.0,0
14256.0,168,5,2460.79,100,602,492.158,1,0,0.4444444444444444,0.0,0
14257.0,31,8,5580.57,163,556,697.57125,1,0,0.0,373.88,1
14258.0,59,23,28767.68,94,643,1250.7686956521738,1,1,0.23333333333333334,3283.66,1
14259.0,49,1,120.0,5,49,120.0,1,0,0.0,0.0,0
14260.0,379,3,824.28,50,456,274.76,1,0,0.0,0.0,0
14262.0,15,3,855.0,42,148,285.0,1,0,0.0,1763.23,1
14263.0,331,1,322.93,16,331,322.93,1,1,0.0,0.0,0
14264.0,62,6,1517.3600000000001,59,519,252.89333333333335,1,0,0.25,0.0,0
14265.0,17,4,1373.35,74,520,343.3375,0,0,0.0,0.0,0
14266.0,336,1,40.56,1,336,40.56,1,1,0.0,0.0,0
14267.0,70,3,1516.24,25,168,505.41333333333336,1,0,0.6666666666666666,0.0,0
14268.0,378,1,354.85,19,378,354.85,1,0,0.0,0.0,0
14269.0,347,1,295.73,16,347,295.73,1,0,0.5,0.0,0
14270.0,239,1,492.65000000000003,29,239,492.65000000000003,1,0,0.0,0.0,0
14271.0,133,2,214.18,38,317,107.09,1,1,0.0,0.0,0
14272.0,162,3,614.94,38,490,204.98000000000002,1,0,0.0,305.87,1
14273.0,44,3,450.05,18,150,150.01666666666668,1,0,0.0,109.92,1
14274.0,594,1,256.6,15,594,256.6,1,0,0.0,0.0,0
14275.0,303,6,1189.3799999999999,14,515,198.23,1,0,0.0,0.0,0
14276.0,6,7,2102.68,75,568,300.3828571428571,1,0,0.36363636363636365,0.0,0
14277.0,120,6,14266.19,216,634,2377.6983333333333,0,1,0.4,2522.97,1
14278.0,317,1,205.83,13,317,205.83,1,1,0.0,0.0,0
14279.0,428,2,191.86,3,589,95.93,1,0,0.0,0.0,0
14280.0,104,1,134.04,8,104,134.04,1,0,0.0,0.0,0
14281.0,316,1,245.15,7,316,245.15,1,1,0.0,0.0,0
14282.0,17,19,6016.86,91,570,316.6768421052631,1,0,0.05,1233.9,1
14283.0,371,4,628.4399999999999,36,477,157.10999999999999,1,0,0.0,0.0,0
14284.0,561,1,704.4,35,561,704.4,1,0,0.0,595.25,1
14285.0,84,5,1380.31,33,639,276.062,1,1,0.16666666666666666,1904.1100000000001,1
14286.0,150,5,5901.09,218,643,1180.218,1,1,0.375,2578.67,1
14287.0,106,2,83.28,4,106,41.64,1,0,0.3333333333333333,93.35,1
14288.0,121,1,426.6,16,121,426.6,1,0,0.5,0.0,0
14289.0,42,5,832.78,33,197,166.55599999999998,1,0,0.0,78.48,1
14290.0,269,4,2979.4700000000003,59,639,744.8675000000001,1,1,0.6,1537.0900000000001,1
14291.0,28,19,6376.39,203,638,335.5994736842105,1,1,0.09523809523809523,970.02,1
14292.0,53,11,6944.53,106,538,631.320909090909,1,0,0.45,2281.7200000000003,1
14293.0,55,8,2595.86,78,637,324.4825,1,1,0.1111111111111111,307.15000000000003,1
14294.0,315,1,375.34,23,315,375.34,1,1,0.0,0.0,0
14295.0,346,3,2186.71,60,638,728.9033333333333,1,1,0.5,166.20000000000002,1
14296.0,329,2,456.40000000000003,27,482,228.20000000000002,1,0,0.3333333333333333,0.0,0
14297.0,182,1,232.6,11,182,232.6,1,0,0.0,1072.73,1
14298.0,7,75,80849.7,1233,636,1077.9959999999999,1,1,0.013157894736842105,10344.79,1
14299.0,15,23,12541.77,148,645,545.294347826087,1,1,0.3235294117647059,1528.48,1
14301.0,25,4,1992.18,37,574,498.045,1,0,0.42857142857142855,0.0,0
14302.0,338,3,742.9000000000001,25,645,247.63333333333335,1,1,0.0,0.0,0
14303.0,315,2,277.94,21,342,138.97,1,1,0.0,0.0,0
14304.0,130,3,1725.01,69,478,575.0033333333333,1,0,0.4,0.0,0
14305.0,21,2,1048.45,62,43,524.225,1,0,0.5,810.51,1
14306.0,286,4,1058.0800000000002,12,585,264.52000000000004,1,0,0.0,2093.32,1
14307.0,42,8,3600.09,174,640,450.01125,1,1,0.1111111111111111,687.83,1
14309.0,1,9,3061.98,117,458,340.22,1,0,0.1,718.83,1
14310.0,340,1,492.1,22,340,492.1,1,1,0.0,0.0,0
14311.0,150,2,516.45,31,475,258.225,1,0,0.3333333333333333,0.0,0
14312.0,94,9,2333.29,120,412,259.25444444444446,1,0,0.0,757.0,1
14314.0,14,2,229.8,10,338,114.9,1,1,0.3333333333333333,0.0,0
14315.0,37,7,2266.84,68,542,323.8342857142857,1,0,0.125,930.98,1
14316.0,330,5,1370.34,21,538,274.068,1,0,0.16666666666666666,0.0,0
14318.0,368,1,158.02,9,368,158.02,1,0,0.0,0.0,0
14319.0,332,1,494.85,26,332,494.85,1,1,0.5,0.0,0
14320.0,114,5,1346.75,68,595,269.35,1,0,0.2857142857142857,0.0,0
14321.0,24,5,1587.96,129,381,317.592,1,0,0.16666666666666666,630.1,1
14322.0,337,4,474.1,10,567,118.525,1,0,0.3333333333333333,0.0,0
14323.0,22,2,605.0600000000001,32,146,302.53000000000003,1,0,0.5,0.0,0
14324.0,317,2,701.61,41,601,350.805,1,0,0.0,0.0,0
14325.0,477,1,245.48000000000002,18,477,245.48000000000002,1,0,0.0,0.0,0
14326.0,150,3,940.98,54,440,313.66,1,0,0.25,0.0,0
14327.0,71,6,1894.93,99,608,315.82166666666666,1,0,0.0,0.0,0
14329.0,16,12,8397.41,309,631,699.7841666666667,1,1,0.45454545454545453,1490.21,1
14330.0,531,1,200.63,13,531,200.63,1,0,0.0,0.0,0
14331.0,32,2,462.65999999999997,27,43,231.32999999999998,1,0,0.0,0.0,0
14332.0,55,3,1196.24,33,324,398.74666666666667,1,1,0.0,721.17,1
14334.0,1,11,4094.98,146,476,372.2709090909091,1,0,0.15384615384615385,223.5,1
14335.0,4,1,347.5,40,4,347.5,0,0,0.0,107.36,1
14336.0,106,3,1114.39,53,184,371.46333333333337,1,0,0.0,500.52000000000004,1
14338.0,69,3,928.1,43,444,309.3666666666667,1,0,0.4,0.0,0
14339.0,150,2,620.27,21,336,310.135,1,1,0.6,0.0,0
14340.0,126,1,134.7,6,126,134.7,1,0,0.0,0.0,0
14341.0,38,16,3424.56,137,646,214.035,1,1,0.1111111111111111,1027.46,1
14342.0,45,4,669.62,20,380,167.405,1,0,0.42857142857142855,248.82,1
14343.0,329,4,1079.66,193,598,269.915,1,0,0.0,0.0,0
14344.0,35,20,2993.05,140,534,149.6525,1,0,0.0,0.0,0
14346.0,28,5,2315.75,123,405,463.15,1,0,0.0,0.0,0
14347.0,644,1,82.6,6,644,82.6,1,1,0.0,0.0,0
14348.0,168,1,409.57,18,168,409.57,1,0,0.0,0.0,0
14350.0,182,3,972.03,55,338,324.01,1,1,0.25,0.0,0
14351.0,72,1,51.0,1,72,51.0,1,0,0.0,0.0,0
14352.0,65,4,1078.96,44,181,269.74,1,0,0.0,0.0,0
14353.0,123,3,376.5,18,339,125.5,1,1,0.0,0.0,0
14355.0,273,3,840.0500000000001,57,535,280.0166666666667,1,0,0.0,0.0,0
14358.0,297,2,400.06,21,336,200.03,1,1,0.3333333333333333,0.0,0
14360.0,2,1,1124.49,71,2,1124.49,1,0,0.0,993.54,1
14361.0,486,1,214.70999999999998,14,486,214.70999999999998,1,0,0.0,0.0,0
14363.0,310,2,227.47000000000003,8,359,113.73500000000001,1,0,0.0,0.0,0
14364.0,16,8,3717.35,61,119,464.66875,1,0,0.0,0.0,0
14365.0,302,2,634.68,50,589,317.34,1,0,0.0,0.0,0
14366.0,433,1,136.0,1,433,136.0,1,0,0.0,0.0,0
14367.0,45,10,5419.7,209,184,541.97,1,0,0.16666666666666666,3808.12,1
14368.0,227,1,155.0,8,227,155.0,1,0,0.0,0.0,0
14369.0,550,2,469.13,24,569,234.565,1,0,0.0,0.0,0
14370.0,358,6,1175.78,37,584,195.96333333333334,1,0,0.3333333333333333,0.0,0
14371.0,203,1,100.5,4,203,100.5,1,0,0.0,0.0,0
14372.0,351,2,860.08,36,507,430.04,1,0,0.3333333333333333,0.0,0
14373.0,266,1,76.55,4,266,76.55,1,1,0.0,0.0,0
14374.0,449,1,108.0,7,449,108.0,1,0,0.0,0.0,0
14375.0,93,3,1106.82,176,449,368.94,1,0,0.0,0.0,0
14376.0,591,1,215.46,17,591,215.46,1,0,0.0,0.0,0
14377.0,99,2,617.05,11,170,308.525,1,0,0.0,0.0,0
14378.0,529,1,131.25,9,529,131.25,1,0,0.0,0.0,0
14379.0,203,3,1028.04,75,388,342.68,1,0,0.0,237.12,1
14380.0,590,1,48.96,1,590,48.96,1,0,0.0,0.0,0
14381.0,359,1,423.26,56,359,423.26,1,0,0.0,202.68,1
14382.0,298,1,578.14,137,298,578.14,1,1,0.5,615.49,1
14383.0,71,1,242.09,15,71,242.09,1,0,0.0,1005.6,1
14384.0,408,1,58.5,3,408,58.5,1,0,0.0,0.0,0
14386.0,204,1,142.4,7,204,142.4,1,0,0.0,0.0,0
14387.0,17,1,440.76,40,17,440.76,1,0,0.0,1286.84,1
14388.0,29,13,5010.47,148,596,385.4207692307692,1,0,0.1875,1377.73,1
14389.0,98,4,1165.69,40,498,291.4225,1,0,0.5555555555555556,732.32,1
14390.0,52,8,3098.17,166,333,387.27125,1,1,0.2727272727272727,3051.86,1
14391.0,484,1,135.6,14,484,135.6,1,0,0.0,0.0,0
14392.0,340,1,266.4,14,340,266.4,1,1,0.0,0.0,0
14393.0,126,1,67.95,5,126,67.95,1,0,0.0,0.0,0
14394.0,472,1,93.8,6,472,93.8,1,0,0.0,0.0,0
14395.0,85,17,6274.34,261,508,369.07882352941175,1,0,0.10526315789473684,1527.59,1
14396.0,279,6,1591.74,167,645,265.29,1,1,0.0,377.64,1
14397.0,1,10,1036.12,16,121,103.612,1,0,0.0,1576.84,1
14398.0,309,2,707.79,50,435,353.895,1,0,0.0,0.0,0
14399.0,302,8,2108.21,119,582,263.52625,1,0,0.1111111111111111,0.0,0
14400.0,57,3,1732.47,71,539,577.49,1,0,0.4,0.0,0
14401.0,3,19,5823.8,137,633,306.5157894736842,1,1,0.09523809523809523,972.1,1
14402.0,560,1,285.6,8,560,285.6,1,0,0.0,0.0,0
14403.0,38,6,1880.51,20,547,313.41833333333335,1,0,0.3333333333333333,0.0,0
14404.0,16,12,2597.33,118,627,216.44416666666666,1,1,0.14285714285714285,126.79999999999998,1
14405.0,294,1,195.0,2,294,195.0,1,1,0.0,0.0,0
14406.0,27,1,156.75,8,27,156.75,1,0,0.0,0.0,0
14407.0,15,5,2142.73,66,184,428.546,1,0,0.375,0.0,0
14408.0,2,10,3794.05,62,640,379.40500000000003,1,1,0.0,308.22,1
14409.0,30,8,3311.57,72,475,413.94625,1,0,0.1111111111111111,115.72,1
14410.0,0,11,2630.9,306,345,239.1727272727273,1,0,0.3125,0.0,0
14411.0,218,1,1063.0,14,218,1063.0,1,0,0.0,0.0,0
14412.0,332,1,656.16,41,332,656.16,1,1,0.0,770.03,1
14413.0,270,4,764.52,93,597,191.13,1,0,0.0,0.0,0
14414.0,7,7,2213.49,95,282,316.2128571428571,1,1,0.125,185.83999999999997,1
14415.0,6,19,9890.65,377,631,520.5605263157895,1,1,0.2962962962962963,998.49,1
14417.0,295,1,524.65,106,295,524.65,1,1,0.0,0.0,0
14418.0,16,1,150.44,17,16,150.44,1,0,0.0,1786.81,1
14419.0,160,3,509.99,53,290,169.99666666666667,1,1,0.0,744.65,1
14420.0,7,4,1639.17,85,599,409.7925,1,0,0.3333333333333333,0.0,0
14421.0,119,5,2111.44,67,599,422.288,1,0,0.16666666666666666,357.93,1
14422.0,78,15,7040.03,227,630,469.3353333333333,1,1,0.11764705882352941,2849.48,1
14423.0,126,3,916.6099999999999,12,602,305.53666666666663,1,0,0.25,0.0,0
14425.0,342,3,661.39,35,645,220.46333333333334,1,1,0.4,0.0,0
14426.0,48,13,10131.85,426,553,779.373076923077,1,0,0.38095238095238093,1596.09,1
14427.0,402,2,900.1800000000001,27,539,450.09000000000003,1,0,0.0,363.34000000000003,1
14428.0,147,2,330.62,25,233,165.31,1,0,0.3333333333333333,893.44,1
14429.0,311,1,516.28,22,311,516.28,1,1,0.0,0.0,0
14430.0,419,3,1220.9,29,515,406.9666666666667,1,0,0.4,0.0,0
14431.0,210,4,2614.2,72,595,653.55,1,0,0.2,0.0,0
14433.0,373,1,280.7,72,373,280.7,1,0,0.0,0.0,0
14435.0,409,1,90.42,3,409,90.42,1,0,0.0,0.0,0
14436.0,6,2,271.70000000000005,11,461,135.85000000000002,1,0,0.0,0.0,0
14437.0,273,5,873.34,34,491,174.668,1,0,0.16666666666666666,0.0,0
14438.0,214,1,131.9,9,214,131.9,1,0,0.0,0.0,0
14439.0,227,5,9443.04,105,595,1888.6080000000002,0,0,0.0,0.0,0
14440.0,224,10,4810.06,55,645,481.00600000000003,1,1,0.16666666666666666,1171.97,1
14441.0,2,9,3596.2000000000003,83,598,399.5777777777778,1,0,0.3076923076923077,709.79,1
14442.0,112,7,5367.0199999999995,128,598,766.7171428571428,0,0,0.36363636363636365,0.0,0
14443.0,46,4,1654.29,93,287,413.5725,1,1,0.42857142857142855,428.68,1
14444.0,364,1,120.44,11,364,120.44,1,0,0.0,0.0,0
14445.0,363,1,221.65,32,363,221.65,1,0,0.0,0.0,0
14446.0,154,2,492.96999999999997,113,294,246.48499999999999,1,1,0.0,515.68,1
14447.0,104,3,1149.53,63,308,383.1766666666667,1,1,0.0,562.2,1
14448.0,272,1,102.35000000000001,18,272,102.35000000000001,1,1,0.0,273.0,1
14449.0,154,6,1745.07,211,344,290.84499999999997,1,0,0.0,485.89,1
14450.0,88,7,1128.44,47,518,161.2057142857143,1,0,0.0,0.0,0
14451.0,102,11,2974.78,218,599,270.43454545454546,1,0,0.35294117647058826,283.9,1
14452.0,1,3,527.27,86,429,175.75666666666666,1,0,0.0,131.68,1
14453.0,98,1,119.93,22,98,119.93,1,0,0.0,0.0,0
14454.0,284,5,977.3,93,641,195.45999999999998,1,1,0.16666666666666666,0.0,0
14455.0,340,4,617.72,65,403,154.43,1,0,0.2,0.0,0
14456.0,39,3,633.69,219,50,211.23000000000002,1,0,0.0,2380.63,1
14457.0,218,1,113.64,4,218,113.64,1,0,0.0,0.0,0
14458.0,288,1,219.26999999999998,45,288,219.26999999999998,1,1,0.0,0.0,0
14459.0,63,2,5375.74,112,559,2687.87,1,0,0.0,0.0,0
14460.0,18,9,1093.5,33,632,121.5,1,1,0.25,0.0,0
14461.0,56,13,6676.52,514,598,513.5784615384616,1,0,0.07142857142857142,0.0,0
14462.0,28,10,1767.89,159,340,176.78900000000002,1,1,0.16666666666666666,469.92,1
14463.0,6,4,786.5699999999999,7,407,196.64249999999998,1,0,0.0,0.0,0
14464.0,476,2,111.0,4,535,55.5,1,0,0.0,0.0,0
14465.0,154,11,3925.85,128,609,356.8954545454545,1,0,0.0,0.0,0
14466.0,23,11,3575.2,76,634,325.0181818181818,1,1,0.0,691.95,1
14467.0,220,9,1738.68,120,645,193.18666666666667,1,1,0.0,464.56,1
14468.0,641,1,204.24,12,641,204.24,1,1,0.0,0.0,0
14469.0,324,4,2093.46,120,587,523.365,1,0,0.0,0.0,0
14470.0,195,2,548.49,48,338,274.245,1,1,0.0,163.55,1
14471.0,499,2,400.95,38,640,200.475,1,1,0.0,0.0,0
14472.0,11,9,2118.72,173,597,235.4133333333333,1,0,0.0,0.0,0
14473.0,190,1,85.0,1,190,85.0,1,0,0.0,149.34000000000003,1
14474.0,487,1,711.23,97,487,711.23,1,0,0.0,547.66,1
14475.0,94,3,847.47,28,316,282.49,1,1,0.5,303.68,1
14476.0,165,1,193.0,17,165,193.0,1,0,0.0,0.0,0
14477.0,92,5,1183.0,5,612,236.6,1,0,0.2857142857142857,786.6,1
14478.0,290,4,1276.66,59,646,319.165,1,1,0.0,0.0,0
14479.0,161,4,1124.71,127,641,281.1775,1,1,0.0,0.0,0
14480.0,310,3,1020.47,43,626,340.1566666666667,1,1,0.25,279.05,1
14481.0,72,5,2284.69,114,585,456.938,1,0,0.0,0.0,0
14482.0,7,8,2749.86,101,378,343.7325,1,0,0.2,1556.8600000000001,1
14483.0,189,2,257.1,13,644,128.55,1,1,0.3333333333333333,0.0,0
14484.0,309,3,749.0600000000001,37,630,249.6866666666667,1,1,0.0,321.92,1
14486.0,419,2,175.5,4,461,87.75,1,0,0.0,0.0,0
14487.0,276,2,225.89000000000001,32,287,112.94500000000001,1,1,0.3333333333333333,1040.3799999999999,1
14489.0,115,4,1574.93,65,520,393.7325,1,0,0.0,0.0,0
14490.0,314,2,1273.47,72,336,636.735,1,1,0.0,0.0,0
14491.0,83,2,340.93,17,280,170.465,1,1,0.0,0.0,0
14492.0,338,7,1921.91,70,527,274.55857142857144,1,0,0.3,0.0,0
14493.0,63,6,3315.84,228,549,552.64,1,0,0.25,1772.02,1
14494.0,309,2,261.9,10,639,130.95,1,1,0.0,139.56,1
14495.0,29,2,91.6,3,567,45.8,1,0,0.3333333333333333,83.2,1
14496.0,219,7,2363.89,64,541,337.6985714285714,1,0,0.3,0.0,0
14497.0,217,2,697.0600000000001,40,581,348.53000000000003,1,0,0.3333333333333333,0.0,0
14498.0,24,9,3225.3,231,458,358.3666666666667,1,0,0.0,675.53,1
14499.0,41,6,1661.16,141,377,276.86,1,0,0.3333333333333333,440.63,1
14500.0,20,2,335.85,5,97,167.925,1,0,0.0,21.0,1
14501.0,91,2,251.21,9,227,125.605,1,0,0.0,0.0,0
14502.0,57,7,1163.22,201,221,166.17428571428573,1,0,0.2222222222222222,1263.57,1
14503.0,86,1,597.07,40,86,597.07,1,0,0.0,2946.19,1
14504.0,151,3,542.71,81,186,180.90333333333334,1,0,0.0,130.55,1
14505.0,17,17,10236.39,776,638,602.1405882352941,1,1,0.2916666666666667,1636.69,1
14506.0,70,5,1818.56,143,507,363.712,1,0,0.0,1141.69,1
14507.0,9,9,2773.55,180,637,308.1722222222222,1,1,0.25,443.19000000000005,1
14508.0,284,3,554.87,100,448,184.95666666666668,1,0,0.25,268.05,1
14509.0,442,1,110.95,25,442,110.95,1,0,0.0,0.0,0
14510.0,283,3,979.85,67,344,326.6166666666667,1,0,0.25,0.0,0
14511.0,0,2,329.89,16,41,164.945,1,0,0.0,984.92,1
14512.0,95,7,1215.97,55,640,173.71,1,1,0.0,0.0,0
14513.0,8,6,788.01,15,476,131.335,1,0,0.14285714285714285,0.0,0
14514.0,109,8,3792.95,197,634,474.11875,1,1,0.1111111111111111,587.09,1
14515.0,99,8,2412.82,72,458,301.6025,1,0,0.2727272727272727,1311.24,1
14516.0,424,1,151.17,35,424,151.17,1,0,0.0,0.0,0
14517.0,49,1,252.45,14,49,252.45,1,0,0.0,78.0,1
14519.0,591,2,203.14,38,636,101.57,1,1,0.0,0.0,0
14520.0,198,1,165.0,1,198,165.0,1,0,0.0,0.0,0
14521.0,399,1,199.45000000000002,17,399,199.45000000000002,1,0,0.5,0.0,0
14522.0,0,6,1534.5800000000002,34,592,255.76333333333335,1,0,0.0,213.83999999999997,1
14523.0,16,1,241.09,12,16,241.09,1,0,0.0,0.0,0
14524.0,86,9,2094.9,211,324,232.76666666666668,1,1,0.0,814.96,1
14525.0,8,15,6622.98,288,634,441.532,1,1,0.16666666666666666,1395.61,1
14526.0,297,1,258.65,41,297,258.65,1,1,0.0,0.0,0
14527.0,6,106,23965.39,560,645,226.08858490566038,1,1,0.152,3225.71,1
14529.0,18,1,135.24,49,18,135.24,1,0,0.0,443.37,1
14530.0,1,15,5709.08,250,595,380.6053333333333,1,0,0.16666666666666666,379.79,1
14531.0,387,1,376.34,29,387,376.34,1,0,0.0,0.0,0
14532.0,144,11,3845.78,209,606,349.61636363636364,1,0,0.08333333333333333,0.0,0
14533.0,20,6,2251.63,44,518,375.2716666666667,1,0,0.25,1214.74,1
14534.0,3,22,4817.15,384,542,218.96136363636361,1,0,0.2413793103448276,1365.91,1
14535.0,35,8,4759.86,494,561,594.9825,1,0,0.1111111111111111,1202.03,1
14536.0,167,1,170.95,18,167,170.95,1,0,0.0,0.0,0
14537.0,531,1,285.84000000000003,13,531,285.84000000000003,1,0,0.5,355.56,1
14538.0,164,4,1089.0900000000001,30,591,272.27250000000004,1,0,0.0,281.75,1
14540.0,217,9,2952.88,149,640,328.09777777777776,1,1,0.1,756.76,1
14541.0,76,13,2345.38,99,609,180.41384615384615,1,0,0.0,146.0,1
14542.0,93,1,103.25,5,93,103.25,1,0,0.0,0.0,0
14543.0,16,36,14187.99,99,646,394.11083333333335,1,1,0.18181818181818182,360.23,1
14544.0,269,2,2036.0,111,378,1018.0,1,0,0.0,902.53,1
14545.0,582,1,349.25,23,582,349.25,1,0,0.0,0.0,0
14546.0,109,8,3485.79,314,641,435.72375,1,1,0.42857142857142855,1699.05,1
14548.0,58,9,2541.29,66,641,282.36555555555555,1,1,0.0,0.0,0
14549.0,219,4,913.6,117,645,228.4,1,1,0.0,0.0,0
14550.0,296,2,587.69,46,391,293.845,1,0,0.0,757.37,1
14551.0,112,6,817.29,68,589,136.215,1,0,0.25,60.8,1
14552.0,59,3,507.93,124,500,169.31,1,0,0.0,0.0,0
14553.0,126,6,1271.65,169,417,211.9416666666667,1,0,0.14285714285714285,546.95,1
14555.0,210,5,2177.83,93,629,435.566,1,1,0.16666666666666666,126.2,1
14556.0,504,3,815.69,158,596,271.8966666666667,1,0,0.0,0.0,0
14558.0,562,3,655.5,13,639,218.5,1,1,0.4,0.0,0
14559.0,298,1,75.6,2,298,75.6,1,1,0.0,0.0,0
14560.0,2,37,5441.46,51,645,147.0664864864865,1,1,0.02631578947368421,672.57,1
14561.0,70,2,566.99,35,92,283.495,1,0,0.0,513.77,1
14562.0,0,15,3940.76,194,578,262.71733333333333,1,0,0.11764705882352941,2697.39,1
14563.0,417,2,625.42,94,500,312.71,1,0,0.0,0.0,0
14564.0,342,2,2605.62,107,643,1302.81,0,1,0.6,0.0,0
14565.0,3,5,3709.2200000000003,138,381,741.844,1,0,0.2857142857142857,0.0,0
14566.0,18,4,4092.0,9,441,1023.0,0,0,0.0,0.0,0
14567.0,38,1,800.76,13,38,800.76,1,0,0.0,729.6,1
14568.0,343,1,919.7,47,343,919.7,0,0,0.5,0.0,0
14569.0,360,3,369.94,21,511,123.31333333333333,1,0,0.0,0.0,0
14570.0,188,3,512.4,63,351,170.79999999999998,1,0,0.0,0.0,0
14571.0,333,1,160.0,30,333,160.0,1,1,0.0,0.0,0
14572.0,18,9,4779.68,303,529,531.0755555555556,1,0,0.3076923076923077,741.3,1
14573.0,87,13,2163.12,183,608,166.39384615384614,1,0,0.23529411764705882,0.0,0
14574.0,640,1,143.70000000000002,11,640,143.70000000000002,1,1,0.0,0.0,0
14575.0,396,1,420.22,71,396,420.22,1,0,0.0,0.0,0
14576.0,280,1,35.400000000000006,1,280,35.400000000000006,1,1,0.0,0.0,0
14577.0,71,6,1151.08,95,636,191.84666666666666,1,1,0.0,213.07,1
14579.0,340,1,105.56,24,340,105.56,1,1,0.0,0.0,0
14580.0,426,1,14.850000000000001,1,426,14.850000000000001,1,0,0.0,0.0,0
14581.0,452,1,271.05,43,452,271.05,1,0,0.0,138.6,1
14583.0,52,7,1415.05,292,529,202.15,1,0,0.0,245.24,1
14584.0,77,8,1738.16,127,568,217.27,1,0,0.1111111111111111,0.0,0
14585.0,290,4,986.22,64,324,246.555,1,1,0.0,157.05,1
14586.0,184,1,237.36,19,184,237.36,1,0,0.6666666666666666,0.0,0
14587.0,92,8,1452.68,166,239,181.585,1,0,0.1111111111111111,127.61,1
14588.0,486,1,135.39,16,486,135.39,1,0,0.0,0.0,0
14589.0,279,1,39.75,3,279,39.75,1,1,0.0,0.0,0
14590.0,332,20,2993.37,124,640,149.6685,1,1,0.2857142857142857,0.0,0
14591.0,121,1,204.02,33,121,204.02,1,0,0.0,1116.19,1
14593.0,106,11,3380.47,368,638,307.31545454545454,1,1,0.3125,277.56,1
14594.0,281,1,255.0,31,281,255.0,1,1,0.0,108.33,1
14595.0,221,3,587.6500000000001,30,596,195.88333333333335,1,0,0.0,1576.8,1
14596.0,534,1,222.22000000000003,50,534,222.22000000000003,1,0,0.0,0.0,0
14597.0,99,5,1483.49,44,345,296.698,1,0,0.0,701.14,1
14598.0,477,1,162.07,40,477,162.07,1,0,0.5,221.97,1
14599.0,298,2,457.89,77,417,228.945,1,0,0.0,0.0,0
14600.0,213,2,865.1700000000001,53,301,432.58500000000004,1,1,0.0,0.0,0
14602.0,564,1,205.35999999999999,31,564,205.35999999999999,1,0,0.0,0.0,0
14603.0,182,1,660.0,2,182,660.0,1,0,0.0,0.0,0
14604.0,541,1,136.35999999999999,19,541,136.35999999999999,1,0,0.0,0.0,0
14605.0,282,4,920.71,87,639,230.1775,1,1,0.0,0.0,0
14606.0,1,162,27081.51,1218,644,167.1698148148148,1,1,0.2636363636363636,2441.59,1
14607.0,169,9,8048.63,76,632,894.2922222222222,1,1,0.18181818181818182,14526.5,1
14608.0,270,7,1761.79,9,641,251.68428571428572,1,1,0.125,1581.15,1
14609.0,51,9,1371.0,6,576,152.33333333333334,1,0,0.1,115.2,1
14610.0,303,2,24.35,10,422,12.175,1,0,0.0,0.0,0
14611.0,351,2,604.3299999999999,37,506,302.16499999999996,1,0,0.3333333333333333,0.0,0
14612.0,323,1,877.7,14,323,877.7,1,1,0.0,0.0,0
14613.0,588,1,76.32000000000001,1,588,76.32000000000001,1,0,0.0,0.0,0
14614.0,294,1,295.13,19,294,295.13,1,1,0.0,0.0,0
14615.0,302,5,951.76,40,456,190.352,1,0,0.16666666666666666,0.0,0
14616.0,150,5,527.78,3,456,105.556,1,0,0.0,0.0,0
14617.0,310,2,190.47000000000003,7,323,95.23500000000001,1,1,0.0,0.0,0
14618.0,245,5,1000.6800000000001,35,454,200.13600000000002,1,0,0.2857142857142857,341.64,1
14619.0,153,2,1291.24,58,449,645.62,1,0,0.3333333333333333,0.0,0
14620.0,113,2,412.78000000000003,26,191,206.39000000000001,1,0,0.3333333333333333,0.0,0
14621.0,64,7,2215.12,100,591,316.44571428571425,1,0,0.5,482.59000000000003,1
14622.0,92,1,320.58000000000004,21,92,320.58000000000004,1,0,0.0,0.0,0
14623.0,24,8,1731.76,174,510,216.47,1,0,0.1111111111111111,280.54,1
14624.0,323,4,588.22,30,512,147.055,1,0,0.0,225.85,1
14625.0,104,11,4497.88,167,631,408.89818181818185,1,1,0.3888888888888889,0.0,0
14626.0,30,9,4190.94,139,637,465.65999999999997,1,1,0.18181818181818182,1219.98,1
14627.0,287,1,462.75,29,287,462.75,1,1,0.6666666666666666,0.0,0
14628.0,150,4,1657.6200000000001,60,591,414.40500000000003,1,0,0.0,340.38,1
14630.0,392,1,338.65,21,392,338.65,1,0,0.0,0.0,0
14631.0,143,5,1648.79,55,395,329.758,1,0,0.16666666666666666,376.90000000000003,1
14632.0,170,1,114.56,8,170,114.56,1,0,0.0,0.0,0
14633.0,174,1,344.90000000000003,20,174,344.90000000000003,1,0,0.0,0.0,0
14634.0,345,4,2124.46,105,449,531.115,1,0,0.42857142857142855,0.0,0
14635.0,361,1,215.22,15,361,215.22,1,0,0.0,0.0,0
14636.0,176,1,300.19,16,176,300.19,1,0,0.0,309.66,1
14637.0,585,1,106.67999999999999,7,585,106.67999999999999,1,0,0.0,0.0,0
14639.0,28,7,3983.7,166,569,569.1,1,0,0.2222222222222222,995.26,1
14640.0,35,8,3025.34,142,594,378.1675,1,0,0.38461538461538464,624.02,1
14643.0,78,5,1679.89,57,636,335.978,1,1,0.16666666666666666,0.0,0
14644.0,206,6,1604.46,37,644,267.41,1,1,0.3333333333333333,643.26,1
14645.0,64,3,876.89,45,542,292.2966666666667,1,0,0.25,0.0,0
14646.0,0,115,425343.12,804,645,3698.6358260869565,0,1,0.05737704918032787,101157.8,1
14647.0,109,2,506.04,42,431,253.02,1,0,0.0,0.0,0
14648.0,324,15,4463.39,285,637,297.55933333333337,1,1,0.21052631578947367,0.0,0
14649.0,120,7,2830.72,301,596,404.3885714285714,1,0,0.2222222222222222,820.47,1
14650.0,497,1,62.5,4,497,62.5,1,0,0.0,0.0,0
14651.0,119,8,1787.24,185,539,223.405,1,0,0.0,238.28,1
14653.0,246,6,2011.22,150,645,335.2033333333333,1,1,0.0,1168.86,1
14654.0,646,1,246.86,27,646,246.86,1,1,0.0,0.0,0
14655.0,130,4,2756.84,55,504,689.21,1,0,0.42857142857142855,1121.67,1
14656.0,77,5,790.0,148,511,158.0,1,0,0.0,0.0,0
14657.0,63,5,1240.91,132,343,248.18200000000002,1,0,0.16666666666666666,209.28,1
14658.0,25,1,123.14,14,25,123.14,1,0,0.0,124.01,1
14659.0,53,6,1641.55,107,223,273.59166666666664,1,0,0.3333333333333333,888.38,1
14660.0,8,1,128.95,14,8,128.95,1,0,0.0,156.79,1
14662.0,142,6,1147.34,139,644,191.22333333333333,1,1,0.0,229.09,1
14663.0,338,2,490.6,60,338,245.3,1,1,0.0,0.0,0
14665.0,204,5,1645.6100000000001,78,500,329.122,1,0,0.16666666666666666,1104.04,1
14667.0,2,47,17196.01,508,645,365.8725531914893,1,1,0.12962962962962962,3163.58,1
14668.0,353,1,111.63,10,353,111.63,1,0,0.0,0.0,0
14669.0,149,7,3216.78,334,645,459.54,1,1,0.0,0.0,0
14670.0,188,3,583.33,159,640,194.44333333333336,1,1,0.0,0.0,0
14671.0,457,2,1127.45,48,476,563.725,1,0,0.0,0.0,0
14672.0,142,4,1113.14,93,588,278.285,1,0,0.0,0.0,0
14673.0,275,3,1674.41,65,317,558.1366666666667,1,1,0.0,1362.91,1
14674.0,417,1,173.66,14,417,173.66,1,0,0.0,0.0,0
14675.0,296,1,419.22,114,296,419.22,1,1,0.0,596.36,1
14676.0,55,10,7499.47,68,547,749.947,1,0,0.2857142857142857,857.32,1
14677.0,500,1,184.91,14,500,184.91,1,0,0.0,0.0,0
14678.0,487,1,403.39,24,487,403.39,1,0,0.5,0.0,0
14679.0,289,3,1289.44,49,639,429.81333333333333,1,1,0.4,0.0,0
14680.0,3,56,52356.95,220,643,934.9455357142857,1,1,0.3253012048192771,3331.55,1
14681.0,119,4,770.1500000000001,18,561,192.53750000000002,1,0,0.0,105.0,1
14682.0,95,6,1514.81,79,580,252.46833333333333,1,0,0.0,0.0,0
14683.0,496,1,146.56,21,496,146.56,1,0,0.0,0.0,0
14684.0,123,3,721.96,195,298,240.65333333333334,1,1,0.0,708.07,1
14685.0,484,8,4536.64,109,634,567.08,1,1,0.38461538461538464,0.0,0
14686.0,322,5,852.53,185,567,170.506,1,0,0.16666666666666666,0.0,0
14687.0,14,3,1402.06,34,459,467.3533333333333,1,0,0.0,0.0,0
14688.0,0,23,5797.77,162,364,252.07695652173916,1,0,0.11538461538461539,1392.65,1
14689.0,116,1,112.8,13,116,112.8,1,0,0.0,0.0,0
14690.0,59,3,635.1899999999999,65,318,211.73,1,1,0.25,142.49,1
14691.0,4,2,1274.68,37,120,637.34,1,0,0.0,839.65,1
14692.0,45,12,1715.1399999999999,101,525,142.9283333333333,1,0,0.07692307692307693,0.0,0
14693.0,172,7,1165.36,43,433,166.48,1,0,0.125,0.0,0
14694.0,525,1,244.31,15,525,244.31,1,0,0.0,0.0,0
14695.0,427,3,1534.22,76,640,511.4066666666667,1,1,0.25,0.0,0
14696.0,27,6,1852.8700000000001,105,329,308.81166666666667,1,1,0.25,620.41,1
14697.0,126,2,188.60999999999999,22,126,94.30499999999999,1,0,0.0,0.0,0
14699.0,122,4,702.6,45,433,175.65,1,0,0.0,0.0,0
14700.0,97,4,2422.06,88,393,605.515,1,0,0.0,654.0,1
14701.0,80,13,3902.4500000000003,377,592,300.1884615384616,1,0,0.1875,584.66,1
14702.0,24,21,4756.44,259,637,226.49714285714285,1,1,0.08695652173913043,1405.15,1
14704.0,50,4,466.46,102,532,116.615,1,0,0.0,1254.1200000000001,1
14705.0,106,1,179.0,1,106,179.0,1,0,0.0,0.0,0
14706.0,526,1,367.54,25,526,367.54,1,0,0.0,0.0,0
14707.0,343,2,139.2,1,484,69.6,1,0,0.0,0.0,0
14708.0,62,4,1368.03,14,363,342.0075,1,0,0.2,425.19,1
14709.0,1,21,7918.03,99,642,377.0490476190476,1,1,0.08695652173913043,968.3000000000001,1
14710.0,287,9,1300.31,203,644,144.4788888888889,1,1,0.0,599.48,1
14711.0,17,8,2056.73,146,170,257.09125,1,0,0.1111111111111111,782.89,1
14712.0,20,2,526.72,14,326,263.36,1,1,0.0,801.35,1
14713.0,7,19,4482.7699999999995,207,644,235.93526315789472,1,1,0.17391304347826086,632.59,1
14714.0,315,3,746.05,59,595,248.6833333333333,1,0,0.5,160.19,1
14715.0,2,7,1536.92,86,597,219.56,1,0,0.0,272.63,1
14716.0,56,2,417.49,61,352,208.745,1,0,0.0,125.79,1
14717.0,641,1,81.3,11,641,81.3,1,1,0.5,0.0,0
14718.0,318,1,226.42,11,318,226.42,1,1,0.0,0.0,0
14719.0,87,2,488.12,70,157,244.06,1,0,0.0,687.3,1
14720.0,34,1,155.8,9,34,155.8,1,0,0.0,508.01,1
14721.0,287,1,109.07,24,287,109.07,1,1,0.0,0.0,0
14722.0,55,3,489.52,72,394,163.17333333333332,1,0,0.0,0.0,0
14723.0,266,8,1134.65,179,643,141.83125,1,1,0.0,666.71,1
14724.0,498,1,341.9,40,498,341.9,1,0,0.0,0.0,0
14725.0,302,3,591.28,40,442,197.09333333333333,1,0,0.25,655.58,1
14726.0,562,1,116.5,15,562,116.5,1,0,0.0,0.0,0
14727.0,182,3,461.03,42,454,153.67666666666665,1,0,0.25,0.0,0
14728.0,321,1,190.58,14,321,190.58,1,1,0.0,0.0,0
14729.0,281,3,586.24,126,533,195.41333333333333,1,0,0.0,0.0,0
14730.0,15,5,872.13,142,184,174.426,1,0,0.0,797.25,1
14731.0,113,2,251.01999999999998,23,120,125.50999999999999,1,0,0.0,129.0,1
14732.0,51,16,4432.88,132,638,277.055,1,1,0.2,1084.19,1
14733.0,18,14,13793.44,137,310,985.2457142857144,1,1,0.125,541.71,1
14734.0,333,4,1056.42,48,459,264.105,1,0,0.2,0.0,0
14735.0,7,47,9770.18,168,643,207.87617021276597,1,1,0.06,2454.98,1
14736.0,393,2,374.05,70,393,187.025,1,0,0.0,0.0,0
14737.0,36,3,3471.37,28,308,1157.1233333333332,1,1,0.0,82.8,1
14738.0,41,7,1265.1000000000001,47,640,180.72857142857146,1,1,0.2222222222222222,556.8000000000001,1
14739.0,2,22,9918.92,123,645,450.86,1,1,0.08333333333333333,1654.7,1
14740.0,105,11,4161.06,173,560,378.27818181818185,1,0,0.15384615384615385,0.0,0
14741.0,21,5,1177.71,38,325,235.542,1,1,0.0,535.38,1
14742.0,343,1,579.85,34,343,579.85,1,0,0.0,0.0,0
14743.0,500,1,50.48,3,500,50.48,1,0,0.0,0.0,0
14744.0,205,12,3488.13,53,478,290.6775,1,0,0.14285714285714285,171.95,1
14745.0,20,12,2551.41,74,545,212.61749999999998,1,0,0.29411764705882354,0.0,0
14746.0,314,4,593.5,7,331,148.375,1,1,0.0,0.0,0
14747.0,157,1,328.2,18,157,328.2,1,0,0.5,0.0,0
14748.0,31,9,2384.92,118,553,264.99111111111114,1,0,0.4,296.98,1
14749.0,387,1,310.15,18,387,310.15,1,0,0.0,0.0,0
14750.0,644,1,112.03,32,644,112.03,1,1,0.0,0.0,0
14751.0,592,2,126.45,7,634,63.225,1,1,0.0,0.0,0
14753.0,368,1,306.36,18,368,306.36,1,0,0.0,563.15,1
14754.0,203,5,1138.15,90,598,227.63000000000002,1,0,0.16666666666666666,409.78,1
14755.0,20,21,7829.95,202,644,372.8547619047619,1,1,0.19230769230769232,2142.6,1
14756.0,290,2,1864.8,67,332,932.4,1,1,0.3333333333333333,738.96,1
14758.0,52,7,2864.97,91,518,409.28142857142853,1,0,0.0,0.0,0
14759.0,20,2,870.85,47,140,435.425,1,0,0.0,755.12,1
14760.0,205,1,89.2,5,205,89.2,1,0,0.5,0.0,0
14761.0,242,2,289.52,20,352,144.76,1,0,0.0,158.4,1
14762.0,171,2,417.57,28,534,208.785,1,0,0.0,0.0,0
14765.0,20,2,95.5,8,84,47.75,1,0,0.0,158.61,1
14766.0,76,9,5433.68,226,459,603.7422222222223,1,0,0.25,942.0500000000001,1
14767.0,382,1,382.81,18,382,382.81,1,0,0.0,0.0,0
14768.0,35,1,133.20000000000002,4,35,133.20000000000002,1,0,0.0,59.400000000000006,1
14769.0,16,15,11381.97,625,631,758.798,1,1,0.16666666666666666,4130.49,1
14770.0,140,8,3637.64,152,560,454.705,1,0,0.1111111111111111,0.0,0
14771.0,529,2,594.62,46,644,297.31,1,1,0.3333333333333333,0.0,0
14772.0,20,1,139.26,9,20,139.26,1,0,0.0,0.0,0
14773.0,500,1,140.55,10,500,140.55,1,0,0.5,0.0,0
14774.0,436,1,241.45,13,436,241.45,1,0,0.0,0.0,0
14775.0,45,2,701.46,39,280,350.73,1,1,0.0,310.44,1
14776.0,13,12,3032.22,68,354,252.68499999999997,1,0,0.2,676.08,1
14777.0,311,1,307.56,16,311,307.56,1,1,0.6666666666666666,0.0,0
14778.0,35,2,730.86,34,216,365.43,1,0,0.0,0.0,0
14779.0,188,3,386.15,40,231,128.71666666666667,1,0,0.0,0.0,0
14782.0,227,1,200.10000000000002,6,227,200.10000000000002,1,0,0.0,0.0,0
14783.0,567,1,307.3,17,567,307.3,1,0,0.5,0.0,0
14784.0,231,2,274.62,14,297,137.31,1,1,0.0,175.31,1
14786.0,458,1,90.96,7,458,90.96,1,0,0.0,0.0,0
14787.0,379,1,110.65,14,379,110.65,1,0,0.0,0.0,0
14788.0,504,1,476.88,28,504,476.88,1,0,0.0,679.4399999999999,1
14790.0,27,8,2145.6,62,636,268.2,1,1,0.0,381.02,1
14791.0,514,1,303.63,19,514,303.63,1,0,0.0,0.0,0
14793.0,443,1,396.91,25,443,396.91,1,0,0.0,228.99,1
14794.0,111,7,1313.53,57,395,187.64714285714285,1,0,0.2222222222222222,640.37,1
14795.0,74,1,131.45000000000002,6,74,131.45000000000002,1,0,0.0,0.0,0
14796.0,2,24,8773.460000000001,427,633,365.5608333333334,1,1,0.3333333333333333,998.53,1
14797.0,415,1,300.31,16,415,300.31,1,0,0.0,0.0,0
14798.0,52,7,647.97,26,556,92.56714285714285,1,0,0.125,76.34,1
14799.0,645,1,180.45,10,645,180.45,1,1,0.0,157.7,1
14800.0,17,14,6680.78,301,343,477.1985714285714,1,0,0.2631578947368421,499.3,1
14803.0,70,3,845.55,35,200,281.84999999999997,1,0,0.0,0.0,0
14805.0,221,4,645.4,82,529,161.35,1,0,0.0,437.15,1
14806.0,347,1,110.03999999999999,9,347,110.03999999999999,1,0,0.0,193.39000000000001,1
14807.0,298,2,504.14,37,557,252.07,1,0,0.0,0.0,0
14808.0,52,6,1833.82,146,80,305.63666666666666,1,0,0.3333333333333333,884.78,1
14809.0,529,2,686.76,18,529,343.38,1,0,0.0,0.0,0
14810.0,11,12,2135.48,116,337,177.95666666666668,1,1,0.0,218.55,1
14811.0,295,1,170.5,28,295,170.5,1,1,0.0,0.0,0
14812.0,506,1,178.85,36,506,178.85,1,0,0.0,0.0,0
14813.0,277,4,888.91,110,518,222.2275,1,0,0.0,0.0,0
14814.0,489,1,152.96,27,489,152.96,1,0,0.0,0.0,0
14816.0,105,1,271.85,4,105,271.85,1,0,0.0,0.0,0
14817.0,108,7,3609.86,141,535,515.6942857142857,1,0,0.2222222222222222,0.0,0
14818.0,77,5,905.39,70,555,181.078,1,0,0.0,248.17000000000002,1
14819.0,100,3,269.06,43,626,89.68666666666667,1,1,0.0,187.35,1
14820.0,81,6,907.24,38,585,151.20666666666668,1,0,0.0,367.52,1
14821.0,274,7,1230.15,65,584,175.7357142857143,1,0,0.0,0.0,0
14822.0,393,1,157.70000000000002,9,393,157.70000000000002,1,0,0.0,0.0,0
14823.0,88,3,321.43,56,102,107.14333333333333,1,0,0.0,0.0,0
14824.0,287,6,2895.2000000000003,76,545,482.53333333333336,1,0,0.25,1127.71,1
14825.0,35,19,3847.54,178,520,202.5021052631579,1,0,0.13636363636363635,887.54,1
14826.0,489,2,385.2,10,603,192.6,1,0,0.0,0.0,0
14828.0,104,13,9839.460000000001,72,640,756.8815384615385,1,1,0.07142857142857142,0.0,0
14829.0,92,6,1289.95,72,344,214.99166666666667,1,0,0.25,165.92,1
14831.0,588,3,1676.57,67,645,558.8566666666667,1,1,0.5714285714285714,0.0,0
14833.0,406,1,94.8,7,406,94.8,1,0,0.0,0.0,0
14834.0,28,3,915.16,34,315,305.05333333333334,1,1,0.25,1291.0,1
14835.0,436,2,297.0,1,525,148.5,1,0,0.3333333333333333,0.0,0
14837.0,13,8,3156.38,159,592,394.5475,1,0,0.2,303.94,1
14838.0,331,2,769.9200000000001,69,644,384.96000000000004,1,1,0.0,0.0,0
14839.0,326,3,915.28,61,612,305.0933333333333,1,0,0.0,0.0,0
14840.0,175,2,362.71,20,447,181.355,1,0,0.3333333333333333,0.0,0
14841.0,87,12,6242.81,182,645,520.2341666666667,1,1,0.0,920.19,1
14842.0,3,3,1901.52,86,216,633.84,1,0,0.4,923.17,1
14843.0,344,1,211.79999999999998,9,344,211.79999999999998,1,0,0.0,0.0,0
14844.0,31,9,5770.3,140,514,641.1444444444445,1,0,0.18181818181818182,932.13,1
14845.0,507,1,150.0,1,507,150.0,1,0,0.0,0.0,0
14846.0,335,1,437.4,12,335,437.4,1,1,0.5,0.0,0
14847.0,56,3,1348.95,56,472,449.65000000000003,1,0,0.25,0.0,0
14848.0,312,1,310.56,11,312,310.56,1,1,0.0,0.0,0
14849.0,3,35,13261.6,267,606,378.90285714285716,1,0,0.14634146341463414,2146.01,1
14850.0,219,7,1770.96,129,476,252.99428571428572,1,0,0.2222222222222222,0.0,0
14851.0,164,2,524.19,24,538,262.095,1,0,0.0,305.22,1
14852.0,4,17,5484.16,126,552,322.5976470588235,1,0,0.15,648.27,1
14853.0,119,4,1115.57,21,513,278.8925,1,0,0.2,261.3,1
14854.0,41,10,3844.86,158,594,384.486,1,0,0.23076923076923078,458.2,1
14855.0,27,7,6520.3,168,518,931.4714285714286,1,0,0.0,0.0,0
14857.0,56,6,3001.25,148,542,500.2083333333333,1,0,0.3333333333333333,650.6,1
14858.0,413,1,180.75,11,413,180.75,1,0,0.0,0.0,0
14859.0,112,2,648.76,17,462,324.38,1,0,0.3333333333333333,1056.88,1
14861.0,288,9,1254.94,58,639,139.4377777777778,1,1,0.3076923076923077,125.79,1
14862.0,56,1,304.09999999999997,21,56,304.09999999999997,1,0,0.0,537.1,1
14865.0,280,3,77.52000000000001,3,646,25.840000000000003,1,1,0.0,15.0,1
14866.0,13,9,7474.04,34,352,830.4488888888889,1,0,0.0,13226.0,1
14867.0,93,16,2952.06,67,642,184.50375,1,1,0.15789473684210525,0.0,0
14868.0,28,8,2527.4900000000002,105,328,315.93625000000003,1,1,0.0,1656.52,1
14869.0,11,5,2443.75,171,631,488.75,1,1,0.2857142857142857,334.39,1
14870.0,169,6,1838.95,43,591,306.4916666666667,1,0,0.3333333333333333,0.0,0
14871.0,86,8,1062.19,101,646,132.77375,1,1,0.0,165.98000000000002,1
14872.0,391,3,816.6,34,541,272.2,1,0,0.25,0.0,0
14873.0,118,2,854.13,48,541,427.065,1,0,0.0,0.0,0
14874.0,443,1,116.18,6,443,116.18,1,0,0.0,0.0,0
14875.0,15,3,2862.4,88,349,954.1333333333333,1,0,0.4,0.0,0
14876.0,429,2,256.7,12,469,128.35,1,0,0.0,0.0,0
14877.0,326,2,425.85,57,550,212.925,1,0,0.0,0.0,0
14878.0,81,22,3683.43,150,564,167.42863636363634,1,0,0.08333333333333333,393.07,1
14879.0,592,1,185.06,27,592,185.06,1,0,0.0,0.0,0
14880.0,93,2,347.67,25,196,173.835,1,0,0.0,342.92,1
14882.0,298,12,2956.9500000000003,31,527,246.41250000000002,1,0,0.07692307692307693,589.7,1
14883.0,71,2,358.48,25,119,179.24,1,0,0.0,403.11,1
14884.0,577,1,120.6,8,577,120.6,1,0,0.0,0.0,0
14885.0,39,3,1598.12,24,373,532.7066666666666,1,0,0.25,0.0,0
14886.0,160,1,364.8,18,160,364.8,1,0,0.0,0.0,0
14888.0,115,1,369.2,20,115,369.2,1,0,0.0,0.0,0
14889.0,244,1,135.9,10,244,135.9,1,0,0.0,0.0,0
14890.0,161,3,817.25,55,567,272.4166666666667,1,0,0.0,0.0,0
14891.0,56,4,1106.73,55,344,276.6825,1,0,0.0,0.0,0
14892.0,598,1,202.35000000000002,13,598,202.35000000000002,1,0,0.0,0.0,0
14893.0,525,1,571.76,33,525,571.76,1,0,0.6666666666666666,1237.8500000000001,1
14894.0,351,2,837.0600000000001,23,645,418.53000000000003,1,1,0.5,655.75,1
14895.0,18,28,20062.54,363,637,716.5192857142857,1,1,0.24324324324324326,5057.0,1
14896.0,112,8,1826.0,150,641,228.25,1,1,0.2,0.0,0
14897.0,204,5,1949.66,65,632,389.932,1,1,0.16666666666666666,1190.88,1
14898.0,42,13,3087.82,163,644,237.5246153846154,1,1,0.23529411764705882,278.13,1
14899.0,303,1,1331.38,126,303,1331.38,1,1,0.0,0.0,0
14900.0,430,1,13.919999999999998,1,430,13.919999999999998,1,0,0.0,0.0,0
14901.0,9,8,1319.83,80,406,164.97875,1,0,0.1111111111111111,599.17,1
14902.0,303,2,702.96,34,461,351.48,1,0,0.3333333333333333,332.66,1
14903.0,32,4,2398.62,195,186,599.655,1,0,0.5555555555555556,396.71,1
14904.0,316,2,605.05,62,335,302.525,1,1,0.0,1025.44,1
14905.0,65,8,1971.39,45,644,246.42375,1,1,0.2,0.0,0
14907.0,7,14,4654.8,142,510,332.4857142857143,1,0,0.2631578947368421,892.9200000000001,1
14908.0,371,1,104.10000000000001,5,371,104.10000000000001,1,0,0.0,277.8,1
14909.0,345,3,1404.68,61,571,468.2266666666667,1,0,0.4,0.0,0
14911.0,1,287,212743.77,2179,646,741.2674912891986,0,1,0.19607843137254902,58973.24,1
14912.0,154,5,1504.1899999999998,37,590,300.83799999999997,0,0,0.16666666666666666,385.06,1
14913.0,91,7,3762.85,161,393,537.55,1,0,0.0,310.28000000000003,1
14915.0,185,10,1646.05,63,644,164.605,1,1,0.09090909090909091,165.20000000000002,1
14916.0,1,7,2741.73,97,525,391.67571428571426,1,0,0.3,301.21999999999997,1
14917.0,504,2,1123.75,29,504,561.875,1,0,0.0,0.0,0
14918.0,23,9,5955.81,79,518,661.7566666666667,1,0,0.0,0.0,0
14919.0,447,1,359.35,13,447,359.35,1,0,0.0,0.0,0
14920.0,120,3,1607.17,90,473,535.7233333333334,1,0,0.0,0.0,0
14921.0,109,1,903.01,53,109,903.01,1,0,0.0,413.06,1
14922.0,301,2,843.74,49,415,421.87,1,0,0.0,0.0,0
14924.0,153,3,931.01,30,547,310.33666666666664,1,0,0.0,0.0,0
14926.0,289,2,359.4,2,506,179.7,1,0,0.3333333333333333,0.0,0
14927.0,304,1,308.2,20,304,308.2,1,1,0.0,0.0,0
14928.0,535,1,223.91000000000003,21,535,223.91000000000003,1,0,0.5,0.0,0
14929.0,329,1,612.8100000000001,23,329,612.8100000000001,1,1,0.0,223.88,1
14930.0,16,6,5236.7300000000005,213,514,872.7883333333334,0,0,0.3333333333333333,0.0,0
14931.0,148,1,243.0,8,148,243.0,0,0,0.0,621.6800000000001,1
14932.0,273,2,566.13,28,293,283.065,0,1,0.0,0.0,0
14933.0,351,4,1770.0,1,352,442.5,0,0,0.2,0.0,0
14934.0,190,4,2341.4,88,349,585.35,0,0,0.3333333333333333,1062.1,1
14935.0,205,2,2849.83,25,527,1424.915,0,0,0.0,0.0,0
14936.0,16,7,9346.67,195,491,1335.2385714285715,0,0,0.125,3064.14,1
14937.0,38,1,759.56,13,38,759.56,0,0,0.5,862.3199999999999,1
14938.0,470,2,2322.43,71,470,1161.215,0,0,0.5,0.0,0
14940.0,325,2,531.49,32,641,265.745,1,1,0.0,0.0,0
14941.0,486,1,182.1,7,486,182.1,1,0,0.0,0.0,0
14942.0,309,4,746.56,12,637,186.64,1,1,0.0,0.0,0
14943.0,571,1,107.62,5,571,107.62,1,0,0.0,0.0,0
14944.0,2,14,6948.61,160,568,496.3292857142857,1,0,0.2222222222222222,2736.06,1
14945.0,321,1,179.4,11,321,179.4,1,1,0.0,0.0,0
14947.0,38,5,937.47,43,532,187.494,1,0,0.0,112.32,1
14948.0,6,4,639.23,39,127,159.8075,1,0,0.0,462.74,1
14949.0,377,4,515.0,16,629,128.75,1,1,0.3333333333333333,0.0,0
14952.0,114,28,13064.47,209,644,466.5882142857143,1,1,0.2631578947368421,4564.88,1
14953.0,326,3,683.15,152,343,227.71666666666667,1,0,0.25,285.67,1
14954.0,611,1,167.27,41,611,167.27,1,0,0.0,294.85,1
14955.0,640,1,163.77,30,640,163.77,1,1,0.0,0.0,0
14956.0,329,1,1325.0,4,329,1325.0,1,1,0.0,0.0,0
14957.0,161,2,261.69,27,552,130.845,1,0,0.0,0.0,0
14958.0,55,6,941.99,52,644,156.99833333333333,1,1,0.0,0.0,0
14959.0,17,3,537.32,33,204,179.10666666666668,1,0,0.0,158.1,1
14960.0,79,1,88.3,2,79,88.3,1,0,0.0,132.97,1
14961.0,62,19,13272.45,286,643,698.5500000000001,1,1,0.24,3137.7,1
14962.0,178,4,366.91,14,492,91.7275,1,0,0.0,0.0,0
14963.0,91,8,1945.43,215,433,243.17875,1,0,0.1111111111111111,1178.14,1
14964.0,155,1,206.21,13,155,206.21,1,0,0.0,0.0,0
14965.0,4,2,596.09,80,4,298.045,1,0,0.0,0.0,0
14966.0,295,5,881.24,93,632,176.248,1,1,0.0,183.02,1
14967.0,349,5,1518.81,19,644,303.762,1,1,0.0,463.8,1
14968.0,366,1,349.9,46,366,349.9,1,0,0.0,147.59,1
14969.0,611,1,906.23,13,611,906.23,1,0,0.0,0.0,0
14970.0,45,11,4447.04,57,571,404.2763636363636,1,0,0.26666666666666666,472.31,1
14972.0,36,2,145.07,20,289,72.535,1,1,0.0,0.0,0
14973.0,15,3,1314.45,29,133,438.15000000000003,1,0,0.0,0.0,0
14975.0,329,1,192.45,15,329,192.45,1,1,0.0,279.94,1
14976.0,9,4,559.96,38,234,139.99,1,0,0.2,214.9,1
14977.0,633,1,31.929999999999996,4,633,31.929999999999996,1,1,0.0,0.0,0
14978.0,143,9,2718.05,159,498,302.0055555555556,1,0,0.18181818181818182,394.14,1
14979.0,643,1,429.66,42,643,429.66,1,1,0.0,0.0,0
14980.0,645,1,150.68,24,645,150.68,1,1,0.0,0.0,0
14981.0,154,2,372.92,20,331,186.46,1,1,0.3333333333333333,0.0,0
14982.0,480,1,234.88,38,480,234.88,1,0,0.0,0.0,0
14983.0,597,1,183.20000000000002,30,597,183.20000000000002,1,0,0.0,0.0,0
14984.0,88,5,1160.37,27,605,232.07399999999998,1,0,0.0,100.14,1
14985.0,106,2,292.01,78,266,146.005,1,1,0.0,0.0,0
14986.0,284,2,563.1,87,592,281.55,1,0,0.0,0.0,0
14987.0,273,7,1387.4499999999998,4,645,198.20714285714283,1,1,0.125,163.2,1
14988.0,119,7,2038.65,171,510,291.2357142857143,1,0,0.0,0.0,0
14989.0,569,1,342.4,18,569,342.4,1,0,0.0,0.0,0
14990.0,520,2,304.17,41,638,152.085,1,1,0.0,0.0,0
14991.0,338,1,314.67,21,338,314.67,1,1,0.0,0.0,0
14992.0,350,1,210.5,27,350,210.5,1,0,0.0,0.0,0
14993.0,471,1,36.13,9,471,36.13,1,0,0.0,0.0,0
14994.0,290,5,942.77,232,531,188.554,1,0,0.2857142857142857,0.0,0
14995.0,188,1,119.31,37,188,119.31,1,0,0.0,112.67,1
14996.0,389,2,442.28999999999996,37,389,221.14499999999998,1,0,0.0,0.0,0
14997.0,86,2,385.68,20,563,192.84,1,0,0.0,390.91999999999996,1
14998.0,78,4,753.18,111,513,188.295,1,0,0.0,0.0,0
14999.0,500,1,129.48000000000002,9,500,129.48000000000002,1,0,0.0,0.0,0
15001.0,302,2,197.10999999999999,43,302,98.55499999999999,1,1,0.0,0.0,0
15002.0,23,9,4138.08,220,604,459.78666666666663,1,0,0.0,0.0,0
15003.0,381,6,1027.03,253,590,171.17166666666665,1,0,0.14285714285714285,0.0,0
15004.0,55,1,1220.38,153,55,1220.38,1,0,0.0,0.0,0
15005.0,3,48,11964.76,523,646,249.26583333333335,1,1,0.2835820895522388,1787.82,1
15006.0,361,1,277.4,47,361,277.4,1,0,0.0,475.43,1
15007.0,67,1,156.91,12,67,156.91,1,0,0.0,0.0,0
15008.0,388,2,360.0,6,545,180.0,1,0,0.0,0.0,0
15011.0,303,2,416.6,17,324,208.3,1,1,0.0,0.0,0
15012.0,281,2,429.78,107,484,214.89,1,0,0.0,216.48,1
15013.0,395,10,1610.82,177,585,161.082,1,0,0.0,0.0,0
15014.0,84,1,117.72999999999999,2,84,117.72999999999999,1,0,0.0,139.94,1
15015.0,409,13,2344.47,157,633,180.34384615384613,1,1,0.35,0.0,0
15016.0,80,5,620.89,93,451,124.178,1,0,0.16666666666666666,0.0,0
15018.0,160,2,291.34000000000003,17,275,145.67000000000002,1,1,0.3333333333333333,204.87,1
15019.0,174,1,252.81,64,174,252.81,1,0,0.0,0.0,0
15020.0,287,1,198.47,27,287,198.47,1,1,0.0,0.0,0
15021.0,64,8,1709.05,289,406,213.63125,1,0,0.3333333333333333,791.54,1
15022.0,585,1,281.05,19,585,281.05,1,0,0.0,852.39,1
15023.0,24,17,9863.06,424,582,580.18,1,0,0.15,1692.44,1
15024.0,21,11,2753.58,130,332,250.32545454545453,1,1,0.0,805.81,1
15025.0,476,1,609.88,71,476,609.88,1,0,0.0,361.96,1
15026.0,148,4,810.67,83,356,202.6675,1,0,0.0,233.42,1
15027.0,76,9,3096.42,67,532,344.0466666666667,1,0,0.25,99.18,1
15028.0,276,3,521.78,45,302,173.92666666666665,1,1,0.0,441.16,1
15029.0,527,1,365.1,10,527,365.1,1,0,0.5,0.0,0
15030.0,176,7,1614.39,21,553,230.62714285714287,1,0,0.125,365.52000000000004,1
15031.0,18,12,2711.54,213,639,225.96166666666667,1,1,0.14285714285714285,391.4,1
15032.0,164,8,11010.05,39,637,1376.25625,1,1,0.2,0.0,0
15033.0,17,6,1605.65,202,237,267.60833333333335,1,0,0.14285714285714285,948.23,1
15034.0,140,11,6597.42,308,485,599.7654545454545,1,0,0.08333333333333333,1633.78,1
15036.0,85,2,212.49,49,87,106.245,1,0,0.0,217.07,1
15037.0,284,2,397.76,40,284,198.88,1,1,0.0,0.0,0
15038.0,95,7,958.49,176,333,136.92714285714285,1,1,0.0,188.04,1
15039.0,7,83,37437.17,531,637,451.0502409638554,1,1,0.14432989690721648,1704.31,1
15040.0,449,1,7.49,1,449,7.49,1,0,0.0,0.0,0
15041.0,78,2,288.98,97,352,144.49,1,0,0.0,0.0,0
15042.0,107,2,315.45,9,503,157.725,1,0,0.0,0.0,0
15043.0,371,5,2318.3199999999997,38,441,463.66399999999993,1,0,0.0,537.0,1
15044.0,44,28,13286.960000000001,268,631,474.5342857142858,1,1,0.2222222222222222,2482.05,1
15045.0,59,2,735.66,11,165,367.83,1,0,0.3333333333333333,0.0,0
15046.0,4,21,6458.099999999999,225,602,307.5285714285714,1,0,0.125,1146.74,1
15047.0,177,1,343.62,22,177,343.62,1,0,0.0,0.0,0
15048.0,24,3,321.48,74,276,107.16000000000001,1,1,0.25,59.52,1
15049.0,181,1,121.17000000000002,3,181,121.17000000000002,1,0,0.0,0.0,0
15050.0,329,2,2349.5,58,388,1174.75,1,0,0.0,1737.69,1
15051.0,58,7,2921.29,133,646,417.32714285714286,1,1,0.125,1005.62,1
15052.0,227,1,207.73000000000002,27,227,207.73000000000002,1,0,0.0,0.0,0
15053.0,64,2,478.6,28,189,239.3,1,0,0.0,215.35,1
15055.0,382,3,549.12,77,631,183.04,1,1,0.0,0.0,0
15056.0,428,1,113.64999999999999,6,428,113.64999999999999,1,0,0.0,0.0,0
15057.0,183,5,3255.96,62,642,651.192,1,1,0.16666666666666666,0.0,0
15058.0,32,12,2519.8,169,561,209.98333333333335,1,0,0.07692307692307693,867.78,1
15059.0,15,17,3161.28,282,641,185.95764705882354,1,1,0.32,329.12,1
15061.0,35,116,108428.43,119,646,934.7278448275862,1,1,0.072,17959.14,1
15062.0,125,7,2411.8,95,518,344.54285714285714,1,0,0.0,173.82,1
15063.0,121,1,370.79999999999995,5,121,370.79999999999995,1,0,0.0,0.0,0
15064.0,318,4,1154.41,74,625,288.6025,1,1,0.0,0.0,0
15065.0,72,4,3027.48,140,318,756.87,1,1,0.3333333333333333,299.38,1
15067.0,190,3,2966.17,125,515,988.7233333333334,1,0,0.25,896.71,1
15068.0,164,3,861.5,139,529,287.1666666666667,1,0,0.0,313.4,1
15069.0,87,1,1109.53,70,87,1109.53,1,0,0.0,0.0,0
15070.0,280,3,737.0500000000001,26,632,245.68333333333337,1,1,0.0,0.0,0
15071.0,1,4,1455.56,41,478,363.89,1,0,0.0,0.0,0
15072.0,387,1,187.51999999999998,13,387,187.51999999999998,1,0,0.0,0.0,0
15073.0,93,7,2606.57,109,589,372.3671428571429,1,0,0.125,181.45,1
15074.0,13,3,1553.1299999999999,63,375,517.7099999999999,1,0,0.0,0.0,0
15076.0,80,3,1447.74,68,430,482.58,1,0,0.4,0.0,0
15077.0,402,2,2428.08,28,638,1214.04,1,1,0.5,0.0,0
15078.0,13,42,14236.210000000001,103,643,338.95738095238096,1,1,0.20754716981132076,3040.52,1
15079.0,120,11,3625.4,119,639,329.58181818181816,1,1,0.35294117647058826,0.0,0
15080.0,335,2,546.25,31,409,273.125,1,0,0.0,0.0,0
15081.0,116,9,1597.82,65,443,177.53555555555556,1,0,0.1,256.75,1
15082.0,576,1,93.35000000000001,6,576,93.35000000000001,1,0,0.0,0.0,0
15083.0,164,1,88.2,5,164,88.2,1,0,0.0,0.0,0
15084.0,287,2,965.2,31,553,482.6,1,0,0.0,0.0,0
15085.0,637,1,347.54,9,637,347.54,1,1,0.0,0.0,0
15086.0,472,2,218.53,10,533,109.265,1,0,0.0,0.0,0
15087.0,189,1,306.94,15,189,306.94,1,0,0.0,0.0,0
15089.0,2,3,2036.28,117,36,678.76,1,0,0.0,384.56,1
15090.0,216,1,381.32,23,216,381.32,1,0,0.0,0.0,0
15091.0,582,2,565.9,27,582,282.95,1,0,0.5,480.71,1
15092.0,123,3,776.46,39,370,258.82,1,0,0.25,0.0,0
15093.0,24,22,13132.46,104,639,596.93,1,1,0.3333333333333333,569.9200000000001,1
15094.0,371,2,83.0,4,552,41.5,1,0,0.0,0.0,0
15095.0,11,10,3141.64,90,595,314.164,1,0,0.09090909090909091,0.0,0
15097.0,491,2,660.27,39,491,330.135,1,0,0.5,248.08,1
15098.0,90,3,39916.5,1,90,13305.5,1,0,0.25,0.0,0
15100.0,241,7,2193.8999999999996,11,609,313.41428571428565,1,0,0.5,0.0,0
15101.0,267,5,1262.69,48,498,252.538,1,0,0.5,215.25,1
15102.0,438,2,554.67,26,454,277.335,1,0,0.0,0.0,0
15104.0,104,2,993.54,66,190,496.77,1,0,0.3333333333333333,0.0,0
15105.0,42,3,1328.96,67,534,442.9866666666667,1,0,0.0,1765.95,1
15106.0,49,3,1032.83,67,177,344.27666666666664,1,0,0.25,389.69,1
15107.0,219,9,824.35,32,359,91.59444444444445,1,0,0.25,0.0,0
15108.0,49,3,1159.25,49,135,386.4166666666667,0,0,0.25,0.0,0
15109.0,153,3,983.1,46,643,327.7,1,1,0.25,0.0,0
15110.0,34,4,886.3000000000001,20,393,221.57500000000002,1,0,0.3333333333333333,619.5500000000001,1
15111.0,280,3,1163.39,60,500,387.7966666666667,1,0,0.0,1278.98,1
15112.0,519,1,209.4,7,519,209.4,1,0,0.0,0.0,0
15114.0,1,9,2318.53,94,329,257.6144444444445,1,1,0.0,1081.59,1
15115.0,640,1,191.74,14,640,191.74,1,1,0.5,340.11,1
15116.0,42,2,790.97,20,112,395.485,1,0,0.0,561.7800000000001,1
15117.0,28,5,1609.92,65,542,321.98400000000004,1,0,0.0,876.0500000000001,1
15118.0,42,1,244.8,1,42,244.8,1,0,0.0,0.0,0
15119.0,153,1,266.4,14,153,266.4,1,0,0.0,0.0,0
15120.0,41,1,358.82,21,41,358.82,1,0,0.5,0.0,0
15121.0,196,1,295.15,18,196,295.15,1,0,0.0,162.57,1
15122.0,22,11,4487.27,155,527,407.9336363636364,1,0,0.26666666666666666,0.0,0
15123.0,114,4,3526.33,113,541,881.5825,1,0,0.0,1129.84,1
15124.0,99,3,357.38,25,559,119.12666666666667,1,0,0.0,93.44,1
15125.0,21,21,16291.87,146,526,775.8033333333334,1,0,0.3225806451612903,733.0,1
15126.0,444,2,449.49,25,595,224.745,1,0,0.0,0.0,0
15127.0,427,1,304.97,12,427,304.97,1,0,0.0,406.53,1
15128.0,34,4,1482.92,80,338,370.73,1,1,0.42857142857142855,300.76,1
15129.0,14,22,6209.51,80,518,282.25045454545455,1,0,0.0,650.67,1
15130.0,77,1,330.11,22,77,330.11,1,0,0.0,0.0,0
15131.0,302,1,80.28,7,302,80.28,1,1,0.0,0.0,0
15132.0,13,3,842.23,47,170,280.74333333333334,1,0,0.0,135.70000000000002,1
15133.0,35,5,1806.9,45,428,361.38,1,0,0.0,0.0,0
15134.0,35,6,823.16,31,330,137.19333333333333,1,1,0.0,773.13,1
15135.0,147,2,305.68,17,464,152.84,1,0,0.3333333333333333,0.0,0
15136.0,4,1,582.9,29,4,582.9,1,0,0.0,703.8000000000001,1
15137.0,428,2,823.4,34,588,411.7,1,0,0.6,0.0,0
15138.0,301,1,502.52,31,301,502.52,1,1,0.5,0.0,0
15139.0,147,2,178.96,13,244,89.48,1,0,0.0,0.0,0
15140.0,23,6,2617.55,82,350,436.2583333333334,1,0,0.14285714285714285,626.14,1
15141.0,365,7,1388.47,44,529,198.35285714285715,1,0,0.2222222222222222,0.0,0
15142.0,318,5,2121.18,97,408,424.236,1,0,0.16666666666666666,498.74,1
15143.0,133,2,563.63,27,340,281.815,1,1,0.0,0.0,0
15144.0,0,22,9140.710000000001,170,634,415.48681818181825,1,1,0.15384615384615385,3019.6,1
15145.0,135,2,724.03,35,156,362.015,1,0,0.0,470.7,1
15146.0,72,2,1327.16,90,199,663.58,1,0,0.3333333333333333,0.0,0
15147.0,148,1,623.5,28,148,623.5,1,0,0.5,0.0,0
15149.0,41,4,1524.6100000000001,61,557,381.15250000000003,1,0,0.0,0.0,0
15150.0,17,8,7256.2300000000005,441,451,907.0287500000001,1,0,0.0,1721.71,1
15151.0,331,2,2085.61,56,417,1042.805,1,0,0.0,0.0,0
15152.0,21,7,2901.35,131,609,414.4785714285714,1,0,0.3,2362.48,1
15154.0,386,2,1089.44,101,386,544.72,1,0,0.0,254.28,1
15155.0,291,1,383.96999999999997,24,291,383.96999999999997,1,1,0.0,0.0,0
15157.0,62,4,2223.41,116,637,555.8525,1,1,0.3333333333333333,430.70000000000005,1
15158.0,309,1,204.62,4,309,204.62,1,1,0.5,401.40000000000003,1
15159.0,20,22,12445.69,271,339,565.7131818181819,1,1,0.08333333333333333,9567.09,1
15160.0,265,4,589.27,17,329,147.3175,1,1,0.0,0.0,0
15161.0,296,1,119.92,33,296,119.92,1,1,0.0,0.0,0
15162.0,639,1,312.9,12,639,312.9,1,1,0.5,0.0,0
15163.0,100,1,155.0,10,100,155.0,1,0,0.0,149.47,1
15164.0,116,8,1566.76,223,598,195.845,1,0,0.1111111111111111,461.35,1
15165.0,281,1,487.75,27,281,487.75,1,1,0.0,0.0,0
15166.0,375,1,167.16,12,375,167.16,1,0,0.0,0.0,0
15167.0,228,5,1627.62,262,581,325.524,1,0,0.0,0.0,0
15169.0,290,2,569.22,58,634,284.61,1,1,0.0,0.0,0
15170.0,314,1,81.15,4,314,81.15,1,1,0.0,0.0,0
15171.0,239,1,1289.5,5,239,1289.5,1,0,0.5,0.0,0
15172.0,43,3,886.74,60,144,295.58,1,0,0.0,737.31,1
15173.0,288,7,1494.6,68,525,213.5142857142857,1,0,0.125,0.0,0
15174.0,230,2,481.46,34,318,240.73,1,1,0.0,0.0,0
15176.0,575,1,988.04,52,575,988.04,1,0,0.5,0.0,0
15177.0,333,1,948.93,26,333,948.93,1,1,0.0,0.0,0
15178.0,168,1,40.5,3,168,40.5,1,0,0.0,0.0,0
15179.0,141,11,6740.09,190,644,612.7354545454546,1,1,0.21428571428571427,751.83,1
15180.0,275,3,816.9300000000001,46,497,272.31,1,0,0.0,0.0,0
15181.0,83,4,945.7199999999999,14,639,236.42999999999998,1,1,0.3333333333333333,254.48,1
15182.0,62,11,2998.9500000000003,77,564,272.63181818181823,1,0,0.21428571428571427,0.0,0
15183.0,455,3,639.93,33,492,213.30999999999997,1,0,0.25,0.0,0
15184.0,98,3,518.42,34,631,172.80666666666664,1,1,0.0,166.97,1
15186.0,76,4,1221.05,26,604,305.2625,1,0,0.0,182.15,1
15187.0,4,5,1868.88,36,120,373.776,1,0,0.16666666666666666,2563.38,1
15188.0,633,1,310.43,23,633,310.43,1,1,0.0,0.0,0
15189.0,1,37,13836.66,84,417,373.96378378378375,1,0,0.24489795918367346,3283.62,1
15190.0,342,1,834.4399999999999,40,342,834.4399999999999,1,1,0.0,0.0,0
15191.0,371,3,588.05,33,596,196.01666666666665,1,0,0.0,0.0,0
15192.0,27,5,1666.39,56,587,333.278,1,0,0.0,0.0,0
15194.0,34,24,8874.53,227,644,369.77208333333334,1,1,0.29411764705882354,3147.0,1
15196.0,340,2,313.7,34,634,156.85,1,1,0.0,0.0,0
15197.0,160,5,1571.15,35,636,314.23,1,1,0.2857142857142857,306.36,1
15198.0,0,5,571.35,28,597,114.27000000000001,1,0,0.16666666666666666,0.0,0
15199.0,2,9,2821.45,17,483,313.4944444444444,1,0,0.0,300.95,1
15200.0,402,1,549.05,30,402,549.05,1,0,0.0,0.0,0
15201.0,34,6,1539.67,38,519,256.6116666666667,1,0,0.45454545454545453,303.28000000000003,1
15203.0,13,13,3900.7,141,639,300.05384615384617,1,1,0.0,499.48,1
15204.0,265,1,316.58,9,265,316.58,1,1,0.0,0.0,0
15205.0,35,1,476.29999999999995,24,35,476.29999999999995,1,0,0.0,176.94,1
15206.0,7,3,236.7,3,183,78.89999999999999,1,0,0.0,183.6,1
15207.0,324,3,683.9200000000001,19,455,227.97333333333336,1,0,0.4,0.0,0
15208.0,71,3,423.91999999999996,19,331,141.30666666666664,1,1,0.0,339.0,1
15209.0,638,1,178.98000000000002,13,638,178.98000000000002,1,1,0.0,0.0,0
15210.0,133,3,1176.19,66,483,392.06333333333333,1,0,0.0,0.0,0
15211.0,273,1,383.07,23,273,383.07,1,1,0.0,511.34000000000003,1
15212.0,149,2,208.28,7,284,104.14,1,1,0.3333333333333333,0.0,0
15213.0,226,2,328.35,22,237,164.175,1,0,0.3333333333333333,0.0,0
15214.0,91,2,651.63,46,150,325.815,1,0,0.0,881.05,1
15215.0,4,5,1987.53,71,520,397.506,1,0,0.375,434.90000000000003,1
15216.0,526,1,389.49,22,526,389.49,1,0,0.0,96.6,1
15217.0,471,1,426.24,28,471,426.24,1,0,0.0,0.0,0
15218.0,24,19,9562.29,131,590,503.27842105263164,1,0,0.13636363636363635,1891.54,1
15219.0,84,2,685.45,26,556,342.725,1,0,0.0,0.0,0
15220.0,23,5,1284.05,84,188,256.81,1,0,0.16666666666666666,494.91,1
15221.0,274,4,2062.2000000000003,21,545,515.5500000000001,1,0,0.42857142857142855,0.0,0
15222.0,226,11,3550.91,98,631,322.81,1,1,0.35294117647058826,0.0,0
15223.0,133,5,1417.95,26,642,283.59000000000003,1,1,0.16666666666666666,0.0,0
15224.0,266,5,871.36,24,601,174.272,1,0,0.375,0.0,0
15225.0,142,1,409.40000000000003,23,142,409.40000000000003,1,0,0.0,0.0,0
15226.0,218,1,154.41,8,218,154.41,1,0,0.0,0.0,0
15227.0,123,7,2145.91,79,541,306.5585714285714,1,0,0.0,342.58,1
15228.0,37,5,4417.59,163,407,883.518,1,0,0.16666666666666666,1162.68,1
15229.0,494,1,160.5,9,494,160.5,1,0,0.0,0.0,0
15230.0,147,2,429.6,23,148,214.8,1,0,0.0,0.0,0
15231.0,529,1,250.26,14,529,250.26,1,0,0.5,0.0,0
15232.0,21,2,612.06,26,48,306.03,1,0,0.0,0.0,0
15233.0,309,1,59.400000000000006,1,309,59.400000000000006,1,1,0.0,0.0,0
15234.0,184,1,197.0,14,184,197.0,1,0,0.0,0.0,0
15235.0,125,16,2772.76,161,296,173.2975,1,1,0.0,0.0,0
15236.0,206,1,321.05,15,206,321.05,1,0,0.0,0.0,0
15237.0,111,2,1093.65,74,135,546.825,1,0,0.0,235.07,1
15238.0,3,2,772.78,37,92,386.39,1,0,0.5,299.21000000000004,1
15240.0,99,10,3798.79,108,642,379.879,1,1,0.4117647058823529,661.1899999999999,1
15241.0,35,9,2638.58,112,562,293.17555555555555,1,0,0.1,411.58000000000004,1
15242.0,330,1,302.04,4,330,302.04,1,1,0.0,0.0,0
15243.0,343,1,610.6,39,343,610.6,1,0,0.0,316.68,1
15244.0,156,2,578.45,28,574,289.225,1,0,0.3333333333333333,333.63,1
15245.0,42,8,4610.84,72,503,576.355,1,0,0.0,0.0,0
15246.0,146,3,780.4,45,463,260.1333333333333,1,0,0.0,0.0,0
15247.0,30,3,976.06,13,445,325.3533333333333,1,0,0.25,0.0,0
15248.0,319,3,1893.93,103,442,631.3100000000001,1,0,0.25,0.0,0
15249.0,15,15,7934.57,272,531,528.9713333333333,1,0,0.16666666666666666,1331.43,1
15250.0,548,1,60.0,3,548,60.0,1,0,0.0,0.0,0
15251.0,14,17,17291.670000000002,154,587,1017.1570588235295,1,0,0.2916666666666667,3032.87,1
15252.0,91,4,1663.18,82,519,415.795,1,0,0.3333333333333333,440.23,1
15253.0,77,4,1310.74,67,494,327.685,1,0,0.42857142857142855,744.35,1
15254.0,35,3,1088.35,64,468,362.7833333333333,1,0,0.25,0.0,0
15255.0,304,8,2815.17,101,644,351.89625,1,1,0.2,890.85,1
15256.0,56,2,170.4,6,469,85.2,1,0,0.0,0.0,0
15257.0,191,2,685.9,11,322,342.95,1,1,0.3333333333333333,0.0,0
15258.0,76,2,623.16,32,125,311.58,1,0,0.0,0.0,0
15259.0,420,4,1182.3799999999999,50,590,295.59499999999997,1,0,0.0,0.0,0
15260.0,8,25,8767.73,186,641,350.7092,1,1,0.16666666666666666,0.0,0
15261.0,43,4,1508.0,87,342,377.0,1,1,0.0,0.0,0
15262.0,231,3,418.82,22,396,139.60666666666665,1,0,0.0,0.0,0
15263.0,14,1,156.51,12,14,156.51,1,0,0.0,0.0,0
15264.0,438,1,454.66,32,438,454.66,1,0,0.5,393.74,1
15265.0,59,4,3345.64,179,646,836.41,1,1,0.0,0.0,0
15266.0,246,5,852.21,38,609,170.442,1,0,0.16666666666666666,0.0,0
15267.0,63,2,1407.76,7,90,703.88,1,0,0.0,309.6,1
15268.0,386,3,961.9000000000001,21,513,320.6333333333334,1,0,0.25,0.0,0
15269.0,288,2,816.56,32,298,408.28,1,1,0.0,408.8,1
15270.0,25,19,7995.66,66,630,420.82421052631577,1,1,0.3448275862068966,529.2,1
15271.0,2,19,3627.78,314,399,190.93578947368422,1,0,0.05,900.76,1
15272.0,358,4,1309.01,209,571,327.2525,1,0,0.0,721.94,1
15273.0,507,1,228.96,1,507,228.96,1,0,0.0,0.0,0
15276.0,302,3,491.17,115,342,163.72333333333333,1,1,0.25,128.63,1
15277.0,333,1,220.44,14,333,220.44,1,1,0.0,255.89999999999998,1
15278.0,469,4,496.15999999999997,29,573,124.03999999999999,1,0,0.0,0.0,0
15279.0,262,5,1580.54,74,583,316.108,1,0,0.2857142857142857,0.0,0
15280.0,80,3,397.52,48,479,132.50666666666666,1,0,0.0,0.0,0
15281.0,44,15,8403.2,421,335,560.2133333333334,1,1,0.2857142857142857,140.37,1
15282.0,478,1,348.59,27,478,348.59,1,0,0.0,0.0,0
15283.0,298,3,148.33,9,426,49.443333333333335,1,0,0.25,0.0,0
15284.0,408,1,24.75,1,408,24.75,1,0,0.0,0.0,0
15285.0,315,1,94.92,6,315,94.92,1,1,0.0,0.0,0
15287.0,287,3,369.34000000000003,13,645,123.11333333333334,1,1,0.0,486.69,1
15288.0,63,9,3406.37,123,573,378.48555555555555,1,0,0.0,300.15999999999997,1
15289.0,45,4,1351.29,65,529,337.8225,1,0,0.3333333333333333,241.8,1
15290.0,11,20,5945.65,66,561,297.28249999999997,1,0,0.13043478260869565,4550.63,1
15291.0,2,36,12489.48,111,644,346.93,1,1,0.2653061224489796,983.28,1
15292.0,109,1,178.39,24,109,178.39,1,0,0.0,0.0,0
15293.0,573,1,247.5,19,573,247.5,1,0,0.0,0.0,0
15294.0,318,1,233.35,15,318,233.35,1,1,0.5,0.0,0
15295.0,562,1,207.04,50,562,207.04,1,0,0.0,0.0,0
15296.0,17,11,9249.66,334,595,840.8781818181818,1,0,0.3125,1073.37,1
15298.0,0,18,7620.09,180,639,423.33833333333337,1,1,0.21739130434782608,1441.68,1
15299.0,171,7,4084.5299999999997,6,604,583.5042857142856,1,0,0.125,1472.0,1
15301.0,21,14,5587.12,202,358,399.08,1,0,0.06666666666666667,1322.55,1
15302.0,638,1,308.0,15,638,308.0,1,1,0.5,0.0,0
15303.0,198,3,1224.18,63,591,408.06,1,0,0.25,0.0,0
15304.0,72,7,593.9,8,329,84.84285714285714,1,1,0.2222222222222222,202.5,1
15305.0,463,1,93.6,5,463,93.6,1,0,0.0,0.0,0
15306.0,0,8,2967.45,99,567,370.93125,1,0,0.1111111111111111,517.28,1
15307.0,3,1,205.3,12,3,205.3,1,0,0.0,0.0,0
15308.0,182,1,310.47,19,182,310.47,1,0,0.5,0.0,0
15309.0,518,4,797.96,49,643,199.49,1,1,0.6,0.0,0
15310.0,386,1,1634.64,45,386,1634.64,1,0,0.0,0.0,0
15311.0,2,181,100059.42,778,646,552.8144751381216,1,1,0.23628691983122363,14117.4,1
15312.0,11,11,2800.14,111,631,254.5581818181818,1,1,0.15384615384615385,130.05,1
15313.0,18,1,52.0,1,18,52.0,1,0,0.0,0.0,0
15314.0,107,3,820.4499999999999,49,336,273.4833333333333,1,1,0.25,0.0,0
15315.0,24,1,233.54,16,24,233.54,1,0,0.5,336.96,1
15316.0,234,1,165.0,1,234,165.0,1,0,0.0,0.0,0
15317.0,585,1,129.75,5,585,129.75,1,0,0.5,0.0,0
15319.0,191,1,204.5,16,191,204.5,1,0,0.0,0.0,0
15321.0,199,10,5120.89,206,582,512.089,1,0,0.3333333333333333,1588.8400000000001,1
15322.0,384,1,711.18,41,384,711.18,1,0,0.0,679.68,1
15323.0,470,3,434.6,29,569,144.86666666666667,1,0,0.25,0.0,0
15324.0,609,1,140.22000000000003,8,609,140.22000000000003,1,0,0.0,0.0,0
15325.0,11,8,1601.46,164,569,200.1825,1,0,0.1111111111111111,0.0,0
15326.0,241,5,1700.52,94,646,340.104,1,1,0.5,0.0,0
15328.0,315,1,107.24,8,315,107.24,1,1,0.0,0.0,0
15329.0,42,10,2663.13,91,633,266.313,1,1,0.4444444444444444,295.7,1
15331.0,407,3,767.91,41,517,255.97,1,0,0.25,0.0,0
15332.0,274,6,4892.68,113,421,815.4466666666667,0,0,0.0,0.0,0
15333.0,116,1,1028.56,16,116,1028.56,1,0,0.0,0.0,0
15334.0,64,3,347.87,66,81,115.95666666666666,1,0,0.0,0.0,0
15336.0,309,1,240.5,15,309,240.5,1,1,0.0,0.0,0
15337.0,319,1,373.02,21,319,373.02,1,1,0.5,0.0,0
15338.0,585,1,277.93,56,585,277.93,1,0,0.0,0.0,0
15339.0,226,6,1504.85,134,577,250.8083333333333,1,0,0.3333333333333333,316.17,1
15340.0,469,1,105.5,7,469,105.5,1,0,0.0,0.0,0
15341.0,357,1,382.2,7,357,382.2,1,0,0.5,2020.52,1
15342.0,37,1,406.09,24,37,406.09,1,0,0.5,0.0,0
15346.0,240,3,596.12,36,339,198.70666666666668,1,1,0.25,0.0,0
15347.0,274,4,1162.0,29,345,290.5,1,0,0.3333333333333333,0.0,0
15349.0,66,2,463.90999999999997,65,95,231.95499999999998,1,0,0.0,0.0,0
15350.0,281,2,547.6,26,291,273.8,1,1,0.0,0.0,0
15351.0,277,4,1770.23,103,340,442.5575,1,1,0.42857142857142855,1659.99,1
15352.0,456,1,111.15,34,456,111.15,1,0,0.0,0.0,0
15353.0,162,7,2794.4700000000003,274,645,399.21000000000004,1,1,0.125,0.0,0
15356.0,13,11,2752.71,276,330,250.24636363636364,1,1,0.0,486.86,1
15358.0,28,35,13718.47,320,640,391.9562857142857,1,1,0.2391304347826087,2707.39,1
15359.0,570,8,181.35,10,601,22.66875,1,0,0.1111111111111111,0.0,0
15361.0,269,4,689.07,10,451,172.2675,1,0,0.0,0.0,0
15362.0,356,2,613.08,38,646,306.54,1,1,0.0,0.0,0
15363.0,280,2,678.11,32,400,339.055,1,0,0.3333333333333333,0.0,0
15364.0,3,2,913.19,29,162,456.595,1,0,0.0,0.0,0
15365.0,4,8,3204.09,105,581,400.51125,1,0,0.0,1353.04,1
15366.0,266,6,1892.11,68,559,315.35166666666663,1,0,0.0,496.97,1
15367.0,153,9,4619.92,191,637,513.3244444444445,1,1,0.18181818181818182,461.40999999999997,1
15368.0,302,1,275.8,4,302,275.8,1,1,0.0,446.94000000000005,1
15369.0,400,11,6251.26,44,639,568.2963636363637,1,1,0.08333333333333333,0.0,0
15370.0,49,5,2866.42,82,318,573.284,1,1,0.16666666666666666,872.5899999999999,1
15371.0,570,1,59.400000000000006,1,570,59.400000000000006,1,0,0.0,0.0,0
15372.0,45,8,6017.06,45,571,752.1325,1,0,0.2,0.0,0
15373.0,23,14,2355.53,98,494,168.25214285714287,1,0,0.06666666666666667,729.01,1
15374.0,36,2,307.32,8,532,153.66,1,0,0.0,0.0,0
15375.0,598,1,60.959999999999994,6,598,60.959999999999994,1,0,0.0,0.0,0
15376.0,25,2,977.22,94,130,488.61,1,0,0.0,244.34,1
15377.0,290,4,1211.75,15,323,302.9375,1,1,0.2,0.0,0
15378.0,370,2,246.5,8,409,123.25,1,0,0.0,0.0,0
15379.0,77,8,4877.84,177,308,609.73,1,1,0.1111111111111111,0.0,0
15380.0,49,8,2141.26,22,646,267.6575,1,1,0.1111111111111111,1107.7,1
15381.0,121,5,1890.5700000000002,20,491,378.11400000000003,1,0,0.16666666666666666,0.0,0
15382.0,92,10,9904.960000000001,243,643,990.4960000000001,1,1,0.4444444444444444,3828.59,1
15384.0,77,4,2027.79,83,500,506.9475,1,0,0.2,0.0,0
15385.0,300,2,625.2,8,585,312.6,1,0,0.0,316.88,1
15386.0,94,1,394.14,31,94,394.14,1,0,0.0,0.0,0
15387.0,400,1,468.65,20,400,468.65,1,0,0.0,0.0,0
15388.0,178,1,140.54,10,178,140.54,0,0,0.0,0.0,0
15389.0,80,5,2733.8,2,589,546.76,1,0,0.0,0.0,0
15390.0,304,2,1216.66,77,317,608.33,0,1,0.0,0.0,0
15391.0,492,1,289.87,12,492,289.87,1,0,0.5,0.0,0
15392.0,268,4,1715.07,54,339,428.7675,1,1,0.2,1196.55,1
15393.0,189,4,783.58,35,632,195.895,1,1,0.0,107.76,1
15394.0,112,9,4539.7,119,632,504.4111111111111,1,1,0.18181818181818182,747.1,1
15395.0,233,1,107.45,7,233,107.45,1,0,0.0,0.0,0
15396.0,20,2,796.38,16,491,398.19,1,0,0.0,0.0,0
15397.0,197,1,94.0,6,197,94.0,1,0,0.0,0.0,0
15400.0,0,8,1302.3,16,468,162.7875,1,0,0.1111111111111111,0.0,0
15401.0,360,2,216.95000000000002,14,476,108.47500000000001,1,0,0.0,0.0,0
15402.0,56,6,1830.12,78,499,305.02,1,0,0.14285714285714285,0.0,0
15403.0,399,2,170.88,6,638,85.44,1,1,0.0,0.0,0
15404.0,283,1,257.06,16,283,257.06,1,1,0.0,0.0,0
15405.0,97,2,659.84,29,484,329.92,1,0,0.0,0.0,0
15406.0,209,3,717.45,101,361,239.15,1,0,0.0,258.42,1
15407.0,91,3,740.73,62,213,246.91,1,0,0.0,306.01,1
15408.0,172,1,267.18,34,172,267.18,1,0,0.0,0.0,0
15409.0,629,1,131.25,9,629,131.25,1,1,0.5,0.0,0
15410.0,7,9,4324.29,75,507,480.4766666666667,1,0,0.0,361.43,1
15411.0,32,2,382.21,22,90,191.105,1,0,0.0,966.72,1
15412.0,79,1,190.53,10,79,190.53,1,0,0.0,0.0,0
15413.0,599,5,6798.72,20,646,1359.7440000000001,1,1,0.0,0.0,0
15414.0,150,1,36.2,5,150,36.2,1,0,0.0,738.7,1
15415.0,221,1,559.61,46,221,559.61,1,0,0.0,0.0,0
15416.0,63,6,3732.83,161,584,622.1383333333333,1,0,0.14285714285714285,839.99,1
15418.0,333,2,449.42,64,494,224.71,1,0,0.0,0.0,0
15420.0,342,6,743.0,52,642,123.83333333333333,1,1,0.0,0.0,0
15421.0,123,9,3594.34,170,640,399.37111111111113,1,1,0.0,211.0,1
15422.0,231,7,1619.97,80,578,231.42428571428573,1,0,0.125,0.0,0
15423.0,489,2,223.39,12,529,111.695,1,0,0.3333333333333333,43.5,1
15424.0,162,3,597.78,33,371,199.26,1,0,0.0,0.0,0
15425.0,308,4,1941.1200000000001,114,571,485.28000000000003,1,0,0.0,0.0,0
15426.0,165,6,1386.41,218,494,231.06833333333336,1,0,0.14285714285714285,769.94,1
15428.0,295,3,668.97,35,630,222.99,1,1,0.0,93.78,1
15430.0,375,2,954.75,36,436,477.375,1,0,0.3333333333333333,0.0,0
15431.0,410,1,153.24,2,410,153.24,1,0,0.0,0.0,0
15432.0,449,1,149.57,6,449,149.57,1,0,0.6666666666666666,171.19,1
15433.0,121,2,533.3,40,175,266.65,1,0,0.0,0.0,0
15434.0,15,9,2112.86,79,592,234.76222222222225,1,0,0.18181818181818182,454.20000000000005,1
15436.0,142,1,484.1,124,142,484.1,1,0,0.0,583.65,1
15437.0,170,2,393.45,56,548,196.725,1,0,0.0,0.0,0
15438.0,39,1,156.57999999999998,25,39,156.57999999999998,1,0,0.0,0.0,0
15439.0,312,4,1269.05,49,561,317.2625,1,0,0.0,0.0,0
15440.0,44,2,237.66,25,116,118.83,1,0,0.0,146.02,1
15441.0,304,3,1254.21,45,638,418.07,1,1,0.0,0.0,0
15442.0,156,1,594.0,2,156,594.0,1,0,0.0,0.0,0
15443.0,17,9,2585.44,263,550,287.2711111111111,1,0,0.1,2153.41,1
15445.0,172,2,284.5,12,498,142.25,1,0,0.0,0.0,0
15446.0,284,3,396.75,89,634,132.25,1,1,0.25,0.0,0
15447.0,238,5,492.88,27,533,98.576,1,0,0.16666666666666666,0.0,0
15448.0,220,2,788.81,49,582,394.405,1,0,0.0,0.0,0
15449.0,93,2,647.7,30,169,323.85,1,0,0.3333333333333333,326.82,1
15451.0,342,2,226.86,56,507,113.43,1,0,0.0,0.0,0
15452.0,172,4,1493.63,148,419,373.4075,1,0,0.0,291.48,1
15453.0,0,4,701.2,102,95,175.3,1,0,0.0,535.29,1
15454.0,270,2,303.89,34,526,151.945,1,0,0.0,0.0,0
15455.0,505,1,38.25,2,505,38.25,1,0,0.0,0.0,0
15456.0,191,10,2091.52,128,639,209.152,1,1,0.0,0.0,0
15457.0,170,1,237.07,56,170,237.07,1,0,0.0,0.0,0
15458.0,310,1,208.79999999999998,6,310,208.79999999999998,1,1,0.0,161.64,1
15459.0,325,2,202.82999999999998,6,405,101.41499999999999,1,0,0.0,0.0,0
15460.0,262,1,214.26,53,262,214.26,1,1,0.0,0.0,0
15461.0,368,2,429.7,1,539,214.85,1,0,0.3333333333333333,0.0,0
15462.0,2,4,737.05,32,353,184.2625,1,0,0.0,0.0,0
15464.0,246,1,1044.65,155,246,1044.65,1,0,0.0,0.0,0
15465.0,46,29,10737.91,94,637,370.2727586206897,1,1,0.17142857142857143,1362.49,1
15466.0,297,3,1225.93,172,644,408.6433333333334,1,1,0.0,334.53,1
15467.0,53,2,402.56,36,60,201.28,1,0,0.0,122.32,1
15468.0,300,1,962.97,56,300,962.97,1,1,0.6666666666666666,467.51,1
15469.0,28,2,640.0,30,346,320.0,1,0,0.5,234.25,1
15470.0,483,1,63.419999999999995,4,483,63.419999999999995,1,0,0.0,0.0,0
15471.0,288,2,837.53,67,458,418.765,1,0,0.0,454.48,1
15472.0,21,1,371.56,76,21,371.56,1,0,0.0,0.0,0
15473.0,352,1,274.8,3,352,274.8,1,0,0.0,1771.2,1
15474.0,503,1,150.35,19,503,150.35,1,0,0.0,0.0,0
15476.0,288,4,2209.98,67,350,552.495,1,0,0.2,0.0,0
15477.0,557,1,368.4,2,557,368.4,1,0,0.0,0.0,0
15478.0,483,1,541.06,23,483,541.06,1,0,0.0,1399.92,1
15479.0,641,1,147.4,9,641,147.4,1,1,0.0,0.0,0
15480.0,24,3,3592.25,198,584,1197.4166666666667,0,0,0.0,0.0,0
15481.0,309,1,1993.34,38,309,1993.34,0,1,0.0,0.0,0
15482.0,73,11,5465.9,46,645,496.9,1,1,0.0,8911.46,1
15483.0,69,10,810.68,215,592,81.068,1,0,0.0,0.0,0
15484.0,448,2,1061.69,53,642,530.845,1,1,0.0,2916.16,1
15485.0,244,6,3514.55,56,646,585.7583333333333,1,1,0.14285714285714285,1296.37,1
15486.0,435,1,102.0,1,435,102.0,1,0,0.0,0.0,0
15487.0,587,1,231.32,14,587,231.32,1,0,0.0,0.0,0
15488.0,0,5,431.92,10,491,86.384,1,0,0.0,0.0,0
15489.0,119,6,1633.5900000000001,66,601,272.26500000000004,1,0,0.3333333333333333,786.02,1
15490.0,338,1,210.85,22,338,210.85,1,1,0.5,0.0,0
15491.0,3,6,3100.09,108,143,516.6816666666667,1,0,0.14285714285714285,0.0,0
15493.0,57,7,3446.73,241,562,492.39,1,0,0.2222222222222222,666.46,1
15494.0,29,4,3541.9,275,637,885.475,1,1,0.0,160.7,1
15495.0,287,1,246.5,20,287,246.5,1,1,0.0,0.0,0
15496.0,539,1,146.14000000000001,22,539,146.14000000000001,1,0,0.0,0.0,0
15497.0,227,8,8365.789999999999,65,629,1045.7237499999999,1,1,0.2,291.6,1
15498.0,28,36,20782.83,537,631,577.3008333333333,1,1,0.07692307692307693,4190.03,1
15499.0,631,1,158.65,40,631,158.65,1,1,0.0,0.0,0
15501.0,312,2,399.95,64,323,199.975,1,1,0.0,0.0,0
15502.0,31,7,8574.47,216,462,1224.9242857142856,1,0,0.5333333333333333,968.45,1
15503.0,270,2,257.3,112,634,128.65,1,1,0.0,0.0,0
15504.0,428,3,338.62,32,573,112.87333333333333,1,0,0.25,52.83,1
15505.0,21,3,2091.14,36,63,697.0466666666666,1,0,0.0,1519.82,1
15506.0,46,4,1267.02,114,385,316.755,1,0,0.0,763.31,1
15507.0,79,1,475.86,41,79,475.86,1,0,0.0,0.0,0
15508.0,97,6,1000.27,78,143,166.71166666666667,1,0,0.0,0.0,0
15509.0,288,1,152.41,26,288,152.41,1,1,0.0,0.0,0
15510.0,238,1,250.0,1,238,250.0,1,0,0.0,0.0,0
15512.0,63,4,331.58,29,584,82.895,1,0,0.0,0.0,0
15513.0,2,33,23030.97,258,603,697.9081818181819,1,0,0.10810810810810811,3406.08,1
15514.0,133,13,4866.5,128,643,374.34615384615387,1,1,0.13333333333333333,1521.78,1
15515.0,295,1,171.81,7,295,171.81,1,1,0.0,0.0,0
15517.0,141,1,267.03,27,141,267.03,1,0,0.0,0.0,0
15518.0,32,14,3872.3,241,627,276.59285714285716,1,1,0.3333333333333333,317.69,1
15519.0,291,2,344.61,34,354,172.305,1,0,0.0,0.0,0
15521.0,2,15,6414.22,182,611,427.61466666666666,1,0,0.25,673.42,1
15523.0,296,15,16847.18,63,645,1123.1453333333334,1,1,0.11764705882352941,412.01000000000005,1
15524.0,514,1,151.4,8,514,151.4,1,0,0.0,440.0,1
15525.0,281,2,430.78,66,290,215.39,1,1,0.0,456.94,1
15527.0,52,20,4456.3,169,632,222.815,1,1,0.25925925925925924,1097.74,1
15528.0,162,1,229.33,26,162,229.33,1,0,0.0,0.0,0
15529.0,50,9,3205.74,332,302,356.1933333333333,1,1,0.0,1575.37,1
15530.0,57,4,1475.06,98,420,368.765,1,0,0.0,333.62,1
15532.0,39,9,3366.96,385,457,374.1066666666667,1,0,0.18181818181818182,350.24,1
15534.0,633,1,162.25,8,633,162.25,1,1,0.0,0.0,0
15535.0,81,6,1044.3700000000001,88,357,174.0616666666667,1,0,0.4,0.0,0
15536.0,317,1,259.09,16,317,259.09,1,1,0.0,0.0,0
15537.0,71,1,110.92,24,71,110.92,1,0,0.0,0.0,0
15538.0,445,6,3358.3999999999996,3,571,559.7333333333332,1,0,0.45454545454545453,0.0,0
15540.0,283,1,247.38,16,283,247.38,1,1,0.0,213.3,1
15541.0,22,1,85.13000000000001,29,22,85.13000000000001,1,0,0.0,0.0,0
15542.0,420,3,855.71,212,645,285.2366666666667,1,1,0.25,0.0,0
15543.0,196,2,242.26,50,367,121.13,1,0,0.0,0.0,0
15544.0,27,18,7033.55,154,588,390.7527777777778,1,0,0.21739130434782608,774.34,1
15545.0,279,1,135.32999999999998,31,279,135.32999999999998,1,1,0.0,153.64000000000001,1
15546.0,514,2,1079.1000000000001,6,514,539.5500000000001,1,0,0.3333333333333333,0.0,0
15547.0,18,20,7837.21,472,641,391.8605,1,1,0.09090909090909091,2165.44,1
15548.0,503,1,158.09,23,503,158.09,1,0,0.0,0.0,0
15549.0,65,7,2272.58,129,605,324.6542857142857,1,0,0.125,57.83,1
15550.0,14,11,2068.7000000000003,160,644,188.0636363636364,1,1,0.15384615384615385,142.35,1
15551.0,302,6,1243.75,95,458,207.29166666666666,1,0,0.25,436.06,1
15552.0,125,2,252.52,29,531,126.26,1,0,0.0,0.0,0
15554.0,185,1,217.2,14,185,217.2,1,0,0.0,0.0,0
15555.0,11,30,9250.29,549,641,308.343,1,1,0.21052631578947367,1983.49,1
15558.0,547,1,202.68,23,547,202.68,1,0,0.5,0.0,0
15559.0,476,1,1109.4,62,476,1109.4,1,0,0.0,0.0,0
15560.0,305,2,153.52,10,305,76.76,1,1,0.0,0.0,0
15561.0,57,7,1583.47,55,571,226.21,1,0,0.125,350.92,1
15562.0,259,3,671.4300000000001,32,634,223.81000000000003,1,1,0.0,0.0,0
15563.0,108,5,2194.64,151,588,438.928,1,0,0.16666666666666666,625.8199999999999,1
15564.0,371,2,70.74000000000001,4,584,35.370000000000005,1,0,0.0,0.0,0
15566.0,300,2,227.87,9,632,113.935,1,1,0.0,0.0,0
15569.0,11,10,3583.45,123,557,358.34499999999997,1,0,0.0,0.0,0
15570.0,49,22,7397.65,405,529,336.2568181818182,1,0,0.08333333333333333,1338.84,1
15571.0,294,10,3241.92,410,641,324.192,1,1,0.0,650.4300000000001,1
15572.0,17,7,2984.57,204,512,426.3671428571429,1,0,0.0,980.63,1
15573.0,526,3,597.23,104,637,199.07666666666668,1,1,0.0,583.24,1
15574.0,85,6,1101.44,191,372,183.57333333333335,1,0,0.14285714285714285,0.0,0
15575.0,527,1,30.1,3,527,30.1,1,0,0.0,0.0,0
15577.0,59,5,396.03000000000003,58,634,79.206,1,1,0.0,0.0,0
15578.0,70,1,127.1,13,70,127.1,1,0,0.0,0.0,0
15579.0,221,4,1118.38,125,340,279.595,1,1,0.3333333333333333,132.25,1
15580.0,284,8,1375.39,150,578,171.92375,1,0,0.42857142857142855,0.0,0
15581.0,64,34,4505.16,541,645,132.50470588235294,1,1,0.08108108108108109,0.0,0
15582.0,8,2,541.51,33,128,270.755,1,0,0.0,141.4,1
15583.0,284,1,95.96,37,284,95.96,1,1,0.0,0.0,0
15584.0,70,3,697.74,125,578,232.58,1,0,0.0,570.46,1
15585.0,84,1,455.3,31,84,455.3,1,0,0.0,0.0,0
15586.0,500,3,1139.1,30,608,379.7,1,0,0.25,0.0,0
15587.0,50,5,1065.24,3,399,213.048,1,0,0.0,456.84000000000003,1
15588.0,585,1,579.6,4,585,579.6,1,0,0.0,0.0,0
15589.0,163,3,478.53000000000003,28,218,159.51000000000002,1,0,0.25,0.0,0
15590.0,290,5,1496.6,75,514,299.32,1,0,0.0,0.0,0
15591.0,490,3,217.9,6,581,72.63333333333334,1,0,0.0,0.0,0
15594.0,1,2,788.22,43,142,394.11,1,0,0.3333333333333333,983.5600000000001,1
15595.0,395,1,357.6,4,395,357.6,1,0,0.0,0.0,0
15596.0,8,9,2727.72,82,407,303.08,1,0,0.4375,0.0,0
15597.0,483,1,238.8,15,483,238.8,1,0,0.0,324.57,1
15598.0,335,1,307.34,22,335,307.34,1,1,0.0,240.68,1
15599.0,112,2,937.15,58,353,468.575,1,0,0.0,312.90999999999997,1
15600.0,336,4,1199.31,55,501,299.8275,1,0,0.2,0.0,0
15601.0,30,27,13000.64,286,646,481.50518518518516,1,1,0.12903225806451613,1191.1,1
15602.0,108,12,2383.04,53,645,198.58666666666667,1,1,0.4,754.92,1
15603.0,556,1,40.0,2,556,40.0,1,0,0.5,48.480000000000004,1
15605.0,160,7,1233.9,59,602,176.27142857142857,1,0,0.125,508.05,1
15606.0,27,16,4750.21,78,555,296.888125,1,0,0.0,480.78000000000003,1
15607.0,244,9,1708.97,95,608,189.88555555555556,1,0,0.25,0.0,0
15608.0,28,2,977.98,57,323,488.99,1,1,0.0,808.0,1
15609.0,92,1,298.48,16,92,298.48,1,0,0.5,0.0,0
15611.0,11,20,2337.9700000000003,36,591,116.89850000000001,1,0,0.2,638.3100000000001,1
15613.0,518,1,433.71999999999997,27,518,433.71999999999997,1,0,0.0,0.0,0
15614.0,345,4,3147.36,73,534,786.84,1,0,0.42857142857142855,0.0,0
15615.0,13,43,18342.08,268,645,426.56000000000006,1,1,0.14,3031.89,1
15616.0,346,1,317.11,13,346,317.11,1,0,0.0,0.0,0
15617.0,304,3,828.5500000000001,41,415,276.18333333333334,1,0,0.0,0.0,0
15618.0,0,3,419.03999999999996,21,44,139.67999999999998,1,0,0.0,357.81,1
15620.0,128,3,1264.19,84,317,421.3966666666667,1,1,0.5,678.17,1
15622.0,105,13,6745.05,296,553,518.85,1,0,0.4583333333333333,1107.56,1
15623.0,49,8,2437.05,91,637,304.63125,1,1,0.0,0.0,0
15624.0,24,4,588.13,26,164,147.0325,1,0,0.0,0.0,0
15625.0,11,9,3236.4,106,450,359.6,1,0,0.35714285714285715,0.0,0
15626.0,237,2,673.6,50,329,336.8,1,1,0.3333333333333333,393.92,1
15627.0,365,2,566.9,23,430,283.45,1,0,0.0,0.0,0
15628.0,6,13,4088.2400000000002,113,634,314.48,1,1,0.23529411764705882,1244.84,1
15629.0,358,4,2240.9,39,440,560.225,1,0,0.0,0.0,0
15630.0,112,2,691.91,41,552,345.955,1,0,0.3333333333333333,789.49,1
15631.0,550,1,596.67,39,550,596.67,1,0,0.0,0.0,0
15632.0,29,6,2351.84,76,182,391.97333333333336,1,0,0.14285714285714285,933.47,1
15633.0,417,13,4335.96,77,639,333.5353846153846,1,1,0.2777777777777778,0.0,0
15634.0,291,1,311.1,19,291,311.1,1,1,0.0,243.55,1
15635.0,303,1,100.35,2,303,100.35,1,1,0.0,0.0,0
15636.0,190,3,1026.52,28,477,342.17333333333335,1,0,0.0,418.06,1
15637.0,321,4,574.23,23,632,143.5575,1,1,0.0,223.36,1
15638.0,286,6,2265.2,20,518,377.5333333333333,1,0,0.3333333333333333,0.0,0
15639.0,42,3,1065.08,61,513,355.02666666666664,1,0,0.4,0.0,0
15640.0,29,25,19880.14,260,633,795.2056,1,1,0.16666666666666666,3579.37,1
15641.0,13,12,5345.55,249,641,445.46250000000003,1,1,0.0,0.0,0
15642.0,637,1,105.78000000000002,6,637,105.78000000000002,1,1,0.0,0.0,0
15643.0,99,3,664.0,31,190,221.33333333333334,1,0,0.5,0.0,0
15644.0,74,4,803.54,166,169,200.885,1,0,0.0,0.0,0
15645.0,322,2,443.16,16,333,221.58,1,1,0.3333333333333333,611.59,1
15646.0,65,5,784.8100000000001,65,318,156.96200000000002,1,1,0.16666666666666666,0.0,0
15647.0,323,1,169.0,11,323,169.0,1,1,0.0,0.0,0
15648.0,112,2,639.5,23,175,319.75,1,0,0.5,0.0,0
15649.0,244,4,1660.35,8,295,415.0875,1,1,0.0,0.0,0
15650.0,429,2,553.88,33,536,276.94,1,0,0.3333333333333333,0.0,0
15651.0,168,3,840.08,44,504,280.0266666666667,1,0,0.0,418.98,1
15652.0,295,4,1068.2,76,393,267.05,1,0,0.2,337.74,1
15653.0,0,2,877.4399999999999,4,23,438.71999999999997,1,0,0.0,0.0,0
15655.0,151,1,560.67,34,151,560.67,1,0,0.5,0.0,0
15656.0,86,3,563.63,34,192,187.87666666666667,1,0,0.0,184.87,1
15658.0,98,8,2117.27,79,644,264.65875,1,1,0.38461538461538464,0.0,0
15659.0,294,2,226.04,8,561,113.02,1,0,0.0,306.45,1
15660.0,43,12,1887.17,57,580,157.26416666666668,1,0,0.2,716.52,1
15661.0,225,8,1215.95,27,486,151.99375,1,0,0.0,0.0,0
15662.0,569,2,283.73,12,646,141.865,1,1,0.0,0.0,0
15663.0,14,1,138.14,9,14,138.14,1,0,0.0,0.0,0
15664.0,357,3,845.1,45,557,281.7,1,0,0.4,386.43,1
15665.0,76,5,3987.07,163,543,797.414,1,0,0.0,0.0,0
15666.0,380,2,632.9399999999999,62,403,316.46999999999997,1,0,0.0,0.0,0
15668.0,125,1,76.32000000000001,1,125,76.32000000000001,1,0,0.0,0.0,0
15669.0,11,3,565.54,29,171,188.51333333333332,1,0,0.25,118.8,1
15670.0,204,2,325.2,19,464,162.6,1,0,0.3333333333333333,0.0,0
15671.0,2,5,1972.89,47,178,394.57800000000003,1,0,0.375,684.24,1
15672.0,633,1,45.300000000000004,3,633,45.300000000000004,1,1,0.0,0.0,0
15673.0,64,8,5492.79,153,563,686.59875,1,0,0.1111111111111111,711.53,1
15674.0,123,11,5546.58,218,639,504.23454545454547,1,1,0.26666666666666666,1066.94,1
15675.0,63,3,443.74,28,312,147.91333333333333,1,1,0.0,98.30000000000001,1
15676.0,191,1,897.8,61,191,897.8,1,0,0.5,2537.96,1
15677.0,329,2,648.4,32,371,324.2,1,0,0.0,657.23,1
15678.0,303,2,1473.24,67,430,736.62,1,0,0.0,352.7,1
15679.0,62,2,260.26,18,90,130.13,1,0,0.0,521.02,1
15680.0,274,8,3173.9,128,645,396.7375,1,1,0.2,854.79,1
15681.0,91,12,2266.76,40,472,188.89666666666668,1,0,0.07692307692307693,722.94,1
15682.0,507,2,318.24,25,595,159.12,1,0,0.3333333333333333,0.0,0
15683.0,25,2,524.54,25,381,262.27,1,0,0.0,0.0,0
15684.0,455,3,173.95,9,643,57.98333333333333,1,1,0.5,0.0,0
15685.0,358,1,55.980000000000004,17,358,55.980000000000004,1,0,0.0,0.0,0
15686.0,328,1,90.0,1,328,90.0,1,1,0.0,0.0,0
15687.0,94,5,1679.45,69,238,335.89,1,0,0.2857142857142857,1313.65,1
15688.0,326,1,190.57,26,326,190.57,1,1,0.0,0.0,0
15689.0,27,3,521.03,20,525,173.67666666666665,1,0,0.0,0.0,0
15690.0,8,1,111.0,8,8,111.0,1,0,0.0,128.76,1
15691.0,160,4,571.3,12,641,142.825,1,1,0.2,0.0,0
15693.0,567,1,37.5,1,567,37.5,1,0,0.0,0.0,0
15694.0,84,18,6789.86,45,640,377.21444444444444,1,1,0.21739130434782608,2766.8199999999997,1
15695.0,174,4,1131.04,55,589,282.76,1,0,0.0,0.0,0
15696.0,128,11,2800.06,116,592,254.55090909090907,1,0,0.3888888888888889,1081.16,1
15697.0,597,1,246.75,14,597,246.75,1,0,0.0,0.0,0
15698.0,532,1,46.2,2,532,46.2,1,0,0.0,0.0,0
15700.0,80,2,696.68,85,81,348.34,1,0,0.3333333333333333,0.0,0
15701.0,18,1,853.9,119,18,853.9,1,0,0.0,675.1,1
15702.0,384,2,140.39000000000001,30,590,70.19500000000001,0,0,0.0,0.0,0
15703.0,172,1,211.5,5,172,211.5,1,0,0.0,0.0,0
15704.0,48,6,3734.6600000000003,129,491,622.4433333333334,1,0,0.14285714285714285,0.0,0
15705.0,109,1,143.1,6,109,143.1,1,0,0.0,0.0,0
15706.0,24,1,450.05,29,24,450.05,1,0,0.5,610.51,1
15708.0,46,8,3241.2400000000002,114,333,405.15500000000003,1,1,0.38461538461538464,645.91,1
15709.0,191,2,327.85,26,497,163.925,1,0,0.0,0.0,0
15710.0,325,1,898.87,110,325,898.87,1,1,0.0,0.0,0
15711.0,464,2,420.25,25,592,210.125,1,0,0.0,0.0,0
15712.0,17,10,3166.36,79,646,316.636,1,1,0.09090909090909091,306.05,1
15713.0,51,4,839.64,48,631,209.91,1,1,0.3333333333333333,0.0,0
15714.0,361,3,453.93,14,463,151.31,1,0,0.0,330.03000000000003,1
15715.0,463,5,658.02,33,527,131.60399999999998,1,0,0.0,0.0,0
15716.0,53,11,2482.7400000000002,187,640,225.70363636363638,1,1,0.0,0.0,0
15717.0,142,5,607.0,17,500,121.4,1,0,0.0,0.0,0
15718.0,448,1,293.79,18,448,293.79,1,0,0.0,0.0,0
15719.0,7,29,9226.22,414,646,318.1455172413793,1,1,0.21621621621621623,968.1,1
15720.0,458,1,140.49,25,458,140.49,1,0,0.0,598.73,1
15722.0,16,9,4436.24,84,548,492.91555555555556,1,0,0.3076923076923077,797.7600000000001,1
15723.0,272,4,930.7,108,482,232.675,1,0,0.0,0.0,0
15724.0,109,3,310.85,17,308,103.61666666666667,1,1,0.4,0.0,0
15726.0,298,1,321.91,23,298,321.91,1,1,0.0,0.0,0
15727.0,15,14,8802.04,407,592,628.7171428571429,1,0,0.0,569.67,1
15728.0,287,2,544.6,10,352,272.3,1,0,0.0,0.0,0
15729.0,120,3,192.55,10,311,64.18333333333334,1,1,0.4,0.0,0
15730.0,0,4,1382.92,81,339,345.73,1,1,0.3333333333333333,343.66,1
15731.0,461,1,125.3,8,461,125.3,1,0,0.0,0.0,0
15732.0,120,10,1543.97,53,581,154.397,1,0,0.16666666666666666,0.0,0
15733.0,190,1,162.3,10,190,162.3,1,0,0.0,0.0,0
15734.0,22,4,2263.3,36,455,565.825,1,0,0.0,0.0,0
15735.0,329,1,327.68,19,329,327.68,1,1,0.0,0.0,0
15736.0,343,2,1767.12,95,343,883.56,1,0,0.3333333333333333,0.0,0
15737.0,55,5,880.9300000000001,43,150,176.186,1,0,0.375,307.19,1
15738.0,4,38,12084.35,70,637,318.0092105263158,1,1,0.09523809523809523,958.97,1
15741.0,366,2,208.62,11,526,104.31,1,0,0.0,0.0,0
15742.0,527,1,156.87,41,527,156.87,1,0,0.0,0.0,0
15743.0,21,2,434.05,31,92,217.025,1,0,0.0,341.91,1
15745.0,144,1,302.85,18,144,302.85,1,0,0.0,791.74,1
15746.0,42,1,196.88,28,42,196.88,1,0,0.5,0.0,0
15747.0,28,8,2078.54,95,598,259.8175,1,0,0.1111111111111111,421.27,1
15748.0,357,2,465.45000000000005,16,357,232.72500000000002,1,0,0.0,144.36,1
15749.0,143,3,44534.3,5,240,14844.766666666668,1,0,0.25,0.0,0
15750.0,78,14,5098.12,327,646,364.15142857142854,1,1,0.3,1354.8700000000001,1
15751.0,368,11,1380.44,90,641,125.49454545454546,1,1,0.21428571428571427,0.0,0
15752.0,1,8,3391.68,332,365,423.96,1,0,0.1111111111111111,533.23,1
15753.0,212,1,79.2,1,212,79.2,1,0,0.0,0.0,0
15754.0,154,7,2670.84,96,563,381.54857142857145,1,0,0.2222222222222222,366.77,1
15755.0,16,14,4773.7,230,643,340.9785714285714,1,1,0.06666666666666667,1219.42,1
15756.0,60,3,359.89,118,157,119.96333333333332,1,0,0.0,168.12,1
15757.0,125,5,2487.3,140,455,497.46000000000004,1,0,0.0,453.06,1
15759.0,126,7,830.9300000000001,10,645,118.70428571428572,1,1,0.3,0.0,0
15761.0,350,1,143.05,5,350,143.05,1,0,0.0,0.0,0
15764.0,15,7,4499.73,187,386,642.8185714285713,1,0,0.36363636363636365,3.35,1
15765.0,574,1,370.63,25,574,370.63,1,0,0.0,0.0,0
15766.0,364,2,516.0,15,590,258.0,1,0,0.3333333333333333,315.06,1
15768.0,23,34,15308.89,437,644,450.2614705882353,1,1,0.02857142857142857,0.0,0
15769.0,9,39,74223.52,19,636,1903.1671794871795,1,1,0.025,14389.0,1
15770.0,520,1,321.45,18,520,321.45,1,0,0.0,0.0,0
15771.0,512,3,1006.54,26,601,335.5133333333333,1,0,0.0,0.0,0
15772.0,326,1,280.88,16,326,280.88,1,1,0.0,0.0,0
15773.0,317,1,138.84,37,317,138.84,1,1,0.0,635.6800000000001,1
15774.0,326,5,1016.29,68,564,203.25799999999998,1,0,0.0,270.8,1
15775.0,153,2,150.5,9,539,75.25,1,0,0.0,0.0,0
15776.0,41,1,241.62,18,41,241.62,1,0,0.0,0.0,0
15777.0,149,7,1762.61,29,476,251.80142857142854,1,0,0.2222222222222222,0.0,0
15778.0,339,1,307.95,17,339,307.95,1,1,0.0,0.0,0
15779.0,371,2,124.08000000000001,8,440,62.040000000000006,1,0,0.0,0.0,0
15780.0,91,3,475.28000000000003,26,265,158.42666666666668,1,1,0.0,0.0,0
15781.0,45,2,211.3,11,213,105.65,1,0,0.3333333333333333,134.16,1
15782.0,338,1,1399.36,18,338,1399.36,1,1,0.5,2614.7400000000002,1
15784.0,375,2,848.3299999999999,33,580,424.16499999999996,1,0,0.0,0.0,0
15785.0,65,15,5306.79,88,632,353.786,1,1,0.375,663.14,1
15786.0,22,3,6730.26,267,444,2243.42,1,0,0.5,1771.36,1
15788.0,416,1,221.82999999999998,14,416,221.82999999999998,1,0,0.5,0.0,0
15789.0,266,6,1962.01,110,531,327.00166666666667,1,0,0.14285714285714285,0.0,0
15791.0,112,4,3218.89,112,549,804.7225,1,0,0.5,389.45000000000005,1
15792.0,307,2,933.84,57,526,466.92,1,0,0.0,0.0,0
15793.0,176,6,1740.6,9,646,290.09999999999997,1,1,0.0,658.97,1
15794.0,644,2,777.0,15,645,388.5,1,1,0.0,0.0,0
15795.0,57,8,1979.8700000000001,111,598,247.48375000000001,1,0,0.0,0.0,0
15796.0,17,14,4034.79,132,526,288.19928571428574,1,0,0.2222222222222222,688.19,1
15797.0,21,5,2806.08,11,589,561.216,1,0,0.0,0.0,0
15798.0,400,3,1535.37,73,589,511.78999999999996,1,0,0.0,0.0,0
15799.0,93,3,1018.4399999999999,91,326,339.47999999999996,1,1,0.0,402.90000000000003,1
15800.0,15,7,1227.07,198,526,175.29571428571427,1,0,0.0,0.0,0
15801.0,17,1,137.22,9,17,137.22,1,0,0.0,926.73,1
15803.0,353,3,1513.84,42,584,504.6133333333333,1,0,0.0,415.82000000000005,1
15804.0,2,5,2554.84,130,106,510.968,1,0,0.2857142857142857,1322.5,1
15805.0,14,24,8209.25,278,637,342.0520833333333,1,1,0.2727272727272727,1939.68,1
15806.0,65,2,521.88,19,184,260.94,1,0,0.0,262.7,1
15807.0,316,2,913.62,40,574,456.81,1,0,0.3333333333333333,903.9,1
15808.0,214,21,17180.25,348,646,818.1071428571429,1,1,0.125,0.0,0
15809.0,92,6,1157.88,45,443,192.98000000000002,1,0,0.14285714285714285,116.56,1
15810.0,78,7,2968.25,87,581,424.0357142857143,1,0,0.3,30.79,1
15811.0,13,6,2947.73,180,296,491.28833333333336,1,1,0.25,444.82,1
15812.0,15,12,5201.47,87,632,433.4558333333334,1,1,0.07692307692307693,0.0,0
15813.0,115,2,1303.9099999999999,40,147,651.9549999999999,1,0,0.0,0.0,0
15814.0,301,2,689.11,23,511,344.555,1,0,0.0,1945.33,1
15815.0,48,4,1874.7,24,167,468.675,1,0,0.0,225.9,1
15816.0,450,2,144.14999999999998,11,450,72.07499999999999,1,0,0.3333333333333333,0.0,0
15817.0,328,3,2766.4,133,451,922.1333333333333,1,0,0.0,0.0,0
15818.0,496,1,340.5,11,496,340.5,1,0,0.0,0.0,0
15819.0,39,9,3614.81,171,539,401.6455555555556,1,0,0.1,319.98,1
15820.0,227,1,206.98,17,227,206.98,1,0,0.0,0.0,0
15822.0,267,5,1394.79,34,641,278.95799999999997,1,1,0.2857142857142857,445.27,1
15823.0,637,2,3867.17,154,639,1933.585,1,1,0.6,0.0,0
15824.0,361,2,890.94,24,440,445.47,1,0,0.0,0.0,0
15825.0,80,1,532.94,20,80,532.94,1,0,0.0,0.0,0
15826.0,118,2,1663.97,66,476,831.985,1,0,0.3333333333333333,934.3100000000001,1
15827.0,22,27,3365.21,112,608,124.63740740740741,1,0,0.34146341463414637,237.93,1
15828.0,283,1,1108.82,74,283,1108.82,1,1,0.0,0.0,0
15829.0,7,2,636.14,44,48,318.07,1,0,0.0,0.0,0
15831.0,32,2,451.11,22,232,225.555,1,0,0.3333333333333333,343.53,1
15832.0,162,1,836.79,54,162,836.79,1,0,0.0,0.0,0
15833.0,645,1,80.4,5,645,80.4,1,1,0.0,0.0,0
15834.0,73,6,3319.96,267,332,553.3266666666667,1,1,0.25,441.93,1
15835.0,45,3,675.51,32,238,225.17,1,0,0.0,278.58,1
15837.0,393,1,385.03000000000003,28,393,385.03000000000003,1,0,0.0,391.98,1
15838.0,16,27,53715.92,58,632,1989.4785185185185,1,1,0.1,19489.58,1
15839.0,56,1,299.18,20,56,299.18,1,0,0.0,749.31,1
15840.0,80,1,241.74,17,80,241.74,1,0,0.5,113.82,1
15841.0,126,7,2131.61,47,637,304.5157142857143,1,1,0.2222222222222222,610.8000000000001,1
15842.0,301,2,548.8,24,435,274.4,1,0,0.3333333333333333,0.0,0
15843.0,211,1,118.95000000000002,8,211,118.95000000000002,1,0,0.0,0.0,0
15845.0,52,8,3241.27,105,590,405.15875,1,0,0.2727272727272727,1185.01,1
15846.0,293,1,107.01,27,293,107.01,1,1,0.0,0.0,0
15847.0,196,4,613.98,28,549,153.495,1,0,0.0,208.59,1
15848.0,529,1,137.99,34,529,137.99,1,0,0.0,0.0,0
15850.0,76,5,888.03,231,634,177.606,1,1,0.0,118.72,1
15851.0,434,1,109.73,8,434,109.73,1,0,0.0,0.0,0
15852.0,94,3,257.26,31,434,85.75333333333333,1,0,0.0,0.0,0
15854.0,48,18,5002.85,135,637,277.93611111111113,1,1,0.0,575.4300000000001,1
15855.0,44,6,1052.72,72,384,175.45333333333335,1,0,0.0,0.0,0
15856.0,3,42,27378.98,346,644,651.8804761904762,1,1,0.10638297872340426,4895.71,1
15857.0,338,1,273.48,10,338,273.48,1,1,0.0,297.0,1
15858.0,197,10,2941.06,231,637,294.106,1,1,0.16666666666666666,611.35,1
15859.0,340,1,438.46,22,340,438.46,1,1,0.0,0.0,0
15860.0,6,15,2160.78,231,641,144.05200000000002,1,1,0.0,198.02,1
15861.0,42,7,2337.74,320,588,333.9628571428571,1,0,0.2222222222222222,2023.16,1
15862.0,20,12,2333.9900000000002,377,630,194.4991666666667,1,1,0.0,173.15,1
15863.0,100,4,295.46,58,630,73.865,1,1,0.0,59.64,1
15864.0,6,4,1202.3000000000002,13,289,300.57500000000005,1,1,0.2,978.46,1
15865.0,121,3,1660.22,99,611,553.4066666666666,1,0,0.0,581.2,1
15866.0,9,1,211.89,43,9,211.89,1,0,0.0,0.0,0
15867.0,21,28,8007.14,508,633,285.9692857142857,1,1,0.0967741935483871,862.73,1
15868.0,491,1,94.53,4,491,94.53,1,0,0.0,0.0,0
15869.0,185,3,321.11,29,534,107.03666666666668,1,0,0.0,0.0,0
15870.0,304,3,506.02,61,354,168.67333333333332,1,0,0.0,351.44,1
15871.0,345,1,33.099999999999994,5,345,33.099999999999994,1,0,0.0,0.0,0
15872.0,286,2,413.0,70,458,206.5,1,0,0.0,316.25,1
15873.0,407,4,313.91999999999996,3,408,78.47999999999999,1,0,0.2,0.0,0
15874.0,85,20,9086.63,236,609,454.33149999999995,1,0,0.13043478260869565,2198.13,1
15875.0,554,1,108.52,18,554,108.52,1,0,0.0,0.0,0
15876.0,317,2,1449.1399999999999,11,356,724.5699999999999,1,0,0.0,0.0,0
15878.0,469,2,330.77,47,641,165.385,1,1,0.0,0.0,0
15879.0,312,4,1137.8,171,630,284.45,1,1,0.0,0.0,0
15880.0,277,1,329.03000000000003,95,277,329.03000000000003,1,1,0.5,0.0,0
15881.0,220,5,501.39000000000004,26,272,100.278,1,1,0.375,0.0,0
15882.0,106,8,1122.38,48,637,140.2975,1,1,0.2,0.0,0
15884.0,340,2,244.60000000000002,14,644,122.30000000000001,1,1,0.0,0.0,0
15885.0,1,13,1921.82,81,595,147.8323076923077,1,0,0.2777777777777778,0.0,0
15886.0,324,3,871.78,47,506,290.5933333333333,1,0,0.0,181.09,1
15887.0,314,3,1027.15,27,463,342.3833333333334,1,0,0.0,0.0,0
15888.0,308,2,260.85,24,434,130.425,1,0,0.0,162.64,1
15889.0,64,8,1407.05,255,637,175.88125,1,1,0.1111111111111111,0.0,0
15890.0,302,5,535.65,10,512,107.13,1,0,0.0,0.0,0
15891.0,134,1,509.13,59,134,509.13,1,0,0.0,0.0,0
15892.0,577,1,128.2,38,577,128.2,1,0,0.0,0.0,0
15893.0,389,1,305.28000000000003,1,389,305.28000000000003,1,0,0.0,0.0,0
15894.0,161,2,257.6,34,277,128.8,1,1,0.0,0.0,0
15895.0,57,1,179.17,11,57,179.17,1,0,0.0,0.0,0
15897.0,102,2,208.59,17,102,104.295,1,0,0.0,0.0,0
15898.0,134,24,4606.81,279,636,191.95041666666668,1,1,0.14285714285714285,0.0,0
15899.0,276,1,56.25,4,276,56.25,1,1,0.0,0.0,0
15900.0,321,3,549.29,68,470,183.09666666666666,1,0,0.25,337.28,1
15901.0,62,4,428.63,69,451,107.1575,1,0,0.0,239.26,1
15902.0,288,1,145.01,18,288,145.01,1,1,0.0,0.0,0
15903.0,135,7,4454.72,39,602,636.3885714285715,1,0,0.3,4485.12,1
15905.0,451,1,114.69,22,451,114.69,1,0,0.0,0.0,0
15906.0,52,7,1760.21,86,358,251.45857142857145,1,0,0.2222222222222222,769.98,1
15907.0,84,2,477.59000000000003,93,118,238.79500000000002,1,0,0.0,404.28,1
15908.0,398,2,758.62,37,420,379.31,1,0,0.0,0.0,0
15909.0,81,1,191.94,7,81,191.94,1,0,0.0,0.0,0
15910.0,7,12,2095.65,343,595,174.63750000000002,1,0,0.0,432.17,1
15911.0,531,8,1683.79,161,638,210.47375,1,1,0.0,0.0,0
15912.0,86,9,1074.7,83,637,119.41111111111111,1,1,0.0,0.0,0
15913.0,442,1,6.300000000000001,1,442,6.300000000000001,1,0,0.0,0.0,0
15914.0,286,2,205.99,13,286,102.995,1,1,0.0,0.0,0
15915.0,309,1,364.24,104,309,364.24,1,1,0.0,0.0,0
15916.0,99,10,2489.33,178,637,248.933,1,1,0.23076923076923078,655.91,1
15917.0,155,5,530.17,127,645,106.03399999999999,1,1,0.0,0.0,0
15918.0,98,3,582.88,49,539,194.29333333333332,1,0,0.0,0.0,0
15919.0,276,1,214.07999999999998,38,276,214.07999999999998,1,1,0.0,311.61,1
15920.0,62,8,565.19,92,633,70.64875,1,1,0.0,0.0,0
15921.0,80,4,765.61,68,548,191.4025,1,0,0.0,0.0,0
15922.0,281,1,369.5,11,281,369.5,1,1,0.5,0.0,0
15923.0,280,1,127.08,21,280,127.08,1,1,0.0,0.0,0
15924.0,639,1,102.82,14,639,102.82,1,1,0.0,0.0,0
15925.0,102,1,207.15,12,102,207.15,1,0,0.0,0.0,0
15926.0,450,1,134.44,7,450,134.44,1,0,0.0,0.0,0
15927.0,555,1,106.54,13,555,106.54,1,0,0.0,0.0,0
15928.0,564,1,293.53,11,564,293.53,1,0,0.0,0.0,0
15929.0,552,1,594.0,1,552,594.0,1,0,0.0,0.0,0
15931.0,336,1,239.9,14,336,239.9,1,1,0.0,0.0,0
15932.0,15,6,1885.95,65,197,314.325,1,0,0.3333333333333333,609.92,1
15934.0,325,2,2190.66,29,337,1095.33,1,1,0.0,0.0,0
15935.0,147,1,108.03999999999999,11,147,108.03999999999999,1,0,0.5,0.0,0
15936.0,287,2,282.79,16,375,141.395,1,0,0.0,0.0,0
15938.0,20,9,734.81,27,464,81.64555555555555,1,0,0.0,0.0,0
15939.0,15,14,8750.08,50,282,625.0057142857142,1,1,0.06666666666666667,254.76,1
15940.0,219,1,35.8,1,219,35.8,1,0,0.5,0.0,0
15941.0,545,1,405.0,6,545,405.0,1,0,0.5,0.0,0
15942.0,41,1,337.44,14,41,337.44,1,0,0.0,0.0,0
15943.0,557,2,271.28999999999996,12,585,135.64499999999998,1,0,0.0,0.0,0
15944.0,184,4,2164.24,25,634,541.06,1,1,0.0,0.0,0
15945.0,273,4,646.27,24,646,161.5675,1,1,0.0,0.0,0
15946.0,410,3,2304.18,25,541,768.06,1,0,0.0,0.0,0
15948.0,332,1,553.85,35,332,553.85,1,1,0.0,955.24,1
15950.0,14,8,6467.58,208,590,808.4475,1,0,0.2,653.33,1
15951.0,193,2,680.12,35,289,340.06,1,1,0.0,333.05,1
15952.0,67,2,309.2,25,133,154.6,1,0,0.0,472.71000000000004,1
15953.0,119,14,2607.1,69,644,186.22142857142856,1,1,0.125,833.24,1
15954.0,497,1,187.8,19,497,187.8,1,0,0.0,0.0,0
15955.0,14,16,6133.37,153,562,383.335625,1,0,0.1111111111111111,1952.6100000000001,1
15956.0,459,2,617.6,18,634,308.8,1,1,0.0,0.0,0
15957.0,328,2,492.36,88,328,246.18,1,1,0.0,428.89,1
15958.0,311,3,357.77,45,458,119.25666666666666,1,0,0.0,104.35,1
15959.0,590,3,542.89,58,590,180.96333333333334,1,0,0.0,0.0,0
15960.0,282,4,410.95,24,343,102.7375,1,0,0.2,0.0,0
15961.0,287,1,451.28999999999996,42,287,451.28999999999996,1,1,0.0,0.0,0
15962.0,357,1,289.48,43,357,289.48,1,0,0.0,0.0,0
15964.0,571,1,269.21000000000004,20,571,269.21000000000004,1,0,0.0,0.0,0
15965.0,275,10,2119.26,144,644,211.92600000000002,1,1,0.09090909090909091,652.6800000000001,1
15966.0,358,1,426.53000000000003,27,358,426.53000000000003,1,0,0.5,0.0,0
15967.0,226,11,2730.22,290,646,248.20181818181817,1,1,0.08333333333333333,235.78,1
15968.0,296,1,401.8,69,296,401.8,1,1,0.0,0.0,0
15969.0,93,3,769.65,23,430,256.55,1,0,0.0,357.4,1
15970.0,211,2,1017.32,19,506,508.66,1,0,0.0,0.0,0
15971.0,16,13,3807.48,11,639,292.88307692307694,1,1,0.13333333333333333,2090.4,1
15972.0,364,5,1769.33,104,508,353.866,1,0,0.0,0.0,0
15973.0,274,2,665.62,7,336,332.81,1,1,0.5,0.0,0
15974.0,3,6,2895.0099999999998,119,196,482.5016666666666,1,0,0.14285714285714285,547.14,1
15976.0,73,6,1680.31,264,459,280.0516666666667,1,0,0.0,0.0,0
15978.0,340,2,2180.64,72,552,1090.32,1,0,0.5,1098.78,1
15979.0,510,1,329.22,22,510,329.22,1,0,0.0,0.0,0
15980.0,162,5,4905.0,83,464,981.0,1,0,0.2857142857142857,1638.68,1
15981.0,45,19,8412.49,131,528,442.7626315789474,1,0,0.20833333333333334,950.28,1
15982.0,513,1,324.51,45,513,324.51,1,0,0.0,0.0,0
15983.0,268,7,2783.62,117,641,397.65999999999997,1,1,0.0,326.75,1
15984.0,8,27,7419.9,425,646,274.8111111111111,1,1,0.03571428571428571,973.12,1
15985.0,31,7,2715.28,50,469,387.8971428571429,1,0,0.125,0.0,0
15986.0,289,1,186.3,11,289,186.3,1,1,0.0,168.12,1
15987.0,28,7,1296.85,98,287,185.2642857142857,1,1,0.0,239.14,1
15988.0,459,2,579.61,92,564,289.805,1,0,0.0,156.78,1
15989.0,283,2,368.31,81,645,184.155,1,1,0.0,0.0,0
15990.0,195,6,1607.01,95,557,267.835,1,0,0.0,390.74,1
15991.0,442,1,150.55,6,442,150.55,1,0,0.0,0.0,0
15992.0,304,2,854.61,51,361,427.305,1,0,0.0,41.989999999999995,1
15994.0,319,2,761.4100000000001,69,543,380.70500000000004,1,0,0.5,414.27,1
15995.0,322,1,694.54,108,322,694.54,1,1,0.0,0.0,0
15996.0,24,6,1233.58,128,305,205.59666666666666,1,1,0.14285714285714285,152.82,1
15998.0,79,14,7299.18,614,646,521.37,1,1,0.2631578947368421,974.96,1
15999.0,643,1,20.4,1,643,20.4,1,1,0.0,0.0,0
16001.0,289,1,583.39,29,289,583.39,1,1,0.5,0.0,0
16002.0,533,1,169.21,42,533,169.21,1,0,0.0,0.0,0
16003.0,42,8,4672.36,126,644,584.045,1,1,0.0,941.47,1
16004.0,382,5,2146.39,63,591,429.27799999999996,1,0,0.0,0.0,0
16005.0,90,8,2061.77,231,358,257.72125,1,0,0.1111111111111111,303.3,1
16006.0,119,2,332.82,75,295,166.41,1,1,0.0,0.0,0
16007.0,88,5,2086.92,269,451,417.384,1,0,0.0,966.14,1
16008.0,112,13,4999.5,58,538,384.5769230769231,1,0,0.0,339.63,1
16009.0,67,1,441.59000000000003,55,67,441.59000000000003,1,0,0.0,530.52,1
16010.0,153,11,1694.86,122,319,154.0781818181818,1,1,0.08333333333333333,0.0,0
16011.0,0,25,4432.01,168,646,177.28040000000001,1,1,0.038461538461538464,1167.3,1
16012.0,36,4,2695.42,176,437,673.855,1,0,0.0,283.17,1
16013.0,6,72,42357.18,52,639,588.2941666666667,1,1,0.07692307692307693,13721.26,1
16014.0,60,4,967.83,211,585,241.9575,1,0,0.0,132.45000000000002,1
16016.0,104,7,1408.96,127,310,201.28,1,1,0.2222222222222222,674.44,1
16017.0,325,4,1333.7,81,611,333.425,1,0,0.0,211.88,1
16018.0,88,3,451.13,39,640,150.37666666666667,1,1,0.0,247.0,1
16019.0,44,25,16495.170000000002,210,633,659.8068000000001,1,1,0.21875,833.99,1
16021.0,303,2,487.03,117,452,243.515,1,0,0.0,0.0,0
16022.0,168,1,602.63,68,168,602.63,1,0,0.0,0.0,0
16023.0,100,2,500.69,59,174,250.345,1,0,0.0,219.12,1
16024.0,319,2,232.96,21,319,116.48,1,1,0.0,245.75,1
16027.0,45,14,1889.96,20,608,134.99714285714285,1,0,0.125,158.4,1
16028.0,503,1,82.2,5,503,82.2,1,0,0.0,0.0,0
16029.0,1,95,82900.17,55,639,872.6333684210526,1,1,0.04040404040404041,26720.7,1
16030.0,217,1,331.24,28,217,331.24,1,0,0.0,0.0,0
16031.0,0,2,547.9,91,155,273.95,1,0,0.0,0.0,0
16032.0,364,6,1965.72,130,431,327.62,1,0,0.0,0.0,0
16033.0,16,23,7694.54,444,393,334.54521739130433,1,0,0.28125,2914.27,1
16034.0,104,6,911.3199999999999,43,317,151.88666666666666,1,1,0.14285714285714285,0.0,0
16035.0,468,1,217.73,21,468,217.73,1,0,0.0,0.0,0
16036.0,171,3,1986.65,88,528,662.2166666666667,1,0,0.0,570.19,1
16037.0,177,5,1509.34,62,556,301.868,1,0,0.2857142857142857,0.0,0
16038.0,85,2,393.33,23,109,196.665,1,0,0.3333333333333333,78.45,1
16039.0,331,2,456.4,27,536,228.2,1,0,0.3333333333333333,0.0,0
16040.0,56,6,1979.53,82,517,329.9216666666667,1,0,0.14285714285714285,437.37,1
16041.0,49,2,2739.8,5,49,1369.9,1,0,0.0,426.6,1
16042.0,15,5,1508.33,58,361,301.666,1,0,0.375,736.99,1
16043.0,119,7,1759.0900000000001,48,389,251.29857142857145,1,0,0.0,97.5,1
16044.0,343,1,340.84000000000003,19,343,340.84000000000003,1,0,0.0,0.0,0
16045.0,27,8,3434.9300000000003,111,406,429.36625000000004,1,0,0.1111111111111111,0.0,0
16046.0,470,1,235.78,22,470,235.78,1,0,0.0,0.0,0
16047.0,590,1,107.14,1,590,107.14,0,0,0.0,0.0,0
16048.0,281,4,818.7900000000001,30,457,204.69750000000002,1,0,0.2,0.0,0
16049.0,283,3,777.34,175,424,259.11333333333334,1,0,0.0,1074.81,1
16050.0,81,3,300.7,19,309,100.23333333333333,1,1,0.0,0.0,0
16051.0,589,1,188.44,12,589,188.44,1,0,0.0,0.0,0
16053.0,30,5,3247.08,153,518,649.4159999999999,1,0,0.2857142857142857,387.76,1
16054.0,53,4,2111.88,109,525,527.97,1,0,0.42857142857142855,0.0,0
16055.0,128,1,134.8,8,128,134.8,1,0,0.0,0.0,0
16057.0,4,9,3135.96,148,609,348.44,1,0,0.4,718.89,1
16058.0,314,1,62.7,2,314,62.7,1,1,0.0,0.0,0
16059.0,71,10,2545.01,207,477,254.50100000000003,1,0,0.0,508.56,1
16060.0,308,3,541.95,22,402,180.65,1,0,0.0,0.0,0
16061.0,339,1,89.65,3,339,89.65,1,1,0.6666666666666666,0.0,0
16062.0,41,7,2487.97,122,444,355.4242857142857,1,0,0.0,375.48,1
16063.0,168,1,335.32,23,168,335.32,1,0,0.0,0.0,0
16064.0,633,1,109.31,17,633,109.31,1,1,0.0,0.0,0
16065.0,273,8,1992.13,214,371,249.01625,1,0,0.2,0.0,0
16066.0,32,1,316.38,6,32,316.38,1,0,0.0,1204.66,1
16067.0,470,3,3269.11,60,583,1089.7033333333334,1,0,0.5,0.0,0
16068.0,501,1,115.73,34,501,115.73,1,0,0.0,0.0,0
16069.0,325,1,457.7,25,325,457.7,1,1,0.0,0.0,0
16071.0,435,3,750.5600000000001,47,563,250.1866666666667,1,0,0.0,326.24,1
16072.0,196,4,4180.09,414,457,1045.0225,1,0,0.0,0.0,0
16073.0,205,1,122.39999999999999,1,205,122.39999999999999,1,0,0.5,0.0,0
16074.0,298,1,252.5,23,298,252.5,1,1,0.0,0.0,0
16075.0,410,2,736.9300000000001,41,472,368.46500000000003,1,0,0.3333333333333333,0.0,0
16076.0,0,5,1357.98,69,116,271.596,1,0,0.16666666666666666,876.75,1
16077.0,533,1,2300.4,8,533,2300.4,1,0,0.5,0.0,0
16078.0,191,2,362.99,39,577,181.495,1,0,0.0,0.0,0
16080.0,182,3,515.66,24,358,171.88666666666666,1,0,0.4,86.9,1
16081.0,93,6,2471.91,155,582,411.98499999999996,1,0,0.0,1807.05,1
16082.0,578,1,106.75,16,578,106.75,1,0,0.0,0.0,0
16083.0,8,4,2351.42,61,296,587.855,1,1,0.0,0.0,0
16084.0,207,1,436.18,38,207,436.18,1,0,0.0,0.0,0
16085.0,144,9,1668.24,195,596,185.36,1,0,0.1,656.47,1
16086.0,6,9,2466.04,65,645,274.00444444444446,1,1,0.1,221.69,1
16087.0,297,5,1739.92,6,597,347.98400000000004,1,0,0.0,0.0,0
16088.0,483,2,1437.43,3,499,718.715,1,0,0.0,0.0,0
16089.0,294,2,263.49,42,417,131.745,1,0,0.0,0.0,0
16090.0,532,1,180.56,18,532,180.56,1,0,0.0,0.0,0
16091.0,62,2,315.06,16,106,157.53,1,0,0.0,0.0,0
16092.0,22,6,1587.94,60,487,264.6566666666667,1,0,0.4,0.0,0
16093.0,14,1,17.0,1,14,17.0,1,0,0.0,0.0,0
16094.0,127,8,2869.43,81,510,358.67875,1,0,0.5,826.13,1
16095.0,364,1,447.05,30,364,447.05,1,0,0.0,0.0,0
16096.0,172,4,1584.97,58,553,396.2425,1,0,0.0,0.0,0
16097.0,148,1,185.04999999999998,10,148,185.04999999999998,1,0,0.0,0.0,0
16098.0,36,13,3717.56,80,632,285.9661538461538,1,1,0.0,293.14,1
16099.0,45,6,1433.4,41,554,238.9,1,0,0.14285714285714285,139.8,1
16100.0,370,1,582.64,37,370,582.64,1,0,0.0,0.0,0
16101.0,342,3,1938.46,94,469,646.1533333333333,1,0,0.25,1290.7,1
16102.0,6,2,1392.8400000000001,41,36,696.4200000000001,1,0,0.0,449.3,1
16103.0,65,20,5918.47,106,608,295.9235,1,0,0.2,273.24,1
16104.0,326,8,2476.25,162,641,309.53125,1,1,0.2,298.21,1
16105.0,156,5,2386.19,92,512,477.238,1,0,0.0,0.0,0
16107.0,11,3,1494.1200000000001,16,91,498.04,1,0,0.0,1710.04,1
16108.0,342,3,1393.42,79,539,464.47333333333336,1,0,0.5,842.5,1
16109.0,126,3,939.48,30,606,313.16,1,0,0.25,0.0,0
16110.0,170,3,1138.82,235,430,379.6066666666666,1,0,0.0,642.77,1
16111.0,336,1,549.33,72,336,549.33,1,1,0.0,0.0,0
16112.0,51,4,195.73999999999998,15,246,48.934999999999995,1,0,0.0,0.0,0
16113.0,91,1,161.38,30,91,161.38,1,0,0.0,0.0,0
16114.0,78,1,135.75000000000003,8,78,135.75000000000003,1,0,0.0,0.0,0
16115.0,25,9,1817.51,192,482,201.94555555555556,1,0,0.0,736.29,1
16116.0,119,1,612.78,34,119,612.78,1,0,0.5,0.0,0
16117.0,97,3,654.4,64,499,218.13333333333333,1,0,0.25,0.0,0
16118.0,560,1,4376.25,41,560,4376.25,1,0,0.8,0.0,0
16119.0,302,6,1297.45,31,631,216.24166666666667,1,1,0.0,423.36,1
16120.0,330,2,1658.3700000000001,60,330,829.1850000000001,1,1,0.0,1309.14,1
16121.0,123,4,881.32,159,473,220.33,1,0,0.2,568.72,1
16122.0,20,5,761.46,26,333,152.292,1,1,0.0,134.16000000000003,1
16124.0,225,4,1772.49,63,640,443.1225,1,1,0.3333333333333333,0.0,0
16125.0,275,14,4292.35,168,633,306.5964285714286,1,1,0.0,0.0,0
16126.0,9,14,12063.53,133,645,861.6807142857143,1,1,0.0,2581.07,1
16127.0,634,1,145.06,35,634,145.06,1,1,0.0,656.25,1
16128.0,51,8,2615.53,116,419,326.94125,1,0,0.2727272727272727,1185.52,1
16129.0,315,3,1396.05,91,415,465.34999999999997,1,0,0.0,0.0,0
16130.0,330,4,987.48,53,525,246.87,1,0,0.0,0.0,0
16131.0,23,10,8729.38,130,645,872.9379999999999,1,1,0.23076923076923078,1228.04,1
16132.0,452,2,664.1999999999999,14,535,332.09999999999997,1,0,0.0,0.0,0
16133.0,9,46,19022.49,235,526,413.53239130434787,1,0,0.2923076923076923,3969.77,1
16134.0,267,4,1810.78,71,448,452.695,1,0,0.3333333333333333,334.56,1
16135.0,170,2,819.45,35,491,409.725,1,0,0.0,0.0,0
16136.0,185,2,396.72,17,571,198.36,1,0,0.3333333333333333,550.08,1
16137.0,588,1,422.7,28,588,422.7,1,0,0.0,0.0,0
16138.0,286,3,910.35,35,498,303.45,1,0,0.25,0.0,0
16139.0,20,4,782.11,35,644,195.5275,1,1,0.0,329.04,1
16140.0,279,2,832.4200000000001,33,349,416.21000000000004,1,0,0.0,601.04,1
16141.0,325,1,335.54,20,325,335.54,1,1,0.0,620.4,1
16142.0,157,1,535.34,37,157,535.34,1,0,0.0,0.0,0
16143.0,16,11,4079.5,103,637,370.8636363636364,1,1,0.26666666666666666,475.58000000000004,1
16144.0,154,1,175.2,1,154,175.2,1,0,0.0,0.0,0
16145.0,7,16,5606.26,190,492,350.39125,1,0,0.36,1199.18,1
16146.0,65,4,946.38,34,356,236.595,1,0,0.0,0.0,0
16147.0,41,5,2398.91,113,580,479.782,1,0,0.2857142857142857,0.0,0
16148.0,204,2,386.62,9,344,193.31,1,0,0.5,0.0,0
16149.0,50,2,305.38,23,337,152.69,1,1,0.0,116.84,1
16150.0,36,8,3357.85,120,630,419.73125,1,1,0.5,644.32,1
16152.0,176,1,1829.04,29,176,1829.04,1,0,0.0,0.0,0
16153.0,23,10,4332.8,140,470,433.28000000000003,1,0,0.16666666666666666,800.69,1
16155.0,289,5,796.9,45,447,159.38,1,0,0.16666666666666666,0.0,0
16156.0,59,16,4511.31,156,645,281.956875,1,1,0.2,1676.8700000000001,1
16158.0,430,9,628.32,29,642,69.81333333333333,1,1,0.1,0.0,0
16159.0,189,4,1232.79,31,644,308.1975,1,1,0.2,0.0,0
16161.0,48,36,10083.05,360,577,280.0847222222222,1,0,0.23404255319148937,2178.5,1
16162.0,160,1,37.4,2,160,37.4,1,0,0.0,0.0,0
16163.0,140,6,2407.98,59,645,401.33,1,1,0.5714285714285714,0.0,0
16165.0,413,1,79.9,1,413,79.9,1,0,0.0,0.0,0
16166.0,336,2,435.83,18,599,217.915,1,0,0.5,0.0,0
16167.0,322,5,1386.1200000000001,51,646,277.22400000000005,1,1,0.16666666666666666,0.0,0
16168.0,2,57,9205.19,119,644,161.49456140350878,1,1,0.09523809523809523,1155.48,1
16170.0,20,19,6544.61,241,567,344.4531578947368,1,0,0.20833333333333334,324.39,1
16172.0,3,8,1884.55,81,421,235.56875,1,0,0.0,0.0,0
16173.0,6,1,429.38,25,6,429.38,1,0,0.0,988.94,1
16174.0,34,7,2246.75,28,511,320.9642857142857,1,0,0.0,0.0,0
16175.0,2,7,1836.44,59,471,262.34857142857146,1,0,0.0,0.0,0
16176.0,329,4,2052.69,53,528,513.1725,1,0,0.42857142857142855,0.0,0
16177.0,344,7,1915.36,66,555,273.62285714285713,1,0,0.36363636363636365,331.95,1
16178.0,46,2,612.6,24,309,306.3,1,1,0.0,0.0,0
16180.0,8,13,16249.87,171,442,1249.99,1,0,0.1875,0.0,0
16182.0,38,8,8198.0,12,548,1024.75,1,0,0.0,1773.65,1
16183.0,302,3,739.1,17,315,246.36666666666667,1,1,0.0,338.71000000000004,1
16184.0,13,5,985.8000000000001,22,119,197.16000000000003,1,0,0.16666666666666666,172.99,1
16185.0,140,2,450.31,28,472,225.155,1,0,0.0,194.41,1
16186.0,11,23,7408.02,153,638,322.08782608695657,1,1,0.14814814814814814,1310.41,1
16187.0,7,12,5395.7,140,192,449.64166666666665,1,0,0.07692307692307693,1515.74,1
16188.0,49,4,860.83,58,316,215.2075,1,1,0.2,226.83,1
16190.0,302,7,2508.4700000000003,88,633,358.3528571428572,1,1,0.0,215.08,1
16191.0,170,19,13112.980000000001,76,636,690.1568421052632,1,1,0.36666666666666664,2564.84,1
16192.0,643,1,351.3,11,643,351.3,1,1,0.0,0.0,0
16193.0,144,2,630.43,38,318,315.215,1,1,0.0,0.0,0
16194.0,283,1,308.59999999999997,8,283,308.59999999999997,1,1,0.0,0.0,0
16195.0,631,1,323.25,16,631,323.25,1,1,0.0,0.0,0
16196.0,396,1,93.3,4,396,93.3,1,0,0.0,0.0,0
16197.0,377,9,2016.71,52,631,224.07888888888888,1,1,0.0,0.0,0
16198.0,345,1,629.36,18,345,629.36,1,0,0.0,400.68,1
16199.0,300,7,942.75,2,539,134.67857142857142,1,0,0.0,0.0,0
16200.0,72,11,5089.8,281,645,462.70909090909095,1,1,0.08333333333333333,518.3,1
16201.0,17,2,552.45,32,323,276.225,1,1,0.0,1559.67,1
16202.0,268,9,2501.9900000000002,105,645,277.9988888888889,1,1,0.18181818181818182,0.0,0
16203.0,55,5,729.24,48,412,145.848,1,0,0.16666666666666666,214.6,1
16204.0,288,2,534.53,47,639,267.265,1,1,0.3333333333333333,384.18,1
16205.0,87,4,1168.23,108,450,292.0575,1,0,0.0,645.28,1
16206.0,32,12,2449.92,182,592,204.16,1,0,0.07692307692307693,127.19999999999999,1
16208.0,197,9,3273.78,164,561,363.75333333333333,1,0,0.0,166.67,1
16209.0,27,8,4001.06,49,454,500.1325,1,0,0.0,145.72,1
16210.0,6,26,23893.63,121,645,918.9857692307693,1,1,0.07142857142857142,6237.9400000000005,1
16211.0,329,2,543.5699999999999,12,346,271.78499999999997,1,0,0.0,547.02,1
16212.0,191,3,1101.52,61,578,367.17333333333335,1,0,0.25,192.19,1
16214.0,78,4,2038.25,84,343,509.5625,1,0,0.0,0.0,0
16216.0,175,1,914.9300000000001,37,175,914.9300000000001,1,0,0.0,0.0,0
16217.0,143,2,304.25,13,190,152.125,1,0,0.3333333333333333,0.0,0
16218.0,22,12,3519.47,77,469,293.28916666666663,1,0,0.3333333333333333,449.2,1
16219.0,408,1,40.8,1,408,40.8,1,0,0.0,0.0,0
16221.0,183,8,1472.98,116,394,184.1225,1,0,0.1111111111111111,545.49,1
16222.0,226,2,1272.05,133,629,636.025,1,1,0.0,0.0,0
16223.0,282,2,1087.05,101,303,543.525,1,1,0.0,0.0,0
16224.0,49,4,1187.12,82,295,296.78,1,1,0.0,429.42,1
16225.0,57,14,2716.63,188,578,194.04500000000002,1,0,0.17647058823529413,142.68,1
16226.0,111,5,672.1700000000001,23,321,134.43400000000003,1,1,0.0,0.0,0
16227.0,133,3,1027.22,28,443,342.4066666666667,1,0,0.5,0.0,0
16228.0,293,3,885.71,45,308,295.2366666666667,1,1,0.25,0.0,0
16229.0,120,5,2215.46,120,472,443.092,1,0,0.16666666666666666,652.4,1
16230.0,97,2,542.03,32,128,271.015,1,0,0.0,0.0,0
16231.0,287,4,1074.47,69,505,268.6175,1,0,0.0,0.0,0
16232.0,51,6,2447.13,60,458,407.855,1,0,0.25,265.84,1
16233.0,237,8,1608.13,37,645,201.01625,1,1,0.2727272727272727,210.18,1
16234.0,384,3,333.18,13,469,111.06,1,0,0.25,0.0,0
16235.0,94,7,1851.69,75,378,264.52714285714285,1,0,0.2222222222222222,192.01999999999998,1
16237.0,345,1,136.65,7,345,136.65,1,0,0.0,0.0,0
16238.0,330,1,63.66,6,330,63.66,1,1,0.0,0.0,0
16239.0,97,5,1425.9,21,371,285.18,1,0,0.16666666666666666,66.3,1
16241.0,4,13,3177.93,437,318,244.45615384615382,1,1,0.0,811.88,1
16242.0,73,10,4671.38,273,542,467.13800000000003,1,0,0.2857142857142857,2733.27,1
16244.0,119,2,1522.75,88,280,761.375,1,1,0.0,0.0,0
16245.0,29,2,769.7,49,164,384.85,1,0,0.3333333333333333,643.96,1
16246.0,367,2,821.35,79,577,410.675,1,0,0.0,0.0,0
16247.0,78,1,114.56,16,78,114.56,1,0,0.0,0.0,0
16249.0,20,4,1440.77,48,147,360.1925,1,0,0.0,359.3,1
16250.0,169,3,565.24,29,294,188.41333333333333,1,1,0.0,0.0,0
16251.0,420,1,128.31,20,420,128.31,1,0,0.0,0.0,0
16252.0,290,1,295.09000000000003,21,290,295.09000000000003,1,1,0.5,0.0,0
16253.0,163,6,5238.74,169,639,873.1233333333333,1,1,0.0,1983.46,1
16254.0,286,3,967.44,65,540,322.48,1,0,0.0,0.0,0
16255.0,3,14,4092.88,219,592,292.34857142857146,1,0,0.2222222222222222,437.12,1
16256.0,174,3,1579.37,26,505,526.4566666666666,1,0,0.25,0.0,0
16257.0,84,1,21.95,1,84,21.95,1,0,0.0,0.0,0
16258.0,35,14,10480.07,216,547,748.5764285714286,1,0,0.06666666666666667,1462.45,1
16259.0,318,3,340.94,75,513,113.64666666666666,1,0,0.0,0.0,0
16261.0,21,4,722.61,89,350,180.6525,1,0,0.0,318.55,1
16262.0,286,1,755.15,46,286,755.15,1,1,0.6666666666666666,0.0,0
16263.0,331,1,348.16,19,331,348.16,1,1,0.0,0.0,0
16264.0,346,2,823.53,62,354,411.765,1,0,0.0,0.0,0
16265.0,18,10,5300.19,160,315,530.019,1,1,0.23076923076923078,1384.98,1
16266.0,23,13,1657.18,67,581,127.47538461538463,1,0,0.0,100.77,1
16267.0,499,1,186.66,7,499,186.66,1,0,0.0,0.0,0
16269.0,345,1,717.57,53,345,717.57,1,0,0.5,0.0,0
16270.0,261,1,1141.24,54,261,1141.24,1,1,0.0,0.0,0
16271.0,34,7,2846.61,145,550,406.65857142857146,1,0,0.125,521.21,1
16272.0,24,1,411.7,25,24,411.7,1,0,0.0,0.0,0
16273.0,556,2,318.34000000000003,15,564,159.17000000000002,1,0,0.0,0.0,0
16274.0,281,1,331.55,63,281,331.55,1,1,0.0,0.0,0
16275.0,104,3,2151.11,105,549,717.0366666666667,1,0,0.0,0.0,0
16276.0,84,3,2629.3900000000003,20,515,876.4633333333335,1,0,0.0,0.0,0
16277.0,641,1,188.69,23,641,188.69,1,1,0.0,0.0,0
16278.0,8,3,1117.84,50,407,372.6133333333333,1,0,0.5,0.0,0
16279.0,84,7,4554.58,175,504,650.6542857142857,1,0,0.125,1143.7,1
16280.0,633,1,238.05,16,633,238.05,1,1,0.0,0.0,0
16281.0,331,2,1361.96,19,590,680.98,1,0,0.3333333333333333,2062.06,1
16282.0,247,3,1307.58,31,626,435.85999999999996,1,1,0.0,0.0,0
16283.0,28,6,3364.16,333,557,560.6933333333333,1,0,0.3333333333333333,984.46,1
16284.0,301,1,205.8,30,301,205.8,1,1,0.0,812.68,1
16285.0,554,1,176.9,31,554,176.9,1,0,0.0,0.0,0
16286.0,385,2,328.95,17,531,164.475,1,0,0.5,0.0,0
16287.0,77,5,1006.98,18,597,201.39600000000002,1,0,0.0,0.0,0
16288.0,378,1,129.85,7,378,129.85,1,0,0.0,0.0,0
16289.0,370,1,136.31,21,370,136.31,1,0,0.5,0.0,0
16290.0,372,4,1957.7,85,473,489.425,1,0,0.0,0.0,0
16291.0,590,1,117.72,1,590,117.72,0,0,0.0,0.0,0
16292.0,29,5,1253.76,51,512,250.752,1,0,0.4444444444444444,0.0,0
16293.0,115,9,3159.9500000000003,130,636,351.1055555555556,1,1,0.18181818181818182,1119.25,1
16294.0,384,1,126.05000000000001,8,384,126.05000000000001,1,0,0.0,0.0,0
16296.0,534,4,1313.67,56,629,328.4175,1,1,0.3333333333333333,0.0,0
16297.0,176,1,301.9,20,176,301.9,1,0,0.6666666666666666,0.0,0
16298.0,94,5,601.8,20,350,120.35999999999999,1,0,0.2857142857142857,483.90000000000003,1
16299.0,385,1,193.65,12,385,193.65,1,0,0.5,0.0,0
16300.0,338,3,1367.32,190,583,455.7733333333333,1,0,0.0,0.0,0
16301.0,644,1,107.33,6,644,107.33,1,1,0.0,0.0,0
16302.0,34,1,233.22,11,34,233.22,1,0,0.5,0.0,0
16303.0,23,6,6603.97,149,539,1100.6616666666666,1,0,0.25,1324.3,1
16304.0,602,1,381.66,25,602,381.66,1,0,0.0,0.0,0
16305.0,46,1,361.21999999999997,22,46,361.21999999999997,1,0,0.0,0.0,0
16306.0,121,7,1124.72,55,342,160.67428571428573,1,1,0.3,0.0,0
16307.0,337,3,1194.92,69,485,398.3066666666667,1,0,0.0,0.0,0
16308.0,15,6,4160.0,1,632,693.3333333333334,1,1,0.0,960.0,1
16309.0,14,2,706.57,39,148,353.285,1,0,0.0,0.0,0
16310.0,322,2,460.08,26,550,230.04,1,0,0.0,0.0,0
16312.0,340,1,171.15,10,340,171.15,1,1,0.0,0.0,0
16314.0,297,3,1491.4,58,380,497.1333333333334,1,0,0.0,0.0,0
16315.0,238,2,402.71,21,444,201.355,1,0,0.0,0.0,0
16316.0,65,12,5018.81,181,401,418.2341666666667,1,0,0.29411764705882354,726.1,1
16317.0,27,5,2192.51,103,492,438.50200000000007,1,0,0.16666666666666666,0.0,0
16319.0,125,1,404.40000000000003,3,125,404.40000000000003,1,0,0.0,0.0,0
16320.0,80,6,5628.99,193,589,938.165,0,0,0.14285714285714285,0.0,0
16321.0,213,5,454.55,14,646,90.91,0,1,0.2857142857142857,150.0,1
16323.0,104,2,353.66,4,485,176.83,1,0,0.0,0.0,0
16324.0,36,3,408.59000000000003,100,85,136.1966666666667,1,0,0.0,0.0,0
16325.0,63,11,3419.28,103,643,310.8436363636364,1,1,0.26666666666666666,178.22,1
16326.0,4,18,3111.7,184,588,172.8722222222222,1,0,0.0,1514.55,1
16327.0,107,14,8778.41,269,633,627.0292857142857,1,1,0.2222222222222222,1350.63,1
16328.0,471,1,310.83,16,471,310.83,1,0,0.0,0.0,0
16329.0,335,4,1664.92,83,646,416.23,1,1,0.0,0.0,0
16330.0,20,6,422.43,86,570,70.405,1,0,0.14285714285714285,202.95,1
16331.0,340,6,2037.7,33,550,339.6166666666667,1,0,0.0,0.0,0
16332.0,38,7,1066.46,80,497,152.35142857142858,1,0,0.125,931.03,1
16333.0,6,18,15619.6,8,217,867.7555555555556,1,0,0.0,11007.2,1
16334.0,400,1,263.73,54,400,263.73,1,0,0.0,0.0,0
16335.0,459,7,2753.52,193,643,393.36,1,1,0.125,0.0,0
16336.0,328,4,3517.69,64,539,879.4225,1,0,0.0,0.0,0
16338.0,65,1,214.79999999999998,11,65,214.79999999999998,1,0,0.0,0.0,0
16339.0,192,1,94.05,17,192,94.05,1,0,0.0,0.0,0
16340.0,15,3,1496.24,277,459,498.74666666666667,1,0,0.0,0.0,0
16341.0,109,4,2676.57,81,517,669.1425,1,0,0.3333333333333333,1174.22,1
16342.0,15,3,283.71,10,87,94.57,1,0,0.0,38.7,1
16343.0,315,1,285.54,28,315,285.54,1,1,0.0,328.58,1
16344.0,66,4,842.42,43,576,210.605,1,0,0.0,0.0,0
16345.0,391,1,613.33,68,391,613.33,1,0,0.0,565.46,1
16346.0,293,1,224.51,15,293,224.51,1,1,0.0,0.0,0
16347.0,296,9,2595.51,167,545,288.39000000000004,1,0,0.18181818181818182,847.45,1
16348.0,36,5,1064.72,141,338,212.94400000000002,1,1,0.0,677.36,1
16349.0,198,1,53.5,9,198,53.5,1,0,0.0,0.0,0
16350.0,241,6,1514.1200000000001,59,336,252.35333333333335,1,1,0.3333333333333333,739.77,1
16351.0,240,13,3330.0299999999997,124,643,256.1561538461538,1,1,0.2777777777777778,0.0,0
16353.0,11,28,6445.66,72,640,230.20214285714286,1,1,0.0967741935483871,3349.8,1
16354.0,287,3,723.66,87,499,241.22,1,0,0.0,395.8,1
16355.0,283,1,416.35,47,283,416.35,1,1,0.5,0.0,0
16356.0,105,6,415.87,27,459,69.31166666666667,1,0,0.14285714285714285,0.0,0
16357.0,70,3,467.44,22,289,155.81333333333333,1,1,0.0,400.93,1
16358.0,92,2,1354.3000000000002,61,302,677.1500000000001,1,1,0.3333333333333333,1132.19,1
16359.0,2,14,2358.06,77,569,168.43285714285713,1,0,0.2222222222222222,339.69,1
16362.0,345,1,212.17,13,345,212.17,1,0,0.5,709.99,1
16364.0,45,1,346.3,28,45,346.3,1,0,0.0,359.49,1
16365.0,31,13,2489.48,86,636,191.49846153846153,1,1,0.07142857142857142,677.8599999999999,1
16366.0,490,3,1220.83,57,631,406.9433333333333,1,1,0.0,327.3,1
16367.0,270,2,716.9,119,291,358.45,1,1,0.0,633.58,1
16368.0,343,1,141.53,20,343,141.53,1,0,0.0,479.91,1
16369.0,104,5,1465.6,42,519,293.12,1,0,0.0,1188.8799999999999,1
16370.0,25,3,944.49,133,133,314.83,1,0,0.0,357.42,1
16371.0,356,1,157.2,11,356,157.2,1,0,0.0,0.0,0
16372.0,317,3,934.58,203,515,311.5266666666667,1,0,0.25,355.73,1
16373.0,290,2,309.49,25,319,154.745,1,1,0.0,0.0,0
16374.0,170,4,1404.97,226,496,351.2425,1,0,0.0,304.58,1
16375.0,378,2,104.0,11,378,52.0,1,0,0.0,0.0,0
16377.0,175,2,1308.48,6,525,654.24,1,0,0.0,0.0,0
16378.0,155,3,362.95,22,218,120.98333333333333,1,0,0.0,0.0,0
16381.0,303,2,247.85,60,326,123.925,1,1,0.0,0.0,0
16382.0,316,2,353.1,42,458,176.55,1,0,0.0,0.0,0
16383.0,176,6,2553.69,218,581,425.615,1,0,0.14285714285714285,334.3,1
16384.0,171,3,1183.55,71,498,394.51666666666665,1,0,0.0,175.4,1
16385.0,66,4,600.3100000000001,79,539,150.07750000000001,1,0,0.0,281.04,1
16386.0,161,2,826.69,55,295,413.345,1,1,0.0,241.47,1
16387.0,230,5,882.46,68,546,176.49200000000002,1,0,0.0,0.0,0
16388.0,561,1,186.05,13,561,186.05,1,0,0.0,0.0,0
16389.0,113,2,670.17,16,191,335.085,1,0,0.0,711.9,1
16390.0,444,3,467.5,16,587,155.83333333333334,1,0,0.0,0.0,0
16391.0,308,4,1048.86,260,469,262.215,1,0,0.0,0.0,0
16392.0,177,3,755.45,124,469,251.8166666666667,1,0,0.0,0.0,0
16393.0,2,19,4018.78,296,646,211.51473684210526,1,1,0.13636363636363635,1278.99,1
16394.0,79,3,933.1,49,197,311.03333333333336,1,0,0.25,622.24,1
16395.0,76,12,2999.8,370,641,249.98333333333335,1,1,0.2,517.76,1
16396.0,384,1,137.8,8,384,137.8,1,0,0.6666666666666666,0.0,0
16397.0,536,1,123.13,9,536,123.13,1,0,0.0,0.0,0
16398.0,62,2,1705.8,75,161,852.9,1,0,0.5,0.0,0
16399.0,143,2,398.81,64,297,199.405,1,1,0.0,229.61,1
16400.0,2,9,3059.85,214,639,339.98333333333335,1,1,0.0,0.0,0
16401.0,39,18,5204.55,99,463,289.14166666666665,1,0,0.4375,1330.16,1
16402.0,172,2,293.45,55,277,146.725,1,1,0.0,0.0,0
16403.0,220,1,177.5,10,220,177.5,1,0,0.5,0.0,0
16405.0,210,2,167.25,3,218,83.625,1,0,0.0,0.0,0
16406.0,358,2,374.01,85,561,187.005,1,0,0.3333333333333333,154.35,1
16407.0,18,12,2164.34,101,340,180.36166666666668,1,1,0.0,597.31,1
16408.0,499,1,231.93,45,499,231.93,1,0,0.0,0.0,0
16409.0,58,10,4663.13,316,634,466.313,1,1,0.0,989.61,1
16410.0,642,1,130.32,5,642,130.32,1,1,0.0,0.0,0
16411.0,277,3,673.24,119,336,224.41333333333333,1,1,0.0,83.15,1
16412.0,301,4,457.2,72,581,114.3,1,0,0.0,135.99,1
16413.0,283,1,259.83,32,283,259.83,1,1,0.0,262.2,1
16414.0,188,4,475.76,56,602,118.94,1,0,0.0,75.45,1
16415.0,491,2,496.49,78,584,248.245,1,0,0.0,200.27,1
16416.0,298,6,1906.48,92,562,317.74666666666667,1,0,0.0,1051.4,1
16417.0,400,1,35.7,1,400,35.7,1,0,0.0,0.0,0
16418.0,0,4,765.98,94,330,191.495,1,1,0.0,262.76,1
16419.0,20,8,1463.7,62,576,182.9625,1,0,0.1111111111111111,0.0,0
16420.0,304,1,75.0,2,304,75.0,1,1,0.0,0.0,0
16421.0,284,3,526.27,35,377,175.42333333333332,1,0,0.0,0.0,0
16422.0,7,96,56162.17,110,604,585.0226041666666,1,0,0.14285714285714285,5566.7,1
16424.0,99,2,443.06,10,290,221.53,1,1,0.3333333333333333,0.0,0
16425.0,210,1,302.7,21,210,302.7,1,0,0.0,0.0,0
16426.0,0,4,689.83,64,184,172.4575,1,0,0.0,1173.93,1
16427.0,171,2,241.06,8,192,120.53,1,0,0.0,0.0,0
16428.0,321,3,638.49,121,405,212.83,1,0,0.0,0.0,0
16429.0,14,1,284.55,2,14,284.55,1,0,0.0,0.0,0
16430.0,289,5,802.09,16,589,160.418,1,0,0.0,300.85,1
16431.0,121,3,623.28,51,205,207.76,1,0,0.0,0.0,0
16433.0,316,1,200.26,17,316,200.26,1,1,0.0,184.26,1
16434.0,4,9,2060.73,90,599,228.97,1,0,0.1,612.96,1
16435.0,420,3,1003.0699999999999,119,422,334.3566666666666,1,0,0.0,0.0,0
16436.0,576,3,319.14,37,641,106.38,1,1,0.25,0.0,0
16437.0,289,2,301.25,17,337,150.625,1,1,0.0,0.0,0
16439.0,630,1,310.70000000000005,9,630,310.70000000000005,1,1,0.0,0.0,0
16440.0,122,2,488.76,58,401,244.38,1,0,0.0,3368.21,1
16441.0,199,4,842.98,59,535,210.745,1,0,0.2,170.2,1
16442.0,135,4,715.11,165,634,178.7775,1,1,0.0,0.0,0
16443.0,428,1,162.24,1,428,162.24,1,0,0.0,0.0,0
16444.0,3,16,3512.61,208,533,219.538125,1,0,0.15789473684210525,113.27,1
16445.0,294,3,352.65,93,319,117.55,1,1,0.0,230.51,1
16446.0,113,1,2.9,2,113,2.9,1,0,0.5,0.0,0
16447.0,43,3,727.1,59,568,242.36666666666667,1,0,0.0,0.0,0
16448.0,106,2,361.12,45,379,180.56,1,0,0.0,0.0,0
16449.0,105,2,707.69,40,188,353.845,1,0,0.3333333333333333,0.0,0
16450.0,57,3,1505.73,36,564,501.91,1,0,0.25,0.0,0
16451.0,469,2,746.1800000000001,50,643,373.09000000000003,1,1,0.3333333333333333,266.97,1
16452.0,538,2,332.17,14,601,166.085,1,0,0.0,0.0,0
16453.0,438,2,251.71,15,456,125.855,1,0,0.0,0.0,0
16454.0,514,2,24.05,2,519,12.025,1,0,0.5,5.9,1
16455.0,2,10,3477.77,96,527,347.777,1,0,0.16666666666666666,517.8,1
16456.0,7,13,6000.94,226,528,461.6107692307692,1,0,0.0,0.0,0
16457.0,126,1,208.36,9,126,208.36,1,0,0.0,0.0,0
16458.0,14,23,4359.65,82,470,189.54999999999998,1,0,0.0,1331.24,1
16459.0,637,1,71.78999999999999,5,637,71.78999999999999,1,1,0.0,0.0,0
16461.0,85,3,1539.83,222,554,513.2766666666666,1,0,0.0,0.0,0
16462.0,93,2,68.0,1,191,34.0,1,0,0.0,68.0,1
16463.0,112,1,319.37,19,112,319.37,1,0,0.5,1103.03,1
16464.0,50,1,380.33,88,50,380.33,1,0,0.0,918.33,1
16465.0,328,2,746.24,45,352,373.12,1,0,0.3333333333333333,0.0,0
16466.0,11,13,3170.76,178,550,243.9046153846154,1,0,0.07142857142857142,596.33,1
16467.0,416,7,2869.16,14,645,409.88,1,1,0.125,0.0,0
16468.0,378,2,712.62,37,389,356.31,1,0,0.0,74.9,1
16469.0,154,3,446.78000000000003,73,422,148.92666666666668,1,0,0.0,357.12,1
16470.0,23,10,2203.21,254,636,220.321,1,1,0.09090909090909091,213.64,1
16471.0,182,4,1189.98,48,560,297.495,1,0,0.3333333333333333,0.0,0
16472.0,342,2,789.6,39,505,394.8,1,0,0.0,0.0,0
16473.0,72,4,470.83,26,282,117.7075,1,1,0.2,0.0,0
16474.0,53,1,341.35,82,53,341.35,1,0,0.5,1469.14,1
16475.0,51,3,459.3,22,181,153.1,1,0,0.0,85.0,1
16476.0,339,1,350.35,24,339,350.35,1,1,0.6666666666666666,0.0,0
16477.0,39,10,3599.17,163,392,359.91700000000003,1,0,0.0,495.2,1
16481.0,590,1,453.38,16,590,453.38,1,0,0.6666666666666666,0.0,0
16483.0,100,1,139.35,19,100,139.35,1,0,0.0,0.0,0
16484.0,81,2,404.3,25,98,202.15,1,0,0.3333333333333333,0.0,0
16485.0,340,4,1923.54,93,641,480.885,1,1,0.3333333333333333,363.65,1
16486.0,445,1,134.36,7,445,134.36,1,0,0.0,0.0,0
16487.0,485,2,209.4,28,567,104.7,1,0,0.0,0.0,0
16488.0,22,2,354.57,22,56,177.285,1,0,0.3333333333333333,144.23000000000002,1
16489.0,288,2,303.7,4,344,151.85,1,0,0.0,0.0,0
16490.0,344,1,205.41000000000003,13,344,205.41000000000003,1,0,0.5,0.0,0
16491.0,321,1,801.66,48,321,801.66,1,1,0.5,731.5,1
16492.0,448,1,385.56,23,448,385.56,1,0,0.0,0.0,0
16493.0,81,6,1562.75,62,531,260.4583333333333,1,0,0.14285714285714285,569.34,1
16494.0,204,1,826.53,47,204,826.53,1,0,0.0,0.0,0
16495.0,184,2,246.51,32,184,123.255,1,0,0.0,401.75,1
16496.0,115,5,1916.29,101,417,383.258,1,0,0.16666666666666666,414.48,1
16497.0,111,22,5280.29,204,644,240.0131818181818,1,1,0.0,1414.99,1
16498.0,69,2,100.97,15,70,50.485,1,0,0.3333333333333333,0.0,0
16499.0,268,8,2578.34,104,454,322.2925,1,0,0.38461538461538464,0.0,0
16500.0,238,4,608.05,20,451,152.0125,1,0,0.2,235.86,1
16501.0,291,1,1191.23,181,291,1191.23,1,1,0.0,0.0,0
16502.0,528,2,258.55,41,528,129.275,1,0,0.0,0.0,0
16503.0,14,11,3614.34,161,444,328.5763636363636,1,0,0.15384615384615385,0.0,0
16507.0,480,1,142.71,37,480,142.71,1,0,0.0,0.0,0
16508.0,538,1,240.95,42,538,240.95,1,0,0.0,0.0,0
16509.0,204,1,363.7,13,204,363.7,1,0,0.0,0.0,0
16510.0,280,6,1757.25,93,599,292.875,1,0,0.0,0.0,0
16511.0,52,5,1405.86,188,556,281.17199999999997,1,0,0.0,352.63,1
16515.0,58,8,2539.54,164,448,317.4425,1,0,0.0,639.52,1
16517.0,185,1,162.7,17,185,162.7,1,0,0.0,0.0,0
16518.0,192,3,665.75,39,464,221.91666666666666,1,0,0.4,293.62,1
16519.0,273,3,327.68,25,556,109.22666666666667,1,0,0.0,109.28,1
16520.0,94,6,2148.38,251,555,358.06333333333333,1,0,0.25,0.0,0
16521.0,323,3,1136.36,211,556,378.78666666666663,1,0,0.0,0.0,0
16522.0,343,2,433.36,16,358,216.68,1,0,0.0,0.0,0
16523.0,3,20,7743.81,121,592,387.19050000000004,1,0,0.23076923076923078,3349.9,1
16524.0,354,2,306.19,50,599,153.095,1,0,0.0,0.0,0
16525.0,7,43,21496.2,109,645,499.9116279069768,1,1,0.12244897959183673,2655.1,1
16526.0,79,2,717.21,30,492,358.605,1,0,0.0,0.0,0
16527.0,332,1,1004.88,58,332,1004.88,1,1,0.0,228.06,1
16529.0,98,4,1986.8,87,438,496.7,1,0,0.0,0.0,0
16530.0,576,1,48.349999999999994,3,576,48.349999999999994,1,0,0.0,0.0,0
16531.0,35,8,1738.27,91,349,217.28375,1,0,0.1111111111111111,560.06,1
16532.0,43,4,6524.639999999999,2,528,1631.1599999999999,1,0,0.0,2232.0,1
16534.0,550,1,635.9,36,550,635.9,1,0,0.0,0.0,0
16535.0,293,1,358.28999999999996,35,293,358.28999999999996,1,1,0.0,593.75,1
16536.0,18,1,548.12,49,18,548.12,1,0,0.5,0.0,0
16537.0,549,1,10.55,2,549,10.55,1,0,0.0,0.0,0
16538.0,449,3,395.07,35,503,131.69,1,0,0.0,0.0,0
16539.0,127,9,2954.46,81,440,328.2733333333333,1,0,0.0,335.2,1
16540.0,322,1,205.75,25,322,205.75,1,1,0.0,0.0,0
16541.0,643,1,424.03,38,643,424.03,1,1,0.5,0.0,0
16542.0,309,1,137.7,9,309,137.7,1,1,0.0,119.62,1
16543.0,499,1,292.21,18,499,292.21,1,0,0.5,0.0,0
16544.0,427,4,376.70000000000005,8,570,94.17500000000001,1,0,0.3333333333333333,0.0,0
16545.0,72,2,689.82,6,283,344.91,1,1,0.0,0.0,0
16546.0,198,5,5307.07,75,350,1061.414,1,0,0.2857142857142857,0.0,0
16547.0,454,1,104.25999999999999,25,454,104.25999999999999,1,0,0.0,0.0,0
16548.0,507,1,30.15,6,507,30.15,1,0,0.0,0.0,0
16549.0,32,26,9527.26,687,529,366.43307692307695,1,0,0.10344827586206896,3254.54,1
16550.0,16,18,8807.68,273,645,489.3155555555556,1,1,0.3793103448275862,0.0,0
16551.0,3,7,2237.12,67,634,319.5885714285714,1,1,0.0,0.0,0
16552.0,150,2,379.73,17,281,189.865,1,1,0.0,0.0,0
16553.0,71,33,16584.01,195,574,502.54575757575753,1,0,0.08333333333333333,0.0,0
16554.0,130,7,2318.73,90,632,331.2471428571429,1,1,0.5625,522.99,1
16555.0,17,5,1781.77,54,413,356.354,1,0,0.4444444444444444,133.91,1
16556.0,13,16,7255.16,251,640,453.4475,1,1,0.30434782608695654,757.42,1
16557.0,45,1,101.15,6,45,101.15,1,0,0.0,180.7,1
16558.0,0,32,9650.79,305,644,301.5871875,1,1,0.21951219512195122,3054.35,1
16559.0,305,1,175.0,17,305,175.0,1,1,0.0,0.0,0
16560.0,266,7,2539.15,111,639,362.7357142857143,1,1,0.125,509.23,1
16562.0,384,1,223.85999999999999,34,384,223.85999999999999,1,0,0.0,0.0,0
16563.0,308,5,3334.82,46,646,666.964,1,1,0.16666666666666666,1077.74,1
16564.0,477,1,87.8,5,477,87.8,1,0,0.0,0.0,0
16565.0,272,4,773.05,7,463,193.2625,1,0,0.2,0.0,0
16566.0,78,3,463.88,9,200,154.62666666666667,1,0,0.25,150.78,1
16567.0,102,2,865.6,34,244,432.8,1,0,0.0,0.0,0
16568.0,335,2,1020.9000000000001,5,549,510.45000000000005,1,0,0.0,0.0,0
16569.0,539,4,1331.03,23,631,332.7575,1,1,0.0,124.2,1
16570.0,35,16,5829.9800000000005,100,527,364.37375000000003,1,0,0.38461538461538464,1604.33,1
16571.0,84,9,3723.84,136,539,413.76,1,0,0.4,524.9,1
16572.0,35,3,1009.6,40,183,336.53333333333336,1,0,0.25,0.0,0
16573.0,198,1,292.63,16,198,292.63,1,0,0.5,370.98,1
16574.0,331,2,850.34,58,566,425.17,1,0,0.0,451.44,1
16576.0,328,2,540.87,32,429,270.435,1,0,0.6,0.0,0
16577.0,574,1,380.0,23,574,380.0,1,0,0.0,0.0,0
16578.0,534,1,156.6,9,534,156.6,1,0,0.0,0.0,0
16579.0,333,1,295.05,14,333,295.05,1,1,0.5,0.0,0
16581.0,90,1,105.84,9,90,105.84,1,0,0.5,0.0,0
16582.0,21,1,313.62,6,21,313.62,1,0,0.0,0.0,0
16583.0,281,2,297.95,18,581,148.975,1,0,0.0,0.0,0
16584.0,162,4,2832.03,52,569,708.0075,1,0,0.3333333333333333,324.14,1
16585.0,501,2,341.59,16,603,170.795,1,0,0.0,0.0,0
16586.0,156,3,1462.78,27,543,487.5933333333333,1,0,0.0,0.0,0
16587.0,140,1,225.15,13,140,225.15,1,0,0.0,0.0,0
16588.0,294,4,1361.28,64,482,340.32,1,0,0.0,0.0,0
16589.0,14,3,367.8,22,358,122.60000000000001,1,0,0.0,244.56,1
16590.0,308,2,605.9,26,322,302.95,1,1,0.3333333333333333,0.0,0
16592.0,44,22,5908.5599999999995,187,629,268.5709090909091,1,1,0.18518518518518517,1899.3500000000001,1
16593.0,97,7,996.61,53,642,142.37285714285716,1,1,0.125,74.53,1
16595.0,284,4,1397.59,286,599,349.3975,1,0,0.0,360.16,1
16596.0,274,3,329.48,17,637,109.82666666666667,1,1,0.0,129.5,1
16598.0,193,1,145.04999999999998,10,193,145.04999999999998,1,0,0.5,0.0,0
16599.0,293,1,172.8,12,293,172.8,1,1,0.0,0.0,0
16600.0,161,9,1577.3500000000001,77,629,175.26111111111112,1,1,0.25,576.06,1
16601.0,298,2,434.3,38,531,217.15,1,0,0.0,241.53,1
16602.0,296,1,235.25,11,296,235.25,1,1,0.6666666666666666,528.08,1
16604.0,470,2,432.45,10,476,216.225,1,0,0.3333333333333333,0.0,0
16605.0,632,1,60.48,1,632,60.48,1,1,0.0,0.0,0
16606.0,312,2,357.66,16,342,178.83,1,1,0.0,0.0,0
16607.0,36,21,4626.74,173,497,220.32095238095238,1,0,0.16,1080.1299999999999,1
16608.0,361,2,1286.6200000000001,94,571,643.3100000000001,1,0,0.0,0.0,0
16609.0,43,5,2710.04,103,160,542.008,1,0,0.16666666666666666,2783.42,1
16610.0,127,1,75.66,6,127,75.66,1,0,0.0,0.0,0
16611.0,94,6,1785.13,86,547,297.5216666666667,1,0,0.14285714285714285,0.0,0
16612.0,27,8,2928.07,100,644,366.00875,1,1,0.1111111111111111,317.36,1
16614.0,90,3,1179.79,37,486,393.2633333333333,1,0,0.0,0.0,0
16615.0,534,1,291.5,19,534,291.5,1,0,0.5,0.0,0
16616.0,65,1,210.10000000000002,11,65,210.10000000000002,1,0,0.0,290.32,1
16617.0,143,1,151.85,5,143,151.85,1,0,0.0,0.0,0
16618.0,118,4,1441.29,44,230,360.3225,1,0,0.2,1206.3,1
16619.0,171,4,1938.33,103,563,484.5825,1,0,0.2,0.0,0
16620.0,168,5,1675.73,74,646,335.146,1,1,0.0,83.2,1
16621.0,55,3,609.41,17,185,203.13666666666666,1,0,0.0,204.07000000000002,1
16622.0,451,1,225.4,12,451,225.4,1,0,0.5,0.0,0
16623.0,153,4,1015.24,44,500,253.81,1,0,0.2,0.0,0
16624.0,105,1,426.43,21,105,426.43,1,0,0.0,384.14,1
16625.0,182,5,1654.03,82,451,330.806,1,0,0.16666666666666666,0.0,0
16626.0,21,7,2165.34,74,174,309.3342857142857,1,0,0.125,1858.55,1
16628.0,14,6,1749.89,69,549,291.64833333333337,1,0,0.14285714285714285,568.21,1
16629.0,4,1,227.68,46,4,227.68,1,0,0.0,180.95,1
16630.0,315,1,106.80000000000001,4,315,106.80000000000001,1,1,0.5,0.0,0
16631.0,389,7,1892.52,46,559,270.36,1,0,0.125,0.0,0
16632.0,393,2,406.4,22,489,203.2,1,0,0.0,0.0,0
16633.0,22,3,1168.26,51,142,389.42,1,0,0.0,1714.8400000000001,1
16634.0,130,6,1649.81,72,595,274.9683333333333,1,0,0.4,0.0,0
16635.0,314,1,473.0,25,314,473.0,1,1,0.0,0.0,0
16636.0,346,4,3802.04,62,554,950.51,1,0,0.0,0.0,0
16637.0,31,2,530.55,29,133,265.275,1,0,0.0,623.92,1
16638.0,7,14,2250.35,123,386,160.7392857142857,1,0,0.06666666666666667,129.78,1
16639.0,114,3,961.62,48,317,320.54,1,1,0.0,786.36,1
16640.0,305,1,179.4,13,305,179.4,1,1,0.0,0.0,0
16641.0,13,2,554.5,36,609,277.25,1,0,0.0,0.0,0
16642.0,115,2,696.85,33,323,348.425,1,1,0.5,380.6,1
16643.0,153,2,923.11,48,330,461.555,1,1,0.3333333333333333,0.0,0
16644.0,85,2,833.78,62,120,416.89,1,0,0.0,0.0,0
16645.0,643,1,160.39,14,643,160.39,1,1,0.0,0.0,0
16646.0,357,1,678.8,29,357,678.8,1,0,0.5,0.0,0
16647.0,77,4,541.9,28,452,135.475,1,0,0.0,0.0,0
16648.0,363,2,382.14,18,498,191.07,1,0,0.0,290.65999999999997,1
16649.0,428,1,306.58000000000004,20,428,306.58000000000004,1,0,0.0,0.0,0
16650.0,328,6,1397.69,53,427,232.94833333333335,1,0,0.0,518.42,1
16651.0,494,1,136.2,6,494,136.2,1,0,0.0,0.0,0
16652.0,17,14,15302.29,111,540,1093.0207142857143,1,0,0.3333333333333333,2248.1,1
16654.0,49,8,1484.07,64,520,185.50875,1,0,0.1111111111111111,0.0,0
16655.0,39,10,4500.93,338,585,450.093,1,0,0.0,1922.3300000000002,1
16656.0,3,26,15324.050000000001,21,643,589.3865384615385,1,1,0.3157894736842105,1509.12,1
16657.0,56,2,414.79,111,162,207.395,1,0,0.0,459.64,1
16658.0,276,5,680.83,48,527,136.166,1,0,0.375,0.0,0
16659.0,97,1,39.12,2,97,39.12,1,0,0.0,0.0,0
16660.0,118,5,996.26,10,602,199.252,1,0,0.0,883.29,1
16661.0,448,4,932.76,50,630,233.19,1,1,0.2,0.0,0
16662.0,302,1,151.05,28,302,151.05,1,1,0.0,0.0,0
16663.0,637,1,165.0,1,637,165.0,1,1,0.0,0.0,0
16664.0,477,1,109.2,8,477,109.2,1,0,0.0,0.0,0
16665.0,270,1,135.39999999999998,9,270,135.39999999999998,1,1,0.0,0.0,0
16666.0,529,1,98.73,15,529,98.73,1,0,0.0,118.98,1
16667.0,192,1,200.4,20,192,200.4,1,0,0.0,366.78,1
16668.0,24,12,822.22,28,539,68.51833333333333,1,0,0.0,40.199999999999996,1
16670.0,14,17,7174.22,232,637,422.0129411764706,1,1,0.37037037037037035,855.93,1
16671.0,72,1,1382.88,3,72,1382.88,1,0,0.0,309.39,1
16672.0,7,17,6911.84,22,174,406.57882352941175,1,0,0.10526315789473684,1223.1,1
16673.0,587,1,171.13,19,587,171.13,1,0,0.0,0.0,0
16674.0,6,1,115.1,33,6,115.1,1,0,0.0,189.14000000000001,1
16675.0,349,2,608.86,21,386,304.43,1,0,0.0,0.0,0
16676.0,121,5,1868.28,90,326,373.656,1,1,0.16666666666666666,493.62,1
16677.0,319,2,880.62,45,560,440.31,1,0,0.3333333333333333,0.0,0
16678.0,6,8,2137.3,76,190,267.1625,1,0,0.1111111111111111,972.6899999999999,1
16679.0,274,3,663.31,15,455,221.10333333333332,1,0,0.0,0.0,0
16680.0,436,2,637.75,16,442,318.875,1,0,0.0,183.7,1
16681.0,52,5,1484.18,19,549,296.836,1,0,0.0,437.65999999999997,1
16682.0,0,3,810.22,15,95,270.0733333333333,1,0,0.0,217.78,1
16683.0,441,1,320.25,18,441,320.25,1,0,0.5,0.0,0
16684.0,41,45,114372.71,156,640,2541.615777777778,1,1,0.16666666666666666,32770.06,1
16686.0,6,15,4321.13,479,641,288.07533333333333,1,1,0.11764705882352941,559.9399999999999,1
16687.0,298,1,157.63,8,298,157.63,1,1,0.0,0.0,0
16690.0,109,3,213.95,7,359,71.31666666666666,1,0,0.0,139.07999999999998,1
16691.0,326,2,178.83,11,469,89.415,1,0,0.0,0.0,0
16692.0,164,4,1764.6999999999998,2,349,441.17499999999995,1,0,0.0,0.0,0
16693.0,179,4,855.03,117,564,213.7575,1,0,0.0,324.45,1
16694.0,631,1,98.30000000000001,3,631,98.30000000000001,1,1,0.0,0.0,0
16695.0,469,2,191.9,30,469,95.95,1,0,0.0,0.0,0
16696.0,43,4,657.9000000000001,7,156,164.47500000000002,1,0,0.0,0.0,0
16697.0,149,1,112.75,20,149,112.75,1,0,0.0,0.0,0
16698.0,134,2,1998.0,4,161,999.0,1,0,0.0,0.0,0
16699.0,288,7,994.6,51,643,142.0857142857143,1,1,0.125,0.0,0
16700.0,29,22,7850.17,246,645,356.8259090909091,1,1,0.21428571428571427,980.6,1
16701.0,37,23,8568.85,135,646,372.5586956521739,1,1,0.25806451612903225,1347.8799999999999,1
16702.0,323,4,1109.53,83,640,277.3825,1,1,0.2,0.0,0
16704.0,526,2,664.16,50,580,332.08,1,0,0.0,0.0,0
16705.0,6,32,39260.41,357,638,1226.8878125,1,1,0.3333333333333333,4004.12,1
16706.0,6,2,411.55,98,22,205.775,1,0,0.0,119.8,1
16707.0,308,4,533.41,64,548,133.3525,1,0,0.0,0.0,0
16709.0,107,13,8010.73,199,638,616.2099999999999,1,1,0.0,1045.28,1
16710.0,46,19,5288.44,497,643,278.33894736842103,1,1,0.05,632.91,1
16711.0,48,7,2127.32,17,645,303.90285714285716,1,1,0.125,741.16,1
16712.0,3,10,3111.37,217,309,311.137,1,1,0.0,1113.85,1
16713.0,23,28,11175.55,460,632,399.1267857142857,1,1,0.2,2940.01,1
16714.0,225,3,1482.33,94,578,494.10999999999996,1,0,0.5,0.0,0
16715.0,470,1,323.8,9,470,323.8,1,0,0.0,301.71999999999997,1
16716.0,174,3,2149.6800000000003,7,538,716.5600000000001,1,0,0.25,0.0,0
16717.0,3,12,4380.26,190,640,365.0216666666667,1,1,0.29411764705882354,2283.42,1
16718.0,277,5,3006.08,123,641,601.216,1,1,0.0,0.0,0
16719.0,56,12,3022.28,185,634,251.85666666666668,1,1,0.2,486.34,1
16720.0,284,2,413.79,106,630,206.895,1,1,0.3333333333333333,152.95,1
16721.0,170,1,292.47,37,170,292.47,1,0,0.0,0.0,0
16722.0,7,19,7115.33,140,644,374.49105263157895,1,1,0.17391304347826086,1074.23,1
16723.0,15,3,1066.36,107,643,355.4533333333333,1,1,0.0,165.0,1
16724.0,312,1,147.35,17,312,147.35,1,1,0.0,0.0,0
16725.0,210,13,1686.81,241,634,129.7546153846154,1,1,0.13333333333333333,0.0,0
16726.0,104,6,1482.3,117,319,247.04999999999998,1,1,0.0,581.58,1
16727.0,272,4,1377.77,158,596,344.4425,1,0,0.0,0.0,0
16728.0,74,3,548.31,113,172,182.76999999999998,1,0,0.0,499.96999999999997,1
16729.0,7,17,5339.95,139,149,314.11470588235295,1,0,0.19047619047619047,1862.06,1
16730.0,142,2,480.94,35,227,240.47,1,0,0.3333333333333333,262.17,1
16731.0,556,1,170.3,40,556,170.3,1,0,0.0,0.0,0
16732.0,311,3,3783.89,177,639,1261.2966666666666,1,1,0.625,603.75,1
16733.0,437,1,259.68,12,437,259.68,1,0,0.0,0.0,0
16734.0,22,2,302.40999999999997,27,22,151.20499999999998,1,0,0.0,344.35,1
16735.0,6,13,5911.15,163,639,454.70384615384614,1,1,0.38095238095238093,306.26,1
16736.0,413,5,2956.56,116,644,591.312,1,1,0.375,0.0,0
16737.0,485,1,417.59999999999997,1,485,417.59999999999997,1,0,0.0,417.59999999999997,1
16738.0,205,1,3.75,1,205,3.75,1,0,0.0,0.0,0
16739.0,84,2,786.43,33,444,393.215,1,0,0.5,0.0,0
16740.0,303,1,226.91,30,303,226.91,1,1,0.0,0.0,0
16741.0,533,1,173.06,11,533,173.06,1,0,0.0,0.0,0
16742.0,400,13,2334.97,50,631,179.6130769230769,1,1,0.0,0.0,0
16743.0,21,13,3859.92,111,504,296.91692307692307,1,0,0.07142857142857142,352.23,1
16744.0,4,3,399.11,74,81,133.03666666666666,1,0,0.0,892.8,1
16745.0,6,16,6359.1,144,219,397.44375,1,0,0.058823529411764705,821.6,1
16746.0,8,36,15768.47,337,643,438.0130555555555,1,1,0.1,2276.58,1
16748.0,125,12,3031.63,48,637,252.63583333333335,1,1,0.07692307692307693,605.7,1
16749.0,499,2,4157.88,53,632,2078.94,1,1,0.0,0.0,0
16750.0,29,3,416.12,44,140,138.70666666666668,1,0,0.0,207.81,1
16752.0,280,1,207.5,9,280,207.5,1,1,0.0,0.0,0
16754.0,280,29,65500.07,38,549,2258.6231034482757,1,0,0.14705882352941177,0.0,0
16755.0,22,7,2864.68,219,638,409.23999999999995,1,1,0.3,0.0,0
16756.0,122,7,1312.3700000000001,64,548,187.48142857142858,1,0,0.2222222222222222,0.0,0
16757.0,226,2,270.48,13,317,135.24,1,1,0.0,0.0,0
16760.0,338,1,228.0,17,338,228.0,1,1,0.0,0.0,0
16761.0,4,1,316.62,13,4,316.62,1,0,0.0,0.0,0
16762.0,52,1,314.15000000000003,13,52,314.15000000000003,1,0,0.0,893.09,1
16763.0,106,2,964.6999999999999,44,646,482.34999999999997,1,1,0.3333333333333333,0.0,0
16764.0,7,4,782.5500000000001,110,51,195.63750000000002,1,0,0.0,2008.4,1
16765.0,202,2,454.75,52,290,227.375,1,1,0.0,0.0,0
16766.0,181,2,1145.6,17,181,572.8,1,0,0.0,0.0,0
16767.0,1,11,7297.31,197,498,663.3918181818182,1,0,0.08333333333333333,755.1,1
16768.0,11,8,1506.97,103,640,188.37125,1,1,0.3333333333333333,191.6,1
16769.0,168,4,1117.05,76,633,279.2625,1,1,0.0,0.0,0
16770.0,144,8,1671.21,174,382,208.90125,1,0,0.2,107.72,1
16771.0,183,8,3330.2400000000002,261,638,416.28000000000003,1,1,0.0,590.86,1
16772.0,331,3,3698.0499999999997,54,629,1232.6833333333332,1,1,0.4,0.0,0
16773.0,344,2,249.65,34,641,124.825,1,1,0.0,171.59,1
16774.0,24,7,1448.16,75,569,206.88000000000002,1,0,0.125,119.32,1
16775.0,30,13,2303.88,114,350,177.22153846153847,1,0,0.07142857142857142,516.96,1
16776.0,323,1,220.97,48,323,220.97,1,1,0.0,371.54,1
16777.0,165,4,1243.08,118,540,310.77,1,0,0.2,49.1,1
16778.0,182,1,93.18,5,182,93.18,1,0,0.0,152.76,1
16779.0,14,46,28574.04,279,644,621.1747826086956,1,1,0.14814814814814814,4234.99,1
16780.0,8,3,596.4,73,315,198.79999999999998,1,1,0.0,0.0,0
16781.0,280,2,623.0,36,577,311.5,1,0,0.3333333333333333,0.0,0
16782.0,46,34,8998.57,566,638,264.66382352941173,1,1,0.24444444444444444,637.5500000000001,1
16783.0,344,1,391.95,25,344,391.95,1,0,0.0,0.0,0
16784.0,284,4,784.73,137,529,196.1825,1,0,0.0,107.6,1
16785.0,317,1,533.78,35,317,533.78,1,1,0.0,0.0,0
16786.0,301,1,51.839999999999996,1,301,51.839999999999996,1,1,0.0,0.0,0
16787.0,305,4,1017.53,102,606,254.3825,1,0,0.0,0.0,0
16788.0,31,5,1927.28,347,578,385.456,1,0,0.0,0.0,0
16791.0,30,13,3030.97,316,644,233.15153846153845,1,1,0.13333333333333333,913.91,1
16792.0,190,5,623.46,90,612,124.69200000000001,1,0,0.0,0.0,0
16794.0,16,9,1461.23,209,532,162.35888888888888,1,0,0.1,490.04,1
16795.0,273,3,2062.41,306,591,687.4699999999999,1,0,0.4,0.0,0
16797.0,301,5,1802.02,289,645,360.404,1,1,0.4444444444444444,0.0,0
16798.0,462,3,841.16,141,637,280.38666666666666,1,1,0.25,0.0,0
16799.0,340,2,452.78000000000003,81,361,226.39000000000001,1,0,0.3333333333333333,0.0,0
16801.0,71,4,1594.23,72,181,398.5575,1,0,0.2,0.0,0
16802.0,587,2,582.61,48,638,291.305,1,1,0.0,0.0,0
16804.0,178,1,118.05,19,178,118.05,1,0,0.0,418.94,1
16805.0,81,4,1076.34,212,633,269.085,1,1,0.0,0.0,0
16806.0,11,4,736.21,67,147,184.0525,1,0,0.0,0.0,0
16807.0,50,6,2123.88,107,531,353.98,1,0,0.25,0.0,0
16808.0,7,2,288.42,21,182,144.21,1,0,0.0,0.0,0
16809.0,44,7,1283.43,99,513,183.34714285714287,1,0,0.125,444.0,1
16810.0,100,2,842.0400000000001,34,328,421.02000000000004,1,1,0.5,0.0,0
16812.0,268,4,2392.0,98,290,598.0,1,1,0.2,0.0,0
16813.0,4,7,1146.84,200,112,163.8342857142857,1,0,0.0,505.34,1
16814.0,16,31,10629.94,236,515,342.9012903225807,1,0,0.03125,1285.01,1
16815.0,361,2,406.02,66,444,203.01,1,0,0.0,0.0,0
16816.0,11,4,417.06,28,266,104.265,1,1,0.0,0.0,0
16817.0,93,11,2135.38,90,339,194.12545454545455,1,1,0.3125,425.32,1
16818.0,1,9,2528.47,132,113,280.94111111111107,1,0,0.18181818181818182,821.1,1
16819.0,373,2,182.59,17,373,91.295,1,0,0.0,0.0,0
16820.0,3,1,497.61,26,3,497.61,1,0,0.0,0.0,0
16821.0,289,1,113.35,7,289,113.35,1,1,0.0,0.0,0
16822.0,594,1,181.39,11,594,181.39,1,0,0.6666666666666666,0.0,0
16823.0,135,7,2243.09,149,645,320.4414285714286,1,1,0.125,0.0,0
16824.0,72,2,448.5,24,301,224.25,1,1,0.0,237.74,1
16825.0,93,4,1370.41,35,442,342.6025,1,0,0.0,456.48,1
16827.0,301,5,387.18,9,497,77.436,1,0,0.0,0.0,0
16828.0,20,1,113.5,7,20,113.5,1,0,0.0,0.0,0
16829.0,64,2,513.32,25,296,256.66,1,1,0.0,0.0,0
16830.0,350,3,881.59,47,634,293.86333333333334,1,1,0.25,325.91,1
16831.0,472,1,91.8,6,472,91.8,1,0,0.0,0.0,0
16832.0,92,5,417.61,19,366,83.522,1,0,0.0,0.0,0
16833.0,167,5,1973.8,74,531,394.76,1,0,0.0,0.0,0
16834.0,135,2,898.96,43,582,449.48,1,0,0.0,0.0,0
16835.0,36,6,1456.66,58,477,242.77666666666667,1,0,0.4,0.0,0
16836.0,24,3,621.82,33,482,207.27333333333334,1,0,0.0,160.55,1
16837.0,65,9,1911.74,77,153,212.41555555555556,1,0,0.1,1259.24,1
16838.0,105,4,1159.61,53,571,289.9025,1,0,0.3333333333333333,0.0,0
16839.0,17,32,16033.18,119,574,501.036875,1,0,0.13513513513513514,5725.07,1
16840.0,511,2,139.85,9,582,69.925,1,0,0.3333333333333333,0.0,0
16841.0,45,11,3697.3,175,604,336.1181818181818,1,0,0.15384615384615385,308.76,1
16842.0,8,3,1264.19,45,210,421.3966666666667,1,0,0.0,0.0,0
16843.0,1,32,18184.1,283,637,568.253125,1,1,0.08571428571428572,1387.33,1
16844.0,470,2,614.34,26,490,307.17,1,0,0.0,0.0,0
16845.0,526,1,253.88,20,526,253.88,1,0,0.0,0.0,0
16846.0,485,2,628.09,36,547,314.045,1,0,0.0,214.32,1
16847.0,526,1,421.45000000000005,25,526,421.45000000000005,1,0,0.0,193.44,1
16848.0,284,3,1130.2,64,340,376.73333333333335,1,1,0.0,281.42,1
16849.0,94,1,124.57,8,94,124.57,1,0,0.0,0.0,0
16850.0,241,1,332.41,19,241,332.41,1,0,0.0,0.0,0
16852.0,84,1,113.06,7,84,113.06,1,0,0.0,31.85,1
16854.0,325,2,1408.96,72,548,704.48,1,0,0.0,0.0,0
16856.0,325,2,323.09000000000003,15,350,161.54500000000002,1,0,0.0,35.400000000000006,1
16857.0,350,1,352.8,11,350,352.8,1,0,0.0,0.0,0
16858.0,276,10,4292.59,75,632,429.259,1,1,0.375,0.0,0
16859.0,52,7,1932.41,87,553,276.05857142857144,1,0,0.3,0.0,0
16860.0,360,3,1610.62,35,570,536.8733333333333,1,0,0.25,0.0,0
16861.0,66,4,843.63,38,416,210.9075,1,0,0.2,102.96,1
16862.0,455,4,662.33,34,609,165.5825,1,0,0.0,0.0,0
16863.0,274,2,495.72,27,317,247.86,1,1,0.3333333333333333,338.55,1
16864.0,342,2,409.25,17,506,204.625,1,0,0.0,0.0,0
16865.0,309,1,130.95,15,309,130.95,1,1,0.0,0.0,0
16866.0,48,3,207.73999999999998,10,69,69.24666666666666,1,0,0.0,0.0,0
16867.0,597,1,76.74000000000001,6,597,76.74000000000001,1,0,0.0,0.0,0
16868.0,302,3,384.56,47,501,128.18666666666667,1,0,0.0,0.0,0
16869.0,73,2,387.68,56,83,193.84,1,0,0.0,429.44,1
16870.0,377,1,450.15999999999997,28,377,450.15999999999997,1,0,0.0,0.0,0
16871.0,118,4,2037.82,104,178,509.455,1,0,0.2,774.52,1
16872.0,13,5,997.7900000000001,10,371,199.55800000000002,1,0,0.0,215.34000000000003,1
16873.0,35,10,11365.24,174,576,1136.524,1,0,0.2857142857142857,3252.15,1
16874.0,287,1,209.89000000000001,31,287,209.89000000000001,1,1,0.0,0.0,0
16875.0,52,10,3277.2,123,611,327.71999999999997,1,0,0.4444444444444444,957.33,1
16876.0,311,1,136.01,32,311,136.01,1,1,0.0,0.0,0
16877.0,60,2,188.98,46,116,94.49,1,0,0.0,657.64,1
16880.0,7,7,1414.9,101,401,202.12857142857143,1,0,0.0,398.31,1
16882.0,147,2,215.70000000000002,15,225,107.85000000000001,1,0,0.0,489.41999999999996,1
16883.0,95,19,2246.06,159,643,118.21368421052631,1,1,0.05,0.0,0
16884.0,464,2,641.13,39,478,320.565,1,0,0.0,429.84000000000003,1
16885.0,265,2,410.89,65,293,205.445,1,1,0.0,272.46,1
16886.0,364,1,134.0,8,364,134.0,1,0,0.5,0.0,0
16887.0,308,2,465.84000000000003,65,646,232.92000000000002,1,1,0.0,192.32999999999998,1
16888.0,308,3,434.2,44,609,144.73333333333332,1,0,0.0,0.0,0
16889.0,102,6,2526.65,163,473,421.10833333333335,1,0,0.0,0.0,0
16890.0,384,3,277.91,16,490,92.63666666666667,1,0,0.0,0.0,0
16891.0,3,9,1501.3,286,643,166.8111111111111,1,1,0.0,123.19,1
16892.0,91,3,339.54,57,639,113.18,1,1,0.25,280.29,1
16893.0,274,2,249.47,79,284,124.735,1,1,0.0,0.0,0
16894.0,410,3,1306.96,186,443,435.65333333333336,1,0,0.4,0.0,0
16895.0,346,4,900.63,82,573,225.1575,1,0,0.0,202.27,1
16896.0,463,1,103.95,18,463,103.95,1,0,0.0,0.0,0
16897.0,207,2,289.78,37,221,144.89,1,0,0.3333333333333333,0.0,0
16898.0,85,4,697.95,174,484,174.4875,1,0,0.2,187.26,1
16899.0,57,5,934.89,88,305,186.978,1,1,0.0,760.88,1
16901.0,637,1,204.26,23,637,204.26,1,1,0.0,0.0,0
16902.0,24,1,1706.88,43,24,1706.88,1,0,0.0,0.0,0
16903.0,288,2,678.55,107,323,339.275,1,1,0.3333333333333333,363.2,1
16904.0,16,18,3951.36,435,319,219.52,1,1,0.0,705.2,1
16905.0,144,13,2488.85,105,637,191.45,1,1,0.1875,2215.42,1
16906.0,94,6,1243.47,140,483,207.245,1,0,0.0,166.6,1
16907.0,56,8,1201.1200000000001,94,434,150.14000000000001,1,0,0.0,269.77,1
16908.0,630,1,252.59,20,630,252.59,1,1,0.5,0.0,0
16911.0,543,2,255.25,30,569,127.625,1,0,0.3333333333333333,0.0,0
16912.0,42,11,3443.51,102,638,313.04636363636365,1,1,0.15384615384615385,1017.0,1
16913.0,198,3,423.90999999999997,18,559,141.3033333333333,1,0,0.0,0.0,0
16915.0,35,9,1303.89,37,477,144.87666666666667,1,0,0.0,239.29,1
16916.0,280,3,530.14,99,323,176.71333333333334,1,1,0.0,365.98,1
16917.0,184,2,1851.88,45,540,925.94,1,0,0.3333333333333333,0.0,0
16918.0,3,13,2960.42,261,644,227.7246153846154,1,1,0.13333333333333333,246.12,1
16919.0,64,24,4909.66,230,385,204.56916666666666,1,0,0.14285714285714285,0.0,0
16920.0,319,1,355.45,23,319,355.45,1,1,0.0,0.0,0
16921.0,350,2,255.03,28,508,127.515,1,0,0.0,154.18,1
16922.0,480,1,611.08,122,480,611.08,1,0,0.0,0.0,0
16923.0,7,27,10851.99,348,585,401.92555555555555,1,0,0.25,2305.14,1
16925.0,448,1,125.65,18,448,125.65,1,0,0.0,0.0,0
16926.0,279,5,1169.6100000000001,63,434,233.92200000000003,1,0,0.16666666666666666,0.0,0
16927.0,23,3,543.05,5,269,181.01666666666665,1,1,0.0,0.0,0
16928.0,2,24,3354.0299999999997,130,582,139.75125,1,0,0.14285714285714285,444.04999999999995,1
16929.0,35,2,428.88,23,63,214.44,1,0,0.0,866.51,1
16931.0,11,16,3374.68,365,305,210.9175,1,1,0.0,1657.54,1
16932.0,331,2,262.32,77,479,131.16,1,0,0.0,150.23000000000002,1
16933.0,147,8,2760.8,193,638,345.1,1,1,0.42857142857142855,0.0,0
16934.0,291,4,1152.1100000000001,77,529,288.02750000000003,1,0,0.2,931.03,1
16935.0,289,3,530.86,55,329,176.95333333333335,1,1,0.0,0.0,0
16936.0,293,1,286.39,81,293,286.39,1,1,0.0,261.9,1
16937.0,407,1,196.25,49,407,196.25,1,0,0.0,0.0,0
16938.0,87,8,6669.7300000000005,541,568,833.7162500000001,1,0,0.1111111111111111,325.63,1
16939.0,396,3,433.85,38,557,144.61666666666667,1,0,0.0,0.0,0
16940.0,77,7,5246.14,309,639,749.4485714285714,1,1,0.3,1181.52,1
16941.0,519,1,33.0,2,519,33.0,1,0,0.0,0.0,0
16942.0,44,7,1439.44,115,135,205.6342857142857,1,0,0.125,465.55,1
16943.0,119,3,816.73,23,226,272.24333333333334,1,0,0.0,0.0,0
16944.0,517,1,101.36,7,517,101.36,1,0,0.0,0.0,0
16945.0,6,27,7209.72,208,638,267.0266666666667,1,1,0.06896551724137931,1338.44,1
16946.0,291,5,1222.04,69,555,244.408,1,0,0.16666666666666666,0.0,0
16947.0,143,4,946.71,49,554,236.6775,1,0,0.42857142857142855,0.0,0
16948.0,46,7,868.77,20,564,124.11,1,0,0.0,0.0,0
16949.0,93,4,893.75,32,224,223.4375,1,0,0.2,392.52,1
16950.0,32,9,3133.62,100,592,348.18,1,0,0.1,400.15,1
16951.0,42,3,1277.75,73,212,425.9166666666667,1,0,0.25,0.0,0
16952.0,17,5,795.83,76,636,159.166,1,1,0.0,0.0,0
16954.0,32,15,5242.18,81,598,349.4786666666667,1,0,0.0625,668.1,1
16955.0,92,6,1120.31,33,585,186.71833333333333,1,0,0.3333333333333333,0.0,0
16957.0,147,2,416.64,15,189,208.32,1,0,0.0,0.0,0
16958.0,343,1,778.49,69,343,778.49,1,0,0.0,0.0,0
16960.0,160,6,1683.41,300,555,280.5683333333333,1,0,0.14285714285714285,305.52,1
16961.0,24,3,794.56,52,440,264.8533333333333,1,0,0.5,0.0,0
16962.0,317,1,251.04,15,317,251.04,1,1,0.0,0.0,0
16963.0,95,1,110.55000000000001,7,95,110.55000000000001,1,0,0.0,0.0,0
16964.0,641,2,207.85,6,641,103.925,1,1,0.0,0.0,0
16965.0,134,1,192.07,25,134,192.07,1,0,0.0,0.0,0
16966.0,78,4,1486.56,8,148,371.64,1,0,0.3333333333333333,668.41,1
16967.0,97,1,319.02,21,97,319.02,1,0,0.0,0.0,0
16968.0,15,1,253.31,15,15,253.31,1,0,0.0,186.12,1
16969.0,42,2,478.96000000000004,32,99,239.48000000000002,1,0,0.0,171.45,1
16970.0,534,1,71.4,2,534,71.4,1,0,0.0,0.0,0
16972.0,290,2,749.0,54,364,374.5,1,0,0.0,0.0,0
16973.0,294,1,127.0,6,294,127.0,1,1,0.0,0.0,0
16974.0,430,2,365.5,5,472,182.75,1,0,0.0,0.0,0
16975.0,331,3,926.12,44,413,308.70666666666665,1,0,0.4,0.0,0
16976.0,175,1,251.51999999999998,2,175,251.51999999999998,1,0,0.0,0.0,0
16977.0,303,4,496.0,25,539,124.0,1,0,0.0,0.0,0
16978.0,574,2,424.55,28,574,212.275,1,0,0.0,344.33,1
16979.0,55,5,1563.39,44,358,312.678,1,0,0.2857142857142857,1296.35,1
16980.0,163,3,1422.8300000000002,91,336,474.2766666666667,1,1,0.0,0.0,0
16983.0,4,9,2770.0099999999998,133,354,307.77888888888884,1,0,0.1,720.52,1
16984.0,38,8,9104.2,588,550,1138.025,1,0,0.4666666666666667,1246.33,1
16985.0,65,20,9037.58,119,637,451.879,1,1,0.13043478260869565,1885.58,1
16986.0,353,9,3015.55,64,581,335.06111111111113,1,0,0.0,1873.2,1
16987.0,78,7,1512.1,123,645,216.0142857142857,1,1,0.125,987.35,1
16988.0,287,1,256.55,13,287,256.55,1,1,0.0,126.12,1
16989.0,6,2,890.7,7,58,445.35,1,0,0.0,242.54999999999998,1
16990.0,126,2,344.0,1,330,172.0,1,1,0.0,0.0,0
16991.0,329,1,1041.21,74,329,1041.21,1,1,0.0,0.0,0
16992.0,6,11,4834.54,196,574,439.50363636363636,1,0,0.15384615384615385,641.96,1
16993.0,371,2,1950.9499999999998,19,484,975.4749999999999,1,0,0.3333333333333333,0.0,0
16996.0,29,8,1708.43,30,325,213.55375,1,1,0.3333333333333333,415.18,1
16997.0,196,3,702.0,7,233,234.0,1,0,0.0,0.0,0
16998.0,57,5,402.0,2,352,80.4,1,0,0.16666666666666666,0.0,0
17000.0,304,2,406.3,26,316,203.15,1,1,0.0,0.0,0
17001.0,21,15,5122.32,94,532,341.488,1,0,0.0,1110.8,1
17002.0,123,6,2071.34,48,549,345.22333333333336,1,0,0.0,500.21,1
17003.0,310,4,828.21,90,486,207.0525,1,0,0.0,0.0,0
17004.0,0,3,1917.82,39,332,639.2733333333333,1,1,0.0,406.54,1
17005.0,378,2,622.36,14,496,311.18,1,0,0.3333333333333333,0.0,0
17006.0,300,4,853.49,77,552,213.3725,1,0,0.0,781.78,1
17007.0,63,6,805.61,47,345,134.26833333333335,1,0,0.14285714285714285,314.49,1
17008.0,337,1,81.36,1,337,81.36,1,1,0.0,0.0,0
17009.0,459,1,242.06,10,459,242.06,1,0,0.0,0.0,0
17011.0,555,2,400.8,12,559,200.4,1,0,0.3333333333333333,270.9,1
17012.0,633,1,360.61,34,633,360.61,1,1,0.0,0.0,0
17015.0,93,1,520.55,116,93,520.55,1,0,0.0,1318.06,1
17016.0,484,1,552.4,41,484,552.4,1,0,0.0,0.0,0
17017.0,70,23,9314.01,113,644,404.95695652173913,1,1,0.30303030303030304,3262.98,1
17018.0,233,5,1772.6,18,642,354.52,1,1,0.0,515.1,1
17019.0,169,10,3324.84,307,645,332.48400000000004,1,1,0.16666666666666666,262.15,1
17020.0,450,2,935.62,64,554,467.81,1,0,0.0,0.0,0
17021.0,350,6,1182.22,35,497,197.03666666666666,1,0,0.0,0.0,0
17022.0,340,1,189.0,9,340,189.0,1,1,0.0,71.0,1
17023.0,325,3,800.18,48,605,266.72666666666663,1,0,0.0,0.0,0
17024.0,7,2,56.25,1,65,28.125,1,0,0.0,39.599999999999994,1
17025.0,281,4,1152.87,28,549,288.2175,1,0,0.0,196.8,1
17026.0,93,3,175.82999999999998,4,325,58.60999999999999,1,1,0.0,0.0,0
17027.0,87,7,1078.3,111,637,154.04285714285714,1,1,0.125,232.33,1
17028.0,489,3,1593.83,85,629,531.2766666666666,1,1,0.0,0.0,0
17029.0,18,7,2137.3,19,571,305.3285714285715,1,0,0.0,0.0,0
17031.0,62,5,2619.45,28,489,523.89,1,0,0.0,154.4,1
17032.0,511,5,2896.69,180,637,579.338,1,1,0.2857142857142857,0.0,0
17033.0,122,3,910.75,22,305,303.5833333333333,1,1,0.0,422.04,1
17034.0,195,3,672.7,31,421,224.23333333333335,1,0,0.25,603.72,1
17035.0,153,4,613.59,29,644,153.3975,1,1,0.2,0.0,0
17036.0,291,1,176.9,12,291,176.9,1,1,0.0,0.0,0
17038.0,323,1,630.77,41,323,630.77,1,1,0.0,112.4,1
17039.0,512,1,1954.99,44,512,1954.99,1,0,0.0,0.0,0
17040.0,45,2,463.25,15,458,231.625,1,0,0.0,0.0,0
17041.0,16,5,1334.6,80,508,266.91999999999996,1,0,0.16666666666666666,320.6,1
17042.0,29,4,915.02,69,155,228.755,1,0,0.0,121.56,1
17043.0,86,6,1183.44,111,638,197.24,1,1,0.0,1410.21,1
17044.0,282,11,11013.82,91,640,1001.2563636363636,1,1,0.21428571428571427,948.48,1
17045.0,21,5,827.6800000000001,44,337,165.536,1,1,0.0,0.0,0
17046.0,65,5,1906.07,76,528,381.214,1,0,0.0,0.0,0
17047.0,113,5,1937.76,98,639,387.552,1,1,0.0,351.47,1
17048.0,25,7,2071.68,88,598,295.9542857142857,1,0,0.36363636363636365,0.0,0
17049.0,25,15,6894.150000000001,238,553,459.61,1,0,0.25,3048.38,1
17050.0,4,11,4648.59,193,590,422.59909090909093,1,0,0.08333333333333333,0.0,0
17051.0,102,4,706.49,107,536,176.6225,1,0,0.0,0.0,0
17053.0,38,1,498.48,13,38,498.48,1,0,0.5,0.0,0
17054.0,45,4,1207.32,58,153,301.83,1,0,0.2,149.01,1
17055.0,353,1,232.85,24,353,232.85,1,0,0.0,0.0,0
17056.0,646,1,128.60000000000002,8,646,128.60000000000002,1,1,0.0,0.0,0
17057.0,504,1,288.79,47,504,288.79,1,0,0.0,0.0,0
17058.0,107,2,819.66,42,147,409.83,1,0,0.0,360.23,1
17059.0,18,8,4021.28,292,590,502.66,1,0,0.1111111111111111,843.29,1
17060.0,174,1,234.24,5,174,234.24,1,0,0.0,0.0,0
17061.0,18,10,4658.83,48,140,465.883,1,0,0.09090909090909091,573.4,1
17062.0,221,6,884.71,81,347,147.45166666666668,1,0,0.14285714285714285,0.0,0
17063.0,71,10,2849.26,120,646,284.92600000000004,1,1,0.4444444444444444,789.27,1
17064.0,90,2,457.40000000000003,36,235,228.70000000000002,1,0,0.0,398.05,1
17065.0,545,2,194.7,6,545,97.35,1,0,0.0,0.0,0
17066.0,634,1,228.34,17,634,228.34,1,1,0.0,0.0,0
17067.0,632,3,454.54,8,639,151.51333333333335,1,1,0.0,0.0,0
17068.0,2,42,7967.33,227,529,189.69833333333332,1,0,0.045454545454545456,1012.85,1
17069.0,63,10,4303.32,165,644,430.332,1,1,0.375,1213.91,1
17070.0,22,2,437.42,102,318,218.71,1,1,0.0,0.0,0
17071.0,42,10,2767.1,107,592,276.71,1,0,0.2857142857142857,1026.6100000000001,1
17072.0,533,1,273.35,20,533,273.35,1,0,0.0,0.0,0
17073.0,17,1,453.79,56,17,453.79,1,0,0.0,991.05,1
17074.0,470,1,203.05,4,470,203.05,1,0,0.0,0.0,0
17075.0,161,9,2098.58,140,633,233.17555555555555,1,1,0.1,138.05,1
17076.0,181,5,735.87,27,643,147.174,1,1,0.0,506.88,1
17077.0,486,1,306.0,1,486,306.0,1,0,0.0,0.0,0
17080.0,177,6,746.23,19,434,124.37166666666667,1,0,0.14285714285714285,211.29999999999998,1
17081.0,303,4,660.48,121,563,165.12,1,0,0.0,288.91,1
17082.0,226,5,3365.12,74,632,673.024,1,1,0.0,1366.91,1
17083.0,17,9,4049.79,30,576,449.9766666666667,1,0,0.18181818181818182,0.0,0
17084.0,304,1,2253.22,132,304,2253.22,1,1,0.5,2747.9900000000002,1
17085.0,31,28,7839.27,410,641,279.9739285714286,1,1,0.125,0.0,0
17087.0,645,1,221.53,12,645,221.53,1,1,0.0,0.0,0
17088.0,90,2,1399.1100000000001,72,161,699.5550000000001,1,0,0.0,591.9,1
17089.0,294,1,128.45,4,294,128.45,1,1,0.0,0.0,0
17090.0,6,10,1917.3,23,416,191.73,1,0,0.09090909090909091,1162.88,1
17091.0,6,17,6359.99,233,631,374.1170588235294,1,1,0.19047619047619047,1135.76,1
17092.0,34,9,4366.7,224,583,485.18888888888887,1,0,0.25,1144.71,1
17093.0,500,1,235.88,13,500,235.88,1,0,0.0,0.0,0
17094.0,230,2,402.20000000000005,18,331,201.10000000000002,1,1,0.3333333333333333,0.0,0
17095.0,207,6,1792.05,83,632,298.675,1,1,0.3333333333333333,780.1999999999999,1
17096.0,51,9,3119.7400000000002,142,463,346.6377777777778,1,0,0.3076923076923077,578.19,1
17097.0,8,7,828.47,136,338,118.35285714285715,0,1,0.125,314.89,1
17098.0,289,3,591.0699999999999,10,448,197.0233333333333,1,0,0.0,0.0,0
17099.0,441,1,582.17,40,441,582.17,1,0,0.0,0.0,0
17101.0,86,4,1115.9,44,458,278.975,1,0,0.0,1391.15,1
17102.0,169,1,25.5,1,169,25.5,1,0,0.0,0.0,0
17103.0,630,1,424.3,32,630,424.3,1,1,0.0,0.0,0
17104.0,331,1,474.03,19,331,474.03,1,1,0.0,0.0,0
17105.0,67,2,665.78,80,214,332.89,1,0,0.0,0.0,0
17106.0,297,1,481.58,51,297,481.58,1,1,0.0,0.0,0
17107.0,63,7,11587.85,305,585,1655.4071428571428,1,0,0.2222222222222222,4464.87,1
17108.0,571,1,174.95,9,571,174.95,1,0,0.0,0.0,0
17109.0,140,4,875.01,70,405,218.7525,1,0,0.0,416.7,1
17110.0,73,3,499.9,38,518,166.63333333333333,1,0,0.0,0.0,0
17111.0,333,1,227.97,19,333,227.97,1,1,0.0,231.61,1
17112.0,410,1,197.57,44,410,197.57,1,0,0.0,0.0,0
17113.0,482,6,2305.59,122,605,384.26500000000004,1,0,0.25,0.0,0
17114.0,46,6,601.9399999999999,66,242,100.32333333333332,1,0,0.25,199.18,1
17115.0,90,6,2536.81,98,642,422.8016666666667,1,1,0.5,224.68,1
17116.0,556,1,389.78,47,556,389.78,1,0,0.0,0.0,0
17117.0,196,1,116.19999999999999,9,196,116.19999999999999,1,0,0.0,0.0,0
17118.0,225,1,157.02,10,225,157.02,1,0,0.0,0.0,0
17120.0,141,1,307.46,18,141,307.46,1,0,0.0,0.0,0
17121.0,310,1,314.74,12,310,314.74,1,1,0.0,0.0,0
17122.0,27,4,570.5,23,407,142.625,1,0,0.0,0.0,0
17123.0,69,3,966.67,36,480,322.2233333333333,1,0,0.0,0.0,0
17124.0,93,1,294.24,31,93,294.24,1,0,0.0,0.0,0
17126.0,60,9,2008.93,294,373,223.21444444444444,1,0,0.18181818181818182,0.0,0
17127.0,336,5,1155.0300000000002,27,643,231.00600000000003,1,1,0.0,0.0,0
17128.0,242,1,157.09,14,242,157.09,1,0,0.0,0.0,0
17129.0,428,1,31.85,2,428,31.85,1,0,0.0,0.0,0
17132.0,360,2,1220.9099999999999,62,396,610.4549999999999,1,0,0.0,0.0,0
17133.0,98,8,12208.880000000001,21,536,1526.1100000000001,1,0,0.1111111111111111,2413.4500000000003,1
17134.0,14,3,625.3,31,350,208.4333333333333,1,0,0.0,0.0,0
17135.0,197,5,1077.2,84,487,215.44,1,0,0.16666666666666666,639.18,1
17136.0,570,1,231.68,14,570,231.68,1,0,0.0,0.0,0
17137.0,324,6,1099.81,125,585,183.30166666666665,1,0,0.0,0.0,0
17138.0,183,7,4417.27,234,581,631.0385714285715,1,0,0.0,0.0,0
17139.0,30,20,15767.81,367,605,788.3905,1,0,0.13043478260869565,3798.95,1
17140.0,155,1,454.12,16,155,454.12,1,0,0.0,0.0,0
17141.0,326,4,727.58,138,592,181.895,1,0,0.0,0.0,0
17142.0,147,4,1275.25,78,592,318.8125,1,0,0.0,0.0,0
17143.0,325,2,880.97,82,423,440.485,1,0,0.0,0.0,0
17145.0,420,4,3120.91,168,566,780.2275,1,0,0.42857142857142855,0.0,0
17146.0,13,13,5852.64,164,583,450.20307692307694,1,0,0.1875,0.0,0
17147.0,114,7,2458.47,74,605,351.21,1,0,0.5,741.48,1
17149.0,359,1,143.10000000000002,6,359,143.10000000000002,1,0,0.0,0.0,0
17150.0,284,6,1357.95,64,641,226.32500000000002,1,1,0.0,0.0,0
17151.0,643,1,231.90000000000003,4,643,231.90000000000003,1,1,0.0,0.0,0
17152.0,102,4,2016.5,9,333,504.125,1,1,0.2,0.0,0
17155.0,85,6,784.0600000000001,33,644,130.67666666666668,1,1,0.0,108.39999999999999,1
17156.0,399,1,591.87,39,399,591.87,1,0,0.5,0.0,0
17157.0,84,18,4994.36,75,643,277.46444444444444,1,1,0.05263157894736842,157.54000000000002,1
17158.0,140,4,1411.58,61,550,352.895,1,0,0.2,568.42,1
17159.0,79,3,1089.16,51,553,363.05333333333334,1,0,0.0,1010.43,1
17160.0,17,16,9692.31,196,643,605.769375,1,1,0.058823529411764705,516.85,1
17161.0,352,1,856.01,52,352,856.01,1,0,0.0,0.0,0
17162.0,39,9,1463.66,75,213,162.6288888888889,1,0,0.1,251.8,1
17163.0,353,2,406.68,24,583,203.34,1,0,0.0,293.1,1
17164.0,59,3,1270.42,53,181,423.47333333333336,1,0,0.0,1196.93,1
17165.0,192,6,1794.32,77,636,299.05333333333334,1,1,0.25,0.0,0
17166.0,111,1,127.59,10,111,127.59,1,0,0.5,78.75,1
17167.0,287,3,867.11,64,353,289.0366666666667,1,0,0.0,0.0,0
17168.0,406,1,400.2,21,406,400.2,1,0,0.0,0.0,0
17169.0,91,2,629.63,31,486,314.815,1,0,0.5,527.1,1
17170.0,282,2,178.68,8,297,89.34,1,1,0.3333333333333333,0.0,0
17171.0,197,2,384.59,25,569,192.295,1,0,0.0,0.0,0
17172.0,338,2,638.81,24,634,319.405,1,1,0.5,317.76,1
17173.0,24,2,961.26,13,39,480.63,1,0,0.3333333333333333,2805.34,1
17174.0,125,1,59.9,4,125,59.9,1,0,0.0,0.0,0
17175.0,49,3,1132.6299999999999,42,204,377.5433333333333,1,0,0.25,311.06,1
17176.0,109,3,902.3199999999999,37,585,300.7733333333333,1,0,0.0,0.0,0
17177.0,413,1,119.5,29,413,119.5,1,0,0.0,0.0,0
17178.0,639,1,432.96,31,639,432.96,1,1,0.0,0.0,0
17179.0,86,6,1507.26,75,470,251.21,1,0,0.0,0.0,0
17180.0,149,10,2005.6,179,595,200.56,1,0,0.23076923076923078,231.17,1
17181.0,281,2,225.45000000000002,7,503,112.72500000000001,1,0,0.0,84.39999999999999,1
17182.0,330,2,321.3,4,626,160.65,1,1,0.0,0.0,0
17183.0,13,1,329.67,9,13,329.67,1,0,0.0,3017.64,1
17184.0,477,2,198.41000000000003,14,638,99.20500000000001,1,1,0.0,0.0,0
17185.0,499,3,229.46,38,506,76.48666666666666,1,0,0.0,0.0,0
17187.0,134,2,467.71,21,434,233.855,1,0,0.0,0.0,0
17188.0,72,11,3933.79,119,639,357.61727272727273,1,1,0.26666666666666666,659.14,1
17189.0,14,5,953.63,101,645,190.726,1,1,0.0,0.0,0
17190.0,115,6,1474.99,143,552,245.83166666666668,1,0,0.14285714285714285,249.74,1
17191.0,2,14,3778.17,238,646,269.8692857142857,1,1,0.06666666666666667,532.17,1
17192.0,444,1,75.28,20,444,75.28,1,0,0.0,0.0,0
17193.0,84,4,1059.3,16,645,264.825,1,1,0.3333333333333333,1250.74,1
17194.0,268,2,776.66,56,438,388.33,1,0,0.0,0.0,0
17195.0,563,1,562.98,31,563,562.98,1,0,0.0,0.0,0
17196.0,335,1,327.75,84,335,327.75,1,1,0.0,0.0,0
17198.0,273,2,521.66,73,279,260.83,1,1,0.0,170.56,1
17199.0,490,1,135.04000000000002,8,490,135.04000000000002,1,0,0.0,0.0,0
17200.0,295,4,356.71,25,560,89.1775,1,0,0.0,0.0,0
17201.0,431,3,842.8199999999999,118,575,280.94,1,0,0.25,289.78,1
17202.0,328,1,160.65,8,328,160.65,1,1,0.0,0.0,0
17203.0,296,4,2004.01,84,296,501.0025,1,1,0.0,3560.08,1
17204.0,83,9,5504.6900000000005,110,455,611.6322222222223,1,0,0.4,0.0,0
17205.0,324,2,615.27,18,472,307.635,1,0,0.0,384.08,1
17207.0,560,1,291.77,54,560,291.77,1,0,0.0,0.0,0
17208.0,303,1,111.15,21,303,111.15,1,1,0.0,0.0,0
17209.0,557,3,595.7,36,644,198.5666666666667,1,1,0.0,0.0,0
17210.0,300,1,251.72,47,300,251.72,1,1,0.0,0.0,0
17211.0,88,11,2921.02,176,634,265.54727272727274,1,1,0.15384615384615385,852.33,1
17212.0,161,3,794.41,29,394,264.80333333333334,1,0,0.0,0.0,0
17213.0,49,11,3868.18,113,632,351.65272727272725,1,1,0.3888888888888889,1001.22,1
17214.0,157,4,611.97,56,267,152.9925,1,1,0.0,447.15000000000003,1
17215.0,372,1,186.15,11,372,186.15,1,0,0.0,0.0,0
17216.0,462,1,63.6,13,462,63.6,1,0,0.0,0.0,0
17217.0,142,2,210.1,27,527,105.05,1,0,0.0,0.0,0
17218.0,122,13,2881.0,192,591,221.6153846153846,1,0,0.0,1008.39,1
17219.0,324,1,144.9,24,324,144.9,1,1,0.0,114.23,1
17220.0,7,17,3551.94,346,596,208.93764705882353,1,0,0.0,899.47,1
17221.0,499,3,642.14,58,515,214.04666666666665,1,0,0.0,334.48,1
17222.0,385,5,1234.96,70,606,246.99200000000002,1,0,0.0,328.65,1
17223.0,218,3,523.04,61,283,174.34666666666666,1,1,0.0,0.0,0
17224.0,409,1,100.86,8,409,100.86,1,0,0.0,0.0,0
17225.0,489,1,131.15,5,489,131.15,1,0,0.0,0.0,0
17226.0,216,3,895.47,51,573,298.49,1,0,0.0,0.0,0
17227.0,80,9,1413.3600000000001,50,601,157.04000000000002,1,0,0.0,465.57000000000005,1
17228.0,115,9,1601.52,132,545,177.94666666666666,1,0,0.0,1218.51,1
17229.0,4,2,318.76,39,50,159.38,1,0,0.0,0.0,0
17230.0,172,18,9388.49,141,639,521.5827777777778,1,1,0.21739130434782608,0.0,0
17231.0,34,22,5845.9,445,640,265.72272727272724,1,1,0.26666666666666666,1218.9,1
17233.0,356,2,369.98,32,632,184.99,1,1,0.0,190.88,1
17234.0,90,1,149.89000000000001,14,90,149.89000000000001,1,0,0.0,0.0,0
17235.0,280,7,1354.82,41,461,193.54571428571427,1,0,0.0,208.16,1
17236.0,87,11,1710.86,97,550,155.53272727272727,1,0,0.0,218.4,1
17237.0,283,2,679.44,58,289,339.72,1,1,0.0,314.69,1
17238.0,44,26,5555.64,417,646,213.67846153846156,1,1,0.0,1775.53,1
17239.0,220,4,1189.45,18,434,297.3625,1,0,0.3333333333333333,0.0,0
17240.0,504,1,130.6,7,504,130.6,1,0,0.0,0.0,0
17241.0,293,12,2736.64,116,570,228.0533333333333,1,0,0.0,0.0,0
17242.0,16,5,2889.28,44,592,577.856,1,0,0.0,0.0,0
17243.0,0,59,15976.99,320,646,270.7964406779661,1,1,0.15714285714285714,3603.39,1
17244.0,291,4,871.14,85,641,217.785,1,1,0.0,954.9,1
17245.0,112,2,371.63,24,597,185.815,1,0,0.0,0.0,0
17246.0,454,2,38.92,6,646,19.46,1,1,0.0,0.0,0
17248.0,28,2,500.54,85,389,250.27,1,0,0.0,0.0,0
17249.0,336,1,68.03,27,336,68.03,1,1,0.0,0.0,0
17250.0,169,1,162.65,23,169,162.65,1,0,0.0,219.32,1
17251.0,270,3,798.98,65,632,266.32666666666665,1,1,0.25,0.0,0
17252.0,24,2,348.91,86,94,174.455,1,0,0.0,0.0,0
17254.0,309,1,198.29,36,309,198.29,1,1,0.0,271.19,1
17255.0,207,3,598.48,131,354,199.49333333333334,1,0,0.0,183.22,1
17256.0,15,5,498.93,20,508,99.786,1,0,0.0,0.0,0
17257.0,344,2,189.78,14,344,94.89,1,0,0.0,0.0,0
17258.0,304,2,417.3,46,573,208.65,1,0,0.0,0.0,0
17259.0,56,6,1452.39,179,563,242.06500000000003,1,0,0.0,0.0,0
17260.0,319,1,120.95,6,319,120.95,1,1,0.0,0.0,0
17261.0,417,1,221.59,43,417,221.59,1,0,0.0,0.0,0
17262.0,135,10,2190.76,10,632,219.07600000000002,1,1,0.0,298.0,1
17263.0,116,1,63.440000000000005,23,116,63.440000000000005,1,0,0.0,0.0,0
17264.0,332,1,268.28,70,332,268.28,1,1,0.0,0.0,0
17265.0,46,2,550.01,106,88,275.005,1,0,0.0,0.0,0
17266.0,55,3,318.2,56,548,106.06666666666666,1,0,0.0,183.52,1
17267.0,35,2,317.2,37,35,158.6,1,0,0.0,0.0,0
17268.0,15,11,1733.8899999999999,26,639,157.62636363636364,1,1,0.0,0.0,0
17269.0,293,1,491.81,110,293,491.81,1,1,0.0,0.0,0
17270.0,377,2,601.4499999999999,45,640,300.72499999999997,1,1,0.0,0.0,0
17271.0,644,1,204.3,46,644,204.3,1,1,0.0,0.0,0
17272.0,107,2,1409.44,59,170,704.72,1,0,0.3333333333333333,739.1899999999999,1
17273.0,332,1,141.12,12,332,141.12,1,1,0.0,0.0,0
17274.0,303,1,465.4,52,303,465.4,1,1,0.0,107.82,1
17275.0,291,1,114.1,23,291,114.1,1,1,0.0,0.0,0
17276.0,310,1,501.24,49,310,501.24,1,1,0.5,0.0,0
17277.0,135,2,1065.3500000000001,67,230,532.6750000000001,1,0,0.0,0.0,0
17278.0,149,2,271.24,17,473,135.62,1,0,0.0,0.0,0
17280.0,346,1,118.85999999999999,6,346,118.85999999999999,1,0,0.0,0.0,0
17281.0,282,6,797.8499999999999,2,581,132.975,1,0,0.0,0.0,0
17282.0,38,5,2308.54,168,456,461.70799999999997,1,0,0.0,0.0,0
17283.0,286,1,188.46,15,286,188.46,1,1,0.0,0.0,0
17284.0,28,6,2400.16,276,297,400.02666666666664,1,1,0.14285714285714285,158.44,1
17285.0,536,2,400.44,40,571,200.22,1,0,0.0,0.0,0
17286.0,308,2,237.81,46,308,118.905,1,1,0.0,151.37,1
17287.0,51,19,3480.21,257,644,183.16894736842104,1,1,0.09523809523809523,346.65,1
17288.0,115,9,1714.5,139,302,190.5,1,1,0.0,753.93,1
17289.0,88,7,1275.23,152,549,182.1757142857143,1,0,0.125,766.57,1
17290.0,289,6,914.47,95,634,152.41166666666666,1,1,0.0,513.01,1
17291.0,216,1,550.8000000000001,1,216,550.8000000000001,1,0,0.0,0.0,0
17292.0,380,2,271.75,14,487,135.875,1,0,0.0,0.0,0
17293.0,27,13,2763.6,109,644,212.58461538461538,1,1,0.0,987.03,1
17294.0,577,2,467.78999999999996,17,577,233.89499999999998,1,0,0.0,0.0,0
17296.0,638,1,338.13,32,638,338.13,1,1,0.0,0.0,0
17298.0,9,5,938.36,60,549,187.672,1,0,0.16666666666666666,0.0,0
17299.0,8,4,604.8100000000001,71,389,151.20250000000001,1,0,0.0,388.41999999999996,1
17300.0,298,2,393.64,37,389,196.82,1,0,0.0,0.0,0
17301.0,532,1,131.15,52,532,131.15,1,0,0.0,163.24,1
17302.0,30,3,661.61,48,213,220.53666666666666,1,0,0.25,474.02,1
17303.0,269,1,250.04,53,269,250.04,1,1,0.0,0.0,0
17304.0,442,1,111.5,5,442,111.5,1,0,0.0,0.0,0
17305.0,556,1,2135.46,9,556,2135.46,1,0,0.0,0.0,0
17306.0,7,17,7851.1,13,311,461.8294117647059,1,1,0.10526315789473684,1931.25,1
17307.0,303,11,3999.8900000000003,22,597,363.6263636363637,1,0,0.26666666666666666,0.0,0
17308.0,301,2,4511.76,5,360,2255.88,1,0,0.0,0.0,0
17309.0,3,3,320.39,33,581,106.79666666666667,1,0,0.0,0.0,0
17310.0,295,2,1025.1,1,442,512.55,1,0,0.0,0.0,0
17311.0,224,5,2738.17,93,582,547.634,1,0,0.16666666666666666,828.39,1
17312.0,46,3,644.3,11,67,214.76666666666665,1,0,0.0,0.0,0
17314.0,56,14,3883.43,141,644,277.3878571428571,1,1,0.2222222222222222,1021.0,1
17315.0,8,33,7646.36,369,346,231.70787878787877,1,0,0.13157894736842105,1733.04,1
17316.0,328,1,124.45,35,328,124.45,1,1,0.0,0.0,0
17318.0,633,1,157.32999999999998,17,633,157.32999999999998,1,1,0.0,0.0,0
17319.0,577,1,29.1,3,577,29.1,1,0,0.0,0.0,0
17320.0,8,6,2444.85,86,595,407.47499999999997,1,0,0.0,0.0,0
17321.0,302,4,1008.05,159,485,252.0125,1,0,0.0,657.16,1
17322.0,284,5,922.59,115,644,184.518,1,1,0.2857142857142857,0.0,0
17323.0,32,9,1172.07,146,606,130.23,1,0,0.1,375.57,1
17324.0,239,10,1886.82,85,629,188.682,1,1,0.09090909090909091,284.25,1
17325.0,188,3,609.5699999999999,39,549,203.18999999999997,1,0,0.0,0.0,0
17326.0,316,2,312.35,82,437,156.175,1,0,0.0,0.0,0
17327.0,317,2,152.35,3,470,76.175,1,0,0.0,0.0,0
17328.0,581,1,104.7,6,581,104.7,1,0,0.0,0.0,0
17329.0,223,4,718.78,73,644,179.695,1,1,0.0,279.75,1
17330.0,452,2,59.900000000000006,2,555,29.950000000000003,1,0,0.0,363.9,1
17331.0,31,1,175.2,1,31,175.2,1,0,0.0,0.0,0
17332.0,436,5,827.77,81,564,165.554,1,0,0.0,0.0,0
17334.0,210,3,635.15,20,314,211.71666666666667,1,1,0.25,0.0,0
17335.0,291,2,497.04,34,592,248.52,1,0,0.0,0.0,0
17336.0,380,1,81.12,1,380,81.12,1,0,0.0,0.0,0
17337.0,59,4,1979.61,420,218,494.9025,1,0,0.42857142857142855,0.0,0
17338.0,22,16,10554.67,537,547,659.666875,1,0,0.1111111111111111,1325.8700000000001,1
17339.0,2,3,302.36,10,417,100.78666666666668,1,0,0.25,0.0,0
17340.0,28,14,14858.31,258,571,1061.307857142857,1,0,0.391304347826087,4759.64,1
17341.0,64,5,1272.21,200,448,254.442,1,0,0.0,0.0,0
17342.0,287,4,1227.54,31,577,306.885,1,0,0.42857142857142855,0.0,0
17343.0,263,6,1259.94,61,644,209.99,1,1,0.0,0.0,0
17344.0,636,1,299.74,36,636,299.74,1,1,0.5,157.62,1
17345.0,1,9,1348.12,140,646,149.7911111111111,1,1,0.18181818181818182,238.51,1
17346.0,11,19,3597.31,401,508,189.3321052631579,1,0,0.0,1394.1,1
17348.0,205,5,1434.54,205,547,286.908,1,0,0.0,996.45,1
17349.0,87,5,772.41,74,539,154.482,1,0,0.0,0.0,0
17350.0,302,3,612.38,64,584,204.12666666666667,1,0,0.0,1281.32,1
17351.0,77,11,1804.53,40,637,164.0481818181818,1,1,0.0,159.85,1
17352.0,604,1,36.25,5,604,36.25,1,0,0.0,0.0,0
17353.0,37,4,3242.0,7,532,810.5,1,0,0.42857142857142855,0.0,0
17354.0,336,3,1740.8999999999999,73,336,580.3,1,1,0.0,1393.06,1
17355.0,294,1,273.31,28,294,273.31,1,1,0.0,0.0,0
17356.0,219,5,946.47,73,596,189.294,1,0,0.0,0.0,0
17358.0,211,5,861.01,126,561,172.202,1,0,0.0,0.0,0
17359.0,556,1,156.6,23,556,156.6,1,0,0.0,127.86,1
17360.0,92,4,953.17,137,342,238.2925,1,1,0.2,247.34,1
17361.0,94,4,647.51,41,584,161.8775,1,0,0.0,224.28,1
17362.0,147,7,1024.04,99,610,146.29142857142855,1,0,0.125,0.0,0
17363.0,303,3,920.46,34,310,306.82,1,1,0.0,0.0,0
17364.0,45,23,10127.65,396,640,440.33260869565214,1,1,0.11538461538461539,1424.75,1
17365.0,77,12,5753.94,320,584,479.49499999999995,1,0,0.07692307692307693,2425.51,1
17366.0,340,2,1077.24,120,364,538.62,1,0,0.3333333333333333,0.0,0
17367.0,146,1,167.55,33,146,167.55,1,0,0.0,0.0,0
17368.0,1,12,2484.49,161,632,207.04083333333332,1,1,0.14285714285714285,273.8,1
17369.0,363,1,979.1999999999999,1,363,979.1999999999999,1,0,0.0,0.0,0
17370.0,0,2,228.06,16,77,114.03,1,0,0.0,218.12,1
17371.0,269,4,325.11,61,639,81.2775,1,1,0.0,326.26,1
17372.0,74,25,4034.91,383,644,161.3964,1,1,0.10714285714285714,281.55,1
17373.0,42,5,807.88,50,557,161.576,1,0,0.0,359.62,1
17374.0,126,3,727.11,34,303,242.37,1,1,0.25,0.0,0
17375.0,107,4,660.55,77,339,165.1375,1,1,0.2,0.0,0
17376.0,219,3,356.29,37,430,118.76333333333334,1,0,0.0,97.35,1
17377.0,34,67,15621.25,435,645,233.15298507462686,1,1,0.1518987341772152,2017.98,1
17378.0,282,1,10.95,1,282,10.95,1,1,0.5,0.0,0
17380.0,342,3,645.0,5,442,215.0,1,0,0.25,0.0,0
17381.0,7,33,34384.69,50,456,1041.960303030303,1,0,0.029411764705882353,2013.96,1
17382.0,343,7,836.88,14,477,119.55428571428571,1,0,0.0,65.4,1
17383.0,361,1,110.69999999999999,2,361,110.69999999999999,1,0,0.0,193.39000000000001,1
17384.0,127,2,398.8,7,375,199.4,1,0,0.0,108.75,1
17386.0,7,6,1823.69,18,293,303.9483333333333,1,1,0.0,989.08,1
17388.0,39,10,2368.84,40,637,236.88400000000001,1,1,0.0,306.53000000000003,1
17389.0,3,52,34885.73,57,643,670.8794230769231,1,1,0.21212121212121213,21587.7,1
17390.0,328,1,149.3,12,328,149.3,1,1,0.0,0.0,0
17391.0,71,2,508.8,2,72,254.4,1,0,0.0,0.0,0
17392.0,214,3,579.92,65,358,193.30666666666664,1,0,0.0,0.0,0
17393.0,318,2,381.15,45,396,190.575,1,0,0.0,0.0,0
17394.0,127,1,203.86999999999998,4,127,203.86999999999998,1,0,0.0,0.0,0
17395.0,416,1,97.5,3,416,97.5,1,0,0.0,0.0,0
17396.0,56,11,5862.6,25,349,532.9636363636364,1,0,0.15384615384615385,2529.0,1
17397.0,324,1,516.87,44,324,516.87,1,1,0.0,681.41,1
17398.0,22,3,653.38,30,163,217.79333333333332,1,0,0.0,0.0,0
17400.0,34,8,4623.28,345,630,577.91,1,1,0.0,0.0,0
17401.0,449,1,114.85,11,449,114.85,1,0,0.0,0.0,0
17402.0,9,18,3734.16,101,631,207.45333333333332,1,1,0.14285714285714285,866.4,1
17403.0,358,1,118.95,13,358,118.95,1,0,0.0,263.92,1
17404.0,35,17,36750.6,108,609,2161.7999999999997,0,0,0.19047619047619047,10887.52,1
17405.0,58,1,393.31,41,58,393.31,1,0,0.0,489.70000000000005,1
17406.0,241,13,4186.95,155,641,322.0730769230769,1,1,0.2777777777777778,0.0,0
17407.0,319,1,552.9,23,319,552.9,1,1,0.0,0.0,0
17408.0,71,3,316.09000000000003,7,422,105.36333333333334,1,0,0.25,0.0,0
17409.0,92,10,7793.51,50,636,779.351,1,1,0.0,0.0,0
17410.0,4,2,419.55,22,123,209.775,1,0,0.0,795.17,1
17411.0,169,3,932.02,46,644,310.67333333333335,1,1,0.5714285714285714,493.36,1
17412.0,104,13,3671.98,143,645,282.46,1,1,0.1875,548.24,1
17413.0,312,2,560.14,10,477,280.07,1,0,0.0,0.0,0
17414.0,92,5,2069.52,6,644,413.904,1,1,0.0,180.0,1
17416.0,17,20,15699.52,305,633,784.976,1,1,0.13043478260869565,1598.93,1
17417.0,456,1,164.18,16,456,164.18,1,0,0.0,0.0,0
17418.0,231,2,373.99,24,295,186.995,1,1,0.0,296.07,1
17419.0,51,14,4559.68,159,591,325.6914285714286,1,0,0.06666666666666667,1566.57,1
17420.0,79,5,746.26,34,309,149.252,1,1,0.2857142857142857,207.32,1
17421.0,294,3,1059.41,46,643,353.1366666666667,1,1,0.0,0.0,0
17422.0,1,10,3314.36,137,442,331.43600000000004,1,0,0.4444444444444444,280.4,1
17423.0,125,2,869.96,28,301,434.98,1,1,0.3333333333333333,248.99,1
17426.0,83,10,6319.74,213,568,631.9739999999999,1,0,0.23076923076923078,1758.03,1
17428.0,18,37,24871.0,383,646,672.1891891891892,1,1,0.11904761904761904,6180.16,1
17429.0,36,5,1357.46,80,337,271.492,1,1,0.2857142857142857,0.0,0
17430.0,273,3,469.40999999999997,24,387,156.47,1,0,0.0,153.16,1
17431.0,221,1,403.3,41,221,403.3,1,0,0.0,0.0,0
17432.0,293,7,1363.23,174,644,194.74714285714285,1,1,0.0,365.76,1
17433.0,293,1,266.8,39,293,266.8,1,1,0.0,303.15999999999997,1
17435.0,319,1,331.35,15,319,331.35,1,1,0.0,0.0,0
17436.0,134,4,440.15999999999997,5,640,110.03999999999999,1,1,0.3333333333333333,0.0,0
17437.0,437,1,369.68,52,437,369.68,1,0,0.0,0.0,0
17438.0,161,5,1422.77,49,549,284.554,1,0,0.16666666666666666,0.0,0
17439.0,563,1,325.74,8,563,325.74,1,0,0.0,0.0,0
17440.0,64,4,323.58,4,457,80.895,1,0,0.3333333333333333,0.0,0
17441.0,640,1,293.35,21,640,293.35,1,1,0.0,0.0,0
17442.0,1,14,4293.43,179,570,306.67357142857145,1,0,0.3333333333333333,326.87,1
17443.0,127,1,534.24,1,127,534.24,0,0,0.0,0.0,0
17444.0,59,2,2389.1,131,80,1194.55,0,0,0.0,0.0,0
17446.0,84,2,120.9,6,218,60.45,1,0,0.0,0.0,0
17448.0,437,41,14448.67,568,553,352.4065853658537,1,0,0.14583333333333334,0.0,0
17449.0,2,10,3843.49,236,638,384.349,1,1,0.0,1021.66,1
17450.0,3,28,136695.0,127,346,4881.964285714285,1,0,0.034482758620689655,108089.25,1
17451.0,13,1,346.01,23,13,346.01,1,0,0.5,1081.21,1
17454.0,100,10,1547.94,98,601,154.794,1,0,0.09090909090909091,0.0,0
17455.0,111,1,131.7,8,111,131.7,1,0,0.0,0.0,0
17456.0,273,2,975.5600000000001,59,364,487.78000000000003,1,0,0.0,0.0,0
17457.0,34,14,5984.8099999999995,30,640,427.4864285714285,1,1,0.2222222222222222,0.0,0
17458.0,289,1,213.08,32,289,213.08,1,1,0.0,316.5,1
17460.0,2,16,2157.9700000000003,93,594,134.87312500000002,1,0,0.2,0.0,0
17462.0,192,1,463.40999999999997,14,192,463.40999999999997,1,0,0.0,212.28,1
17463.0,84,5,1886.99,177,497,377.398,1,0,0.2857142857142857,648.27,1
17464.0,66,3,907.14,35,527,302.38,1,0,0.25,0.0,0
17465.0,333,7,2542.79,103,644,363.2557142857143,1,1,0.2222222222222222,0.0,0
17467.0,303,1,102.6,4,303,102.6,1,1,0.0,0.0,0
17468.0,283,1,57.8,3,283,57.8,1,1,0.0,137.0,1
17469.0,16,15,4230.55,150,631,282.0366666666667,1,1,0.25,820.7,1
17470.0,35,10,2317.87,99,416,231.78699999999998,1,0,0.0,308.6,1
17471.0,382,1,321.65000000000003,19,382,321.65000000000003,1,0,0.0,0.0,0
17472.0,99,4,922.35,183,536,230.5875,1,0,0.0,0.0,0
17473.0,316,2,607.0,33,364,303.5,1,0,0.3333333333333333,0.0,0
17474.0,507,1,1047.0,6,507,1047.0,1,0,0.0,0.0,0
17476.0,303,2,489.86,29,645,244.93,1,1,0.5,0.0,0
17477.0,520,2,1144.3,44,555,572.15,1,0,0.6,0.0,0
17478.0,316,2,1272.8,40,541,636.4,1,0,0.0,0.0,0
17479.0,540,1,389.26000000000005,18,540,389.26000000000005,1,0,0.0,0.0,0
17480.0,352,1,370.40999999999997,24,352,370.40999999999997,1,0,0.0,511.82,1
17481.0,1,1,260.63,19,1,260.63,1,0,0.0,994.96,1
17482.0,395,2,775.64,50,486,387.82,1,0,0.0,0.0,0
17483.0,42,3,452.43,19,322,150.81,1,1,0.0,139.3,1
17484.0,484,2,209.57,14,532,104.785,1,0,0.0,0.0,0
17486.0,169,1,396.87,24,169,396.87,1,0,0.0,0.0,0
17487.0,636,1,160.55,8,636,160.55,1,1,0.0,0.0,0
17488.0,549,1,336.5,18,549,336.5,1,0,0.0,0.0,0
17489.0,120,1,208.56,16,120,208.56,1,0,0.0,168.07999999999998,1
17490.0,84,3,963.38,51,477,321.12666666666667,1,0,0.25,1056.42,1
17491.0,3,13,4212.91,95,498,324.07,1,0,0.07142857142857142,997.86,1
17492.0,156,3,1122.42,32,426,374.14000000000004,1,0,0.0,0.0,0
17493.0,293,1,100.91000000000001,8,293,100.91000000000001,1,1,0.0,0.0,0
17494.0,409,1,54.699999999999996,3,409,54.699999999999996,1,0,0.0,0.0,0
17495.0,298,1,309.16,21,298,309.16,1,1,0.5,497.56,1
17496.0,266,4,1412.89,54,602,353.2225,1,0,0.2,0.0,0
17497.0,298,2,287.25,7,518,143.625,1,0,0.0,0.0,0
17499.0,197,2,1341.39,66,469,670.695,1,0,0.3333333333333333,0.0,0
17501.0,128,2,288.6,18,128,144.3,1,0,0.0,0.0,0
17504.0,114,18,9490.17,244,577,527.2316666666667,1,0,0.05263157894736842,0.0,0
17505.0,69,5,2435.48,83,513,487.096,1,0,0.0,0.0,0
17507.0,169,2,605.58,79,217,302.79,1,0,0.0,0.0,0
17508.0,188,8,4579.23,199,640,572.40375,0,1,0.1111111111111111,0.0,0
17510.0,328,1,206.07999999999998,15,328,206.07999999999998,1,1,0.0,308.48,1
17511.0,1,50,140446.24,583,645,2808.9248,1,1,0.2857142857142857,31686.63,1
17512.0,29,16,4434.7300000000005,85,637,277.17062500000003,1,1,0.1111111111111111,1033.09,1
17513.0,316,2,645.6,12,387,322.8,1,0,0.0,513.2,1
17514.0,36,2,522.0,72,577,261.0,1,0,0.0,0.0,0
17515.0,114,8,1534.86,90,458,191.8575,1,0,0.0,67.65,1
17516.0,27,5,788.27,132,286,157.654,1,1,0.0,159.23,1
17517.0,216,1,153.94,11,216,153.94,1,0,0.0,0.0,0
17518.0,333,2,329.42,71,529,164.71,1,0,0.0,0.0,0
17519.0,41,14,4418.15,133,646,315.58214285714286,1,1,0.06666666666666667,356.02,1
17521.0,107,3,714.41,37,342,238.13666666666666,1,1,0.0,563.65,1
17522.0,46,4,907.6899999999999,53,126,226.92249999999999,1,0,0.0,0.0,0
17524.0,269,3,539.14,37,346,179.71333333333334,1,0,0.25,0.0,0
17525.0,267,3,1161.9,19,336,387.3,1,1,0.0,0.0,0
17526.0,198,11,3616.14,61,630,328.74,1,1,0.21428571428571427,323.1,1
17527.0,17,2,606.62,25,126,303.31,1,0,0.3333333333333333,332.75,1
17529.0,518,2,1240.25,78,605,620.125,1,0,0.0,0.0,0
17530.0,114,8,1785.24,270,641,223.155,1,1,0.1111111111111111,786.83,1
17531.0,98,3,1266.82,54,526,422.2733333333333,1,0,0.625,0.0,0
17532.0,293,1,65.34,4,293,65.34,1,1,0.0,0.0,0
17533.0,342,1,34.8,1,342,34.8,1,1,0.0,0.0,0
17534.0,359,4,1445.47,69,560,361.3675,1,0,0.0,223.36,1
17535.0,188,1,164.4,13,188,164.4,1,0,0.0,0.0,0
17536.0,85,3,364.83,16,590,121.61,1,0,0.0,0.0,0
17537.0,211,1,620.75,60,211,620.75,1,0,0.0,266.92,1
17539.0,536,3,1161.84,131,634,387.28,1,1,0.4,0.0,0
17540.0,224,5,1280.5,35,507,256.1,1,0,0.0,310.1,1
17541.0,417,1,119.86,31,417,119.86,1,0,0.0,0.0,0
17542.0,177,3,340.85,57,549,113.61666666666667,1,0,0.0,0.0,0
17543.0,457,1,120.05,13,457,120.05,1,0,0.0,0.0,0
17544.0,298,3,944.82,80,298,314.94,1,1,0.0,0.0,0
17545.0,298,3,767.54,112,485,255.84666666666666,1,0,0.0,642.32,1
17547.0,283,2,727.85,22,573,363.925,1,0,0.5,0.0,0
17548.0,141,4,731.26,22,304,182.815,1,1,0.3333333333333333,0.0,0
17550.0,105,9,2506.64,250,578,278.5155555555555,1,0,0.1,0.0,0
17551.0,267,1,290.34,39,267,290.34,1,1,0.0,0.0,0
17552.0,280,10,2154.88,64,535,215.488,1,0,0.16666666666666666,631.89,1
17553.0,37,4,3757.6,2,518,939.4,1,0,0.0,0.0,0
17554.0,30,2,1249.89,51,56,624.945,1,0,0.0,464.26,1
17555.0,242,4,760.88,174,494,190.22,1,0,0.0,284.86,1
17556.0,113,2,300.67,13,287,150.335,1,1,0.0,0.0,0
17557.0,640,1,34.0,1,640,34.0,1,1,0.0,541.46,1
17558.0,301,1,259.17,28,301,259.17,1,1,0.0,0.0,0
17559.0,420,1,167.62,12,420,167.62,1,0,0.0,0.0,0
17560.0,2,8,1895.8,37,568,236.975,1,0,0.0,0.0,0
17561.0,298,3,537.9,129,641,179.29999999999998,1,1,0.0,165.12,1
17562.0,17,4,661.1,35,81,165.275,1,0,0.2,461.28000000000003,1
17563.0,486,2,392.38,27,519,196.19,1,0,0.5,0.0,0
17565.0,494,1,131.83,30,494,131.83,1,0,0.0,0.0,0
17567.0,0,7,3432.05,105,349,490.29285714285714,1,0,0.125,1406.03,1
17568.0,541,1,374.45,61,541,374.45,1,0,0.0,0.0,0
17569.0,240,1,344.14,29,240,344.14,1,0,0.0,0.0,0
17571.0,53,4,764.79,120,450,191.1975,1,0,0.0,864.87,1
17572.0,7,9,621.46,14,632,69.05111111111111,1,1,0.0,30.75,1
17573.0,1,1,174.71,11,1,174.71,1,0,0.0,205.89000000000001,1
17574.0,150,1,185.65,8,150,185.65,1,0,0.0,0.0,0
17575.0,575,1,171.7,5,575,171.7,1,0,0.0,0.0,0
17576.0,7,36,7407.0199999999995,354,644,205.75055555555554,1,1,0.07692307692307693,1298.58,1
17577.0,553,2,348.75,20,576,174.375,1,0,0.0,0.0,0
17578.0,126,7,1047.33,57,437,149.6185714285714,1,0,0.3,0.0,0
17579.0,45,3,575.24,58,486,191.74666666666667,1,0,0.25,178.04,1
17580.0,160,5,538.07,77,330,107.614,1,1,0.0,0.0,0
17581.0,17,35,13448.22,348,644,384.23485714285715,1,1,0.18604651162790697,3518.27,1
17582.0,144,5,1446.95,92,531,289.39,1,0,0.16666666666666666,0.0,0
17583.0,468,1,135.95,7,468,135.95,1,0,0.0,0.0,0
17584.0,35,5,4816.57,79,591,963.314,1,0,0.0,492.85,1
17585.0,17,7,2064.71,295,386,294.9585714285714,1,0,0.0,0.0,0
17586.0,527,1,167.4,8,527,167.4,1,0,0.0,0.0,0
17587.0,536,1,173.76,41,536,173.76,1,0,0.0,0.0,0
17588.0,8,7,2939.55,35,545,419.9357142857143,1,0,0.2222222222222222,0.0,0
17589.0,59,17,13246.42,570,550,779.2011764705883,1,0,0.15,559.85,1
17591.0,30,7,1976.52,93,599,282.36,1,0,0.125,362.8,1
17592.0,646,1,148.3,13,646,148.3,1,1,0.5,0.0,0
17593.0,52,9,6428.5,250,643,714.2777777777778,1,1,0.3076923076923077,1663.82,1
17594.0,162,3,1819.7,52,512,606.5666666666667,1,0,0.0,678.18,1
17596.0,44,10,3421.85,226,632,342.185,1,1,0.09090909090909091,1069.6100000000001,1
17597.0,121,5,3484.09,109,491,696.818,1,0,0.2857142857142857,0.0,0
17598.0,289,1,409.98,10,289,409.98,1,1,0.0,0.0,0
17599.0,385,1,52.05,3,385,52.05,1,0,0.6666666666666666,0.0,0
17601.0,147,2,412.65999999999997,68,288,206.32999999999998,1,1,0.0,0.0,0
17602.0,32,10,3209.56,275,527,320.956,1,0,0.23076923076923078,4144.87,1
17603.0,525,3,1393.66,93,637,464.55333333333334,1,1,0.5,394.72,1
17604.0,125,6,942.38,142,589,157.06333333333333,1,0,0.0,0.0,0
17605.0,498,1,160.75,13,498,160.75,1,0,0.0,0.0,0
17606.0,645,1,87.30000000000001,6,645,87.30000000000001,1,1,0.0,0.0,0
17607.0,284,1,333.81,22,284,333.81,1,1,0.0,0.0,0
17608.0,357,2,296.07,90,515,148.035,1,0,0.0,191.99,1
17609.0,210,8,1305.83,230,517,163.22875,1,0,0.2727272727272727,569.53,1
17610.0,448,5,1511.94,114,641,302.38800000000003,1,1,0.375,0.0,0
17611.0,31,22,7027.56,679,646,319.43454545454546,1,1,0.15384615384615385,1259.97,1
17612.0,3,17,5029.35,196,630,295.84411764705885,1,1,0.41379310344827586,365.51,1
17613.0,25,9,2976.69,173,213,330.74333333333334,1,0,0.18181818181818182,1567.8600000000001,1
17615.0,38,6,721.8,47,393,120.3,1,0,0.14285714285714285,0.0,0
17616.0,81,4,734.4,1,359,183.6,1,0,0.0,0.0,0
17617.0,466,1,385.19,18,466,385.19,1,0,0.5,0.0,0
17618.0,156,10,3696.84,196,592,369.684,1,0,0.16666666666666666,304.8,1
17619.0,220,1,214.37,71,220,214.37,1,0,0.0,0.0,0
17621.0,220,5,2697.0,52,339,539.4,1,1,0.2857142857142857,478.12,1
17622.0,505,2,1130.21,19,506,565.105,1,0,0.3333333333333333,0.0,0
17623.0,317,6,1838.72,108,633,306.4533333333333,1,1,0.0,527.0500000000001,1
17624.0,126,3,1125.45,71,627,375.15000000000003,1,1,0.0,443.18,1
17625.0,48,6,5185.63,392,632,864.2716666666666,1,1,0.0,793.27,1
17626.0,510,1,254.0,18,510,254.0,1,0,0.0,0.0,0
17627.0,386,1,296.36,10,386,296.36,1,0,0.5,0.0,0
17629.0,28,7,1439.78,89,329,205.68285714285713,1,1,0.125,1015.74,1
17630.0,77,2,503.59999999999997,24,140,251.79999999999998,1,0,0.0,0.0,0
17631.0,45,6,886.66,56,638,147.77666666666667,1,1,0.0,0.0,0
17633.0,11,5,1381.16,56,297,276.232,1,1,0.16666666666666666,676.23,1
17634.0,0,7,2077.07,177,245,296.7242857142857,1,0,0.0,281.52,1
17635.0,332,3,1265.58,60,498,421.85999999999996,1,0,0.25,0.0,0
17637.0,23,1,338.95,24,23,338.95,1,0,0.0,208.11,1
17638.0,555,2,842.4,2,629,421.2,1,1,0.0,0.0,0
17639.0,184,6,615.17,59,391,102.52833333333332,1,0,0.0,0.0,0
17640.0,287,5,2547.28,47,534,509.456,1,0,0.2857142857142857,621.66,1
17642.0,27,5,1824.49,88,642,364.898,1,1,0.0,0.0,0
17643.0,281,2,439.7,30,413,219.85,1,0,0.0,0.0,0
17644.0,28,16,4758.59,122,569,297.411875,1,0,0.30434782608695654,937.25,1
17646.0,127,12,3898.79,124,631,324.89916666666664,1,1,0.25,0.0,0
17647.0,577,2,198.6,5,577,99.3,1,0,0.0,133.06,1
17648.0,100,4,1526.26,96,293,381.565,1,1,0.2,690.11,1
17649.0,46,3,1578.89,88,380,526.2966666666667,1,0,0.4,0.0,0
17651.0,63,10,2906.53,114,434,290.653,1,0,0.23076923076923078,2796.9900000000002,1
17652.0,52,6,2713.57,101,189,452.2616666666667,1,0,0.3333333333333333,2154.15,1
17653.0,7,2,343.34,9,28,171.67,1,0,0.0,864.22,1
17654.0,185,1,117.55,22,185,117.55,1,0,0.0,0.0,0
17655.0,24,7,2240.77,63,324,320.11,1,1,0.125,735.61,1
17656.0,14,3,927.65,35,36,309.21666666666664,1,0,0.0,747.04,1
17657.0,338,1,126.0,7,338,126.0,1,1,0.0,0.0,0
17658.0,119,1,317.59999999999997,9,119,317.59999999999997,1,0,0.0,277.82,1
17659.0,8,11,2240.56,91,294,203.68727272727273,1,1,0.15384615384615385,1346.43,1
17660.0,49,2,342.22,75,645,171.11,1,1,0.0,0.0,0
17662.0,569,2,412.92,14,630,206.46,1,1,0.0,0.0,0
17663.0,62,14,4389.45,130,553,313.53214285714284,1,0,0.2631578947368421,786.38,1
17664.0,120,3,887.78,51,528,295.9266666666667,1,0,0.0,278.45,1
17665.0,401,1,563.1,19,401,563.1,1,0,0.0,0.0,0
17666.0,385,3,1319.6399999999999,17,435,439.87999999999994,1,0,0.0,728.16,1
17667.0,69,8,3646.2,136,562,455.775,1,0,0.2727272727272727,304.5,1
17669.0,30,8,5168.85,80,525,646.10625,1,0,0.0,973.5,1
17670.0,135,1,205.7,11,135,205.7,1,0,0.0,0.0,0
17671.0,65,4,1535.0,52,283,383.75,1,1,0.3333333333333333,474.16,1
17672.0,217,6,3778.3,128,590,629.7166666666667,1,0,0.14285714285714285,2000.33,1
17673.0,70,11,3754.5299999999997,189,538,341.3209090909091,1,0,0.08333333333333333,306.88,1
17674.0,276,1,300.66,11,276,300.66,1,1,0.0,250.38,1
17675.0,9,62,31342.39,288,637,505.5224193548387,1,1,0.21518987341772153,5571.17,1
17676.0,17,8,1808.3,68,527,226.0375,1,0,0.2,640.34,1
17677.0,8,44,30379.58,303,631,690.445,1,1,0.4358974358974359,3974.7200000000003,1
17678.0,171,2,599.76,27,511,299.88,1,0,0.3333333333333333,0.0,0
17679.0,429,5,1585.5,41,644,317.1,1,1,0.4444444444444444,1992.1100000000001,1
17680.0,291,2,313.05,9,419,156.525,1,0,0.3333333333333333,184.4,1
17681.0,505,5,731.2,12,601,146.24,1,0,0.16666666666666666,0.0,0
17682.0,23,10,3490.3,76,549,349.03000000000003,1,0,0.09090909090909091,574.98,1
17683.0,293,3,819.01,41,462,273.00333333333333,1,0,0.0,0.0,0
17685.0,174,10,3811.84,81,574,381.184,1,0,0.16666666666666666,1643.1100000000001,1
17686.0,28,7,7146.7,255,441,1020.9571428571428,1,0,0.0,1150.1100000000001,1
17687.0,328,1,432.68,26,328,432.68,1,1,0.0,0.0,0
17688.0,301,1,304.2,19,301,304.2,1,1,0.5,0.0,0
17689.0,296,2,317.08,17,382,158.54,1,0,0.0,0.0,0
17690.0,9,16,5732.53,201,582,358.283125,1,0,0.0,1231.27,1
17691.0,266,4,637.5500000000001,37,454,159.38750000000002,1,0,0.2,0.0,0
17692.0,35,12,2960.44,89,448,246.70333333333335,1,0,0.14285714285714285,0.0,0
17693.0,45,1,200.47,16,45,200.47,1,0,0.6666666666666666,0.0,0
17694.0,49,3,1695.97,54,470,565.3233333333334,1,0,0.0,0.0,0
17695.0,39,5,1746.04,46,588,349.20799999999997,1,0,0.16666666666666666,0.0,0
17696.0,16,26,7309.47,186,637,281.1334615384616,1,1,0.4222222222222222,370.12,1
17697.0,144,1,338.95,19,144,338.95,1,0,0.0,0.0,0
17698.0,168,1,154.95,8,168,154.95,1,0,0.0,0.0,0
17699.0,384,2,442.0,17,469,221.0,1,0,0.0,0.0,0
17700.0,2,13,5827.16,227,646,448.2430769230769,1,1,0.1875,852.8100000000001,1
17701.0,160,1,417.95,24,160,417.95,1,0,0.0,0.0,0
17702.0,16,5,2658.44,109,308,531.688,1,1,0.2857142857142857,485.6,1
17703.0,17,3,787.06,51,326,262.3533333333333,1,1,0.0,307.78,1
17704.0,76,2,885.19,27,147,442.595,1,0,0.0,0.0,0
17705.0,14,8,1228.3799999999999,53,484,153.54749999999999,1,0,0.1111111111111111,855.52,1
17706.0,8,26,17795.16,389,597,684.4292307692308,1,0,0.2972972972972973,2476.9900000000002,1
17707.0,93,8,609.3000000000001,9,640,76.16250000000001,1,1,0.1111111111111111,0.0,0
17708.0,95,4,884.1800000000001,57,331,221.04500000000002,1,1,0.0,0.0,0
17709.0,77,5,671.01,37,511,134.202,1,0,0.0,0.0,0
17710.0,331,1,293.5,20,331,293.5,1,1,0.0,0.0,0
17711.0,197,1,220.53000000000003,13,197,220.53000000000003,1,0,0.0,164.57,1
17713.0,290,4,1198.09,55,456,299.5225,1,0,0.0,0.0,0
17714.0,228,5,1410.18,69,421,282.036,1,0,0.4444444444444444,0.0,0
17715.0,108,2,489.59999999999997,1,500,244.79999999999998,1,0,0.0,0.0,0
17716.0,2,20,14437.64,302,645,721.882,1,1,0.09090909090909091,1519.33,1
17717.0,329,1,376.92,26,329,376.92,1,1,0.0,0.0,0
17718.0,140,2,439.18,22,552,219.59,1,0,0.3333333333333333,0.0,0
17719.0,14,12,4477.4,100,163,373.1166666666666,1,0,0.2,918.64,1
17720.0,21,9,2358.57,76,486,262.06333333333333,1,0,0.18181818181818182,308.34,1
17721.0,567,1,307.21000000000004,11,567,307.21000000000004,1,0,0.0,0.0,0
17722.0,4,5,3520.2200000000003,163,283,704.0440000000001,1,1,0.2857142857142857,0.0,0
17723.0,35,7,3378.4000000000005,6,283,482.6285714285715,1,1,0.0,0.0,0
17724.0,46,1,373.1,11,46,373.1,1,0,0.0,659.9,1
17725.0,8,8,2507.12,94,175,313.39,1,0,0.2727272727272727,931.9599999999999,1
17726.0,303,7,1092.06,52,590,156.00857142857143,1,0,0.125,0.0,0
17728.0,312,2,1362.75,79,361,681.375,1,0,0.3333333333333333,2876.01,1
17729.0,504,1,438.65000000000003,23,504,438.65000000000003,1,0,0.0,0.0,0
17730.0,14,15,5531.09,139,497,368.7393333333333,1,0,0.11764705882352941,2242.71,1
17731.0,36,5,1432.62,66,576,286.524,1,0,0.16666666666666666,276.37,1
17732.0,280,8,2166.42,90,395,270.8025,1,0,0.2,0.0,0
17733.0,169,1,216.95000000000002,12,169,216.95000000000002,1,0,0.0,475.24,1
17734.0,44,5,1281.9,67,550,256.38,1,0,0.0,160.42,1
17735.0,1,23,14771.550000000001,348,405,642.2413043478261,1,0,0.11538461538461539,2018.78,1
17736.0,21,1,307.49,23,21,307.49,1,0,0.0,69.95,1
17738.0,56,12,3876.0,161,538,323.0,1,0,0.14285714285714285,307.56,1
17739.0,104,14,6010.01,47,640,429.2864285714286,1,1,0.125,1720.58,1
17740.0,297,6,426.9,5,605,71.14999999999999,1,0,0.0,0.0,0
17741.0,314,2,101.1,6,468,50.55,1,0,0.0,0.0,0
17742.0,21,11,2098.48,52,646,190.7709090909091,1,1,0.0,0.0,0
17743.0,356,1,229.2,3,356,229.2,1,0,0.5,0.0,0
17744.0,158,5,1615.7,63,288,323.14,1,1,0.0,1033.44,1
17745.0,385,2,600.34,27,463,300.17,1,0,0.0,0.0,0
17746.0,148,4,904.1800000000001,32,518,226.04500000000002,1,0,0.42857142857142855,0.0,0
17747.0,20,1,71.4,1,20,71.4,1,0,0.5,0.0,0
17748.0,435,1,358.15,17,435,358.15,1,0,0.0,0.0,0
17749.0,86,3,1026.18,52,454,342.06,1,0,0.0,0.0,0
17750.0,7,5,1188.21,92,72,237.642,1,0,0.0,505.95,1
17751.0,329,1,157.85999999999999,31,329,157.85999999999999,1,1,0.0,0.0,0
17752.0,267,1,80.64,1,267,80.64,1,1,0.0,0.0,0
17753.0,372,4,382.06,63,610,95.515,1,0,0.2,0.0,0
17754.0,50,10,3361.63,145,636,336.163,1,1,0.23076923076923078,897.96,1
17756.0,283,3,728.75,54,302,242.91666666666666,1,1,0.0,0.0,0
17757.0,22,46,6785.26,305,603,147.50565217391303,1,0,0.08,2057.59,1
17758.0,60,8,2989.08,274,476,373.635,1,0,0.0,1974.95,1
17759.0,77,4,607.82,55,491,151.955,1,0,0.0,652.8100000000001,1
17760.0,281,5,631.34,44,557,126.268,1,0,0.16666666666666666,115.05,1
17762.0,364,1,129.75,16,364,129.75,1,0,0.0,0.0,0
17763.0,171,4,86.15,11,567,21.5375,1,0,0.2,0.0,0
17764.0,119,4,971.69,76,644,242.9225,1,1,0.0,541.88,1
17765.0,66,4,524.0,71,356,131.0,1,0,0.0,0.0,0
17766.0,289,2,299.61,21,289,149.805,1,1,0.0,0.0,0
17767.0,318,1,141.85,18,318,141.85,1,1,0.0,271.2,1
17768.0,74,5,1596.66,88,645,319.332,1,1,0.16666666666666666,1696.0700000000002,1
17769.0,46,11,4913.83,264,597,446.71181818181816,1,0,0.15384615384615385,2139.55,1
17770.0,106,5,1143.27,33,190,228.654,1,0,0.0,0.0,0
17771.0,231,3,257.4,36,497,85.8,1,0,0.0,129.53,1
17772.0,300,1,187.3,45,300,187.3,1,1,0.0,173.45,1
17773.0,422,2,575.37,48,598,287.685,1,0,0.0,0.0,0
17774.0,4,9,3272.83,285,577,363.6477777777778,1,0,0.18181818181818182,0.0,0
17775.0,162,1,56.4,3,162,56.4,1,0,0.0,0.0,0
17776.0,294,2,329.3,73,631,164.65,1,1,0.3333333333333333,0.0,0
17777.0,8,1,189.79999999999998,63,8,189.79999999999998,1,0,0.0,457.76,1
17778.0,569,1,197.70000000000002,10,569,197.70000000000002,1,0,0.0,0.0,0
17779.0,51,1,323.09,34,51,323.09,1,0,0.0,327.23,1
17780.0,575,3,346.56,76,592,115.52,1,0,0.0,0.0,0
17781.0,67,2,188.02,12,161,94.01,1,0,0.0,0.0,0
17782.0,290,2,679.02,29,290,339.51,1,1,0.0,0.0,0
17783.0,155,2,205.9,54,420,102.95,1,0,0.0,171.06,1
17784.0,458,1,112.86,19,458,112.86,1,0,0.0,0.0,0
17785.0,353,2,271.44,38,473,135.72,1,0,0.0,131.94,1
17786.0,225,1,103.35,24,225,103.35,1,0,0.0,163.5,1
17787.0,60,4,1817.54,94,279,454.385,1,1,0.0,0.0,0
17788.0,37,1,11.75,2,37,11.75,1,0,0.0,1101.2,1
17789.0,189,2,397.15,27,569,198.575,1,0,0.0,0.0,0
17790.0,28,18,2178.62,148,452,121.03444444444443,1,0,0.0,600.79,1
17792.0,375,2,368.35,45,386,184.175,1,0,0.0,0.0,0
17794.0,594,2,147.3,7,596,73.65,1,0,0.0,0.0,0
17795.0,87,2,342.83,43,172,171.415,1,0,0.0,0.0,0
17796.0,221,6,1160.49,147,329,193.415,1,1,0.0,75.9,1
17797.0,90,6,1463.85,172,632,243.975,1,1,0.0,508.02,1
17798.0,489,1,172.17,42,489,172.17,1,0,0.0,0.0,0
17799.0,7,19,5722.75,449,634,301.19736842105266,1,1,0.13636363636363635,524.18,1
17800.0,25,6,764.3,35,242,127.38333333333333,1,0,0.0,421.91,1
17801.0,359,3,770.03,66,599,256.6766666666667,1,0,0.25,0.0,0
17802.0,88,9,4293.6,268,634,477.0666666666667,1,1,0.4,652.62,1
17803.0,300,1,184.66,27,300,184.66,1,1,0.0,0.0,0
17804.0,284,3,383.78000000000003,82,646,127.92666666666668,1,1,0.0,0.0,0
17805.0,518,1,414.72,1,518,414.72,1,0,0.0,512.31,1
17807.0,303,3,437.87,88,612,145.95666666666668,1,0,0.0,0.0,0
17808.0,456,4,262.64,29,489,65.66,1,0,0.0,0.0,0
17809.0,37,16,7530.6900000000005,46,645,470.66812500000003,1,1,0.1111111111111111,2555.2,1
17810.0,576,2,343.21,50,591,171.605,1,0,0.0,0.0,0
17811.0,0,32,6585.59,447,353,205.7996875,1,0,0.2,2927.51,1
17812.0,276,4,405.48,79,438,101.37,1,0,0.0,506.51,1
17814.0,283,2,1609.37,112,330,804.685,1,1,0.0,0.0,0
17815.0,301,1,591.96,13,301,591.96,1,1,0.0,0.0,0
17816.0,177,4,80.86,36,632,20.215,1,1,0.0,15.25,1
17817.0,185,5,670.17,97,330,134.034,1,1,0.16666666666666666,117.97999999999999,1
17818.0,645,1,124.78,42,645,124.78,1,1,0.0,0.0,0
17819.0,90,11,5784.65,66,634,525.8772727272727,1,1,0.08333333333333333,236.39999999999998,1
17820.0,282,1,180.60999999999999,39,282,180.60999999999999,1,1,0.6666666666666666,0.0,0
17821.0,314,1,334.62,6,314,334.62,1,1,0.0,0.0,0
17822.0,328,5,2154.08,151,468,430.816,1,0,0.0,0.0,0
17823.0,329,2,449.25,88,329,224.625,1,1,0.0,0.0,0
17825.0,506,4,701.96,24,633,175.49,1,1,0.0,0.0,0
17826.0,282,1,133.34,33,282,133.34,1,1,0.0,0.0,0
17827.0,150,5,1969.31,191,529,393.86199999999997,1,0,0.16666666666666666,406.86,1
17828.0,17,3,876.66,50,92,292.21999999999997,0,0,0.4,288.43,1
17829.0,206,5,4756.74,121,563,951.348,0,0,0.16666666666666666,0.0,0
17830.0,169,2,287.65000000000003,15,196,143.82500000000002,1,0,0.0,0.0,0
17833.0,631,1,338.46000000000004,28,631,338.46000000000004,1,1,0.0,0.0,0
17834.0,322,2,689.6700000000001,54,353,344.83500000000004,1,0,0.0,0.0,0
17837.0,56,3,370.61,22,71,123.53666666666668,1,0,0.25,1164.72,1
17838.0,200,11,4538.84,111,538,412.6218181818182,1,0,0.08333333333333333,1065.8,1
17840.0,351,1,175.9,44,351,175.9,1,0,0.0,0.0,0
17841.0,2,167,51145.45,1934,645,306.26017964071855,1,1,0.27074235807860264,16549.920000000002,1
17842.0,510,1,430.69,18,510,430.69,1,0,0.0,0.0,0
17843.0,211,2,312.65,57,319,156.325,1,1,0.0,0.0,0
17844.0,14,1,51.559999999999995,5,14,51.559999999999995,0,0,0.0,0.0,0
17845.0,463,4,596.09,42,484,149.0225,1,0,0.0,0.0,0
17847.0,423,2,125.74000000000001,8,553,62.870000000000005,1,0,0.0,0.0,0
17848.0,36,29,3458.86,104,641,119.27103448275862,1,1,0.03333333333333333,79.6,1
17849.0,126,8,1063.76,24,543,132.97,1,0,0.0,0.0,0
17850.0,280,155,51208.87,100,642,330.3798064516129,1,1,0.025157232704402517,0.0,0
17851.0,330,6,1552.35,185,644,258.72499999999997,1,1,0.0,0.0,0
17852.0,296,3,543.47,62,639,181.15666666666667,1,1,0.0,114.34,1
17853.0,315,3,1596.29,84,644,532.0966666666667,1,1,0.0,0.0,0
17854.0,93,6,1068.5,113,639,178.08333333333334,1,1,0.0,0.0,0
17855.0,280,1,208.97,17,280,208.97,1,1,0.0,0.0,0
17856.0,141,3,1142.63,6,189,380.8766666666667,1,0,0.4,0.0,0
17857.0,6,15,14722.52,15,549,981.5013333333334,1,0,0.0625,11047.02,1
17858.0,24,27,11019.24,138,641,408.12,1,1,0.03571428571428571,1499.41,1
17859.0,212,1,141.92000000000002,23,212,141.92000000000002,1,0,0.0,0.0,0
17860.0,276,4,717.39,127,636,179.3475,1,1,0.0,0.0,0
17861.0,44,15,4289.9,276,637,285.9933333333333,1,1,0.21052631578947367,798.39,1
17862.0,231,4,1254.89,90,471,313.7225,1,0,0.0,0.0,0
17863.0,53,10,3985.7599999999998,109,560,398.57599999999996,1,0,0.0,1374.72,1
17864.0,183,3,522.57,57,335,174.19000000000003,1,1,0.0,354.0,1
17865.0,15,38,22801.11,353,646,600.0292105263158,1,1,0.2692307692307692,3508.98,1
17866.0,50,3,1134.95,20,633,378.31666666666666,1,1,0.25,0.0,0
17867.0,51,13,1376.66,65,645,105.89692307692309,1,1,0.23529411764705882,200.39000000000001,1
17868.0,294,1,227.15,18,294,227.15,1,1,0.0,0.0,0
17869.0,15,7,813.64,72,455,116.23428571428572,1,0,0.0,0.0,0
17870.0,31,7,1488.97,60,289,212.71,1,1,0.0,1264.32,1
17871.0,112,5,1068.95,64,601,213.79000000000002,1,0,0.0,0.0,0
17872.0,289,1,235.87,15,289,235.87,1,1,0.0,0.0,0
17873.0,92,17,5863.91,63,631,344.9358823529412,1,1,0.10526315789473684,272.04,1
17874.0,93,6,683.46,37,163,113.91000000000001,1,0,0.14285714285714285,0.0,0
17875.0,596,1,167.1,25,596,167.1,1,0,0.0,0.0,0
17876.0,307,3,3424.02,3,583,1141.34,1,0,0.0,0.0,0
17877.0,78,1,237.61,12,78,237.61,1,0,0.0,0.0,0
17878.0,303,2,999.48,56,303,499.74,1,1,0.0,379.45,1
17879.0,81,1,178.51999999999998,6,81,178.51999999999998,1,0,0.0,0.0,0
17880.0,272,3,824.9200000000001,43,638,274.97333333333336,1,1,0.0,0.0,0
17881.0,212,1,133.35000000000002,8,212,133.35000000000002,1,0,0.0,0.0,0
17882.0,287,2,291.56,47,287,145.78,1,1,0.0,0.0,0
17883.0,154,4,443.43,46,560,110.8575,1,0,0.2,544.99,1
17884.0,219,19,2588.94,286,643,136.26,1,1,0.13636363636363635,104.53,1
17886.0,118,5,1080.98,91,497,216.196,1,0,0.16666666666666666,491.57,1
17887.0,37,1,111.35,10,37,111.35,1,0,0.0,0.0,0
17888.0,69,21,1388.44,117,626,66.11619047619048,1,1,0.16,419.0,1
17889.0,120,7,746.42,97,526,106.63142857142857,1,0,0.0,0.0,0
17890.0,230,2,586.89,88,269,293.445,1,1,0.0,0.0,0
17891.0,70,1,203.85999999999999,34,70,203.85999999999999,1,0,0.0,0.0,0
17892.0,63,1,142.1,26,63,142.1,1,0,0.0,102.0,1
17893.0,133,1,107.21,15,133,107.21,1,0,0.0,0.0,0
17894.0,4,17,2181.1,197,377,128.29999999999998,1,0,0.10526315789473684,123.06,1
17897.0,80,9,2053.04,210,484,228.11555555555555,1,0,0.1,0.0,0
17898.0,115,3,246.96,41,475,82.32000000000001,1,0,0.0,52.22,1
17899.0,67,1,154.55,29,67,154.55,1,0,0.0,0.0,0
17900.0,98,2,112.19999999999999,4,98,56.099999999999994,1,0,0.5,0.0,0
17901.0,429,2,149.7,3,429,74.85,1,0,0.0,110.38,1
17902.0,454,1,216.39999999999998,24,454,216.39999999999998,1,0,0.0,0.0,0
17903.0,302,1,381.09000000000003,44,302,381.09000000000003,1,1,0.0,0.0,0
17905.0,64,12,1987.12,127,588,165.59333333333333,1,0,0.07692307692307693,181.25,1
17906.0,155,1,72.9,12,155,72.9,1,0,0.0,0.0,0
17907.0,548,1,291.76,13,548,291.76,1,0,0.0,0.0,0
17908.0,281,5,1142.47,178,633,228.494,1,1,0.2857142857142857,0.0,0
17909.0,645,1,110.05,8,645,110.05,1,1,0.0,0.0,0
17910.0,634,1,261.7,25,634,261.7,1,1,0.0,0.0,0
17912.0,218,6,371.6,47,283,61.93333333333334,1,1,0.14285714285714285,0.0,0
17913.0,263,13,3234.4900000000002,212,644,248.80692307692308,1,1,0.0,190.6,1
17915.0,459,1,225.78,27,459,225.78,1,0,0.0,0.0,0
17916.0,536,2,43.87,15,641,21.935,1,1,0.0,0.0,0
17917.0,164,2,226.71,57,270,113.355,1,1,0.0,108.32,1
17918.0,408,3,388.44,33,413,129.48,1,0,0.0,0.0,0
17919.0,346,1,536.28,17,346,536.28,1,0,0.0,1304.04,1
17920.0,13,46,21779.18,572,641,473.46043478260873,1,1,0.041666666666666664,1790.7,1
17921.0,56,9,2169.6,204,420,241.06666666666666,1,0,0.18181818181818182,224.76,1
17922.0,451,1,170.4,8,451,170.4,1,0,0.0,0.0,0
17923.0,190,3,497.0,2,452,165.66666666666666,1,0,0.0,0.0,0
17924.0,209,3,797.4000000000001,3,322,265.8,1,1,0.5,2460.3,1
17925.0,280,1,244.08,1,280,244.08,1,1,0.0,0.0,0
17926.0,41,5,1035.49,27,487,207.098,1,0,0.0,0.0,0
17927.0,629,1,294.0,10,629,294.0,1,1,0.0,0.0,0
17928.0,154,2,206.96,21,479,103.48,1,0,0.0,106.2,1
17929.0,20,11,2946.1,6,638,267.8272727272727,1,1,0.0,136.0,1
17930.0,70,10,3228.88,35,553,322.88800000000003,1,0,0.16666666666666666,1046.34,1
17931.0,42,14,3402.24,274,569,243.01714285714283,1,0,0.2222222222222222,0.0,0
17932.0,81,2,934.51,63,119,467.255,1,0,0.0,397.06,1
17933.0,540,1,105.99,11,540,105.99,1,0,0.0,0.0,0
17934.0,314,1,344.90000000000003,20,314,344.90000000000003,1,1,0.0,704.25,1
17935.0,46,7,683.24,59,643,97.60571428571428,1,1,0.125,0.0,0
17937.0,22,5,3614.52,19,270,722.904,1,1,0.0,686.7,1
17938.0,328,1,144.29,29,328,144.29,1,1,0.0,0.0,0
17939.0,67,1,99.14,12,67,99.14,1,0,0.0,0.0,0
17940.0,16,14,28246.93,10,644,2017.6378571428572,1,1,0.0,192.0,1
17941.0,38,4,1433.28,5,610,358.32,1,0,0.0,0.0,0
17944.0,331,1,74.99,24,331,74.99,1,1,0.0,0.0,0
17945.0,604,3,359.5,65,604,119.83333333333333,1,0,0.0,0.0,0
17946.0,141,2,149.57999999999998,18,167,74.78999999999999,1,0,0.0,0.0,0
17948.0,55,1,358.56000000000006,1,55,358.56000000000006,1,0,0.0,0.0,0
17949.0,1,104,97532.2,53,645,937.8096153846153,1,1,0.09565217391304348,8357.28,1
17950.0,273,6,947.26,110,612,157.87666666666667,1,0,0.14285714285714285,219.03,1
17951.0,266,3,741.5400000000001,15,312,247.18000000000004,1,1,0.25,599.0400000000001,1
17952.0,286,4,788.46,85,449,197.115,1,0,0.0,0.0,0
17953.0,448,1,148.67000000000002,19,448,148.67000000000002,1,0,0.0,0.0,0
17954.0,31,17,3372.91,430,638,198.4064705882353,1,1,0.2916666666666667,428.92,1
17955.0,106,6,949.9,16,573,158.31666666666666,1,0,0.0,0.0,0
17956.0,157,1,12.75,1,157,12.75,1,0,0.0,0.0,0
17958.0,24,2,973.88,35,636,486.94,1,1,0.0,0.0,0
17959.0,500,1,140.75,2,500,140.75,1,0,0.0,0.0,0
17960.0,79,3,135.08,37,549,45.02666666666667,1,0,0.0,0.0,0
17961.0,31,92,2749.92,473,646,29.890434782608697,1,1,0.02127659574468085,116.82,1
17962.0,50,4,665.91,145,603,166.4775,1,0,0.2,0.0,0
17963.0,379,4,643.16,98,597,160.79,1,0,0.0,0.0,0
17964.0,280,1,261.76,35,280,261.76,1,1,0.0,201.45,1
17965.0,42,25,6291.44,521,633,251.65759999999997,1,1,0.13793103448275862,711.46,1
17966.0,59,9,1459.92,81,598,162.21333333333334,1,0,0.0,504.0,1
17967.0,279,2,223.42,59,324,111.71,1,1,0.0,0.0,0
17968.0,281,4,590.4399999999999,106,420,147.60999999999999,1,0,0.0,0.0,0
17969.0,74,20,2354.29,113,641,117.7145,1,1,0.25925925925925924,0.0,0
17970.0,119,1,562.79,27,119,562.79,1,0,0.0,0.0,0
17971.0,456,1,161.94,21,456,161.94,1,0,0.0,0.0,0
17972.0,149,1,135.19,30,149,135.19,1,0,0.0,0.0,0
17974.0,127,4,1199.17,177,315,299.7925,1,1,0.0,539.92,1
17975.0,22,22,6160.22,223,398,280.01,1,0,0.08333333333333333,532.81,1
17976.0,280,1,321.79,56,280,321.79,1,1,0.0,0.0,0
17977.0,308,1,1223.31,83,308,1223.31,1,1,0.5,288.14,1
17978.0,273,4,1159.99,62,639,289.9975,1,1,0.0,0.0,0
17979.0,76,3,494.54,84,167,164.84666666666666,1,0,0.25,234.47,1
17980.0,73,4,1012.72,41,301,253.18,1,1,0.0,0.0,0
17981.0,318,1,239.12,17,318,239.12,1,1,0.0,0.0,0
17982.0,588,1,138.18,13,588,138.18,1,0,0.0,0.0,0
17983.0,303,1,171.71,23,303,171.71,1,1,0.0,0.0,0
17984.0,53,5,1148.69,208,646,229.738,1,1,0.0,0.0,0
17987.0,93,5,965.4399999999999,139,458,193.088,1,0,0.16666666666666666,0.0,0
17988.0,25,11,430.57,102,640,39.14272727272727,1,1,0.08333333333333333,55.12,1
17989.0,287,1,207.32999999999998,26,287,207.32999999999998,1,1,0.0,0.0,0
17990.0,144,6,1527.6100000000001,40,640,254.6016666666667,1,1,0.14285714285714285,0.0,0
17991.0,133,3,298.65,36,499,99.55,1,0,0.0,0.0,0
17992.0,297,1,252.88,49,297,252.88,1,1,0.0,0.0,0
17993.0,525,1,225.99,60,525,225.99,1,0,0.0,0.0,0
17994.0,29,11,2264.0299999999997,226,528,205.82090909090905,1,0,0.21428571428571427,0.0,0
17995.0,189,3,495.48,28,295,165.16,1,1,0.0,0.0,0
17996.0,287,3,469.73,62,454,156.57666666666668,1,0,0.0,0.0,0
17997.0,0,6,1711.75,118,72,285.2916666666667,1,0,0.14285714285714285,250.71,1
17998.0,288,3,639.24,57,646,213.08,1,1,0.25,0.0,0
17999.0,274,2,338.41,77,286,169.205,1,1,0.0,190.05,1
18000.0,472,1,124.25,6,472,124.25,1,0,0.0,0.0,0
18001.0,357,4,509.01,69,645,127.2525,1,1,0.0,415.13,1
18002.0,283,4,237.62,51,639,59.405,1,1,0.0,0.0,0
18003.0,284,1,353.51,23,284,353.51,1,1,0.0,0.0,0
18004.0,270,1,157.92,32,270,157.92,1,1,0.0,0.0,0
18006.0,289,3,524.83,36,630,174.94333333333336,1,1,0.0,444.68,1
18007.0,300,1,215.22,46,300,215.22,1,1,0.0,0.0,0
18008.0,111,21,19708.3,75,610,938.4904761904761,1,0,0.0,50.78,1
18009.0,143,8,2144.23,145,560,268.02875,1,0,0.42857142857142855,0.0,0
18010.0,164,1,174.8,14,164,174.8,1,0,0.0,0.0,0
18011.0,281,2,410.79,63,475,205.395,1,0,0.0,0.0,0
18012.0,631,1,115.3,13,631,115.3,1,1,0.0,0.0,0
18013.0,63,2,187.29,31,63,93.645,1,0,0.0,0.0,0
18016.0,94,5,959.76,79,589,191.952,1,0,0.0,994.8,1
18017.0,77,3,509.0,1,339,169.66666666666666,1,1,0.0,179.0,1
18018.0,16,4,297.99,43,328,74.4975,1,1,0.2,0.0,0
18020.0,451,1,190.48000000000002,12,451,190.48000000000002,1,0,0.5,0.0,0
18021.0,417,2,216.41,32,420,108.205,1,0,0.0,0.0,0
18022.0,293,4,893.9,202,454,223.475,1,0,0.0,612.72,1
18024.0,60,2,389.78,21,60,194.89,1,0,0.3333333333333333,0.0,0
18025.0,287,6,1177.72,83,527,196.28666666666666,1,0,0.0,0.0,0
18026.0,408,2,2074.07,12,413,1037.035,1,0,0.0,0.0,0
18027.0,6,1,115.31,21,6,115.31,1,0,0.0,0.0,0
18028.0,491,1,192.05,4,491,192.05,1,0,0.0,0.0,0
18029.0,550,1,433.77,18,550,433.77,1,0,0.0,0.0,0
18031.0,286,1,451.3,49,286,451.3,1,1,0.0,0.0,0
18032.0,242,1,73.5,5,242,73.5,1,0,0.0,0.0,0
18034.0,283,1,334.67,96,283,334.67,1,1,0.0,418.68,1
18035.0,293,2,546.34,8,293,273.17,1,1,0.0,713.89,1
18036.0,13,10,1396.06,208,629,139.606,1,1,0.0,149.43,1
18037.0,62,15,167.42,31,646,11.161333333333333,1,1,0.0,0.0,0
18038.0,464,1,141.48,25,464,141.48,1,0,0.0,0.0,0
18039.0,282,4,548.22,137,548,137.055,1,0,0.0,0.0,0
18040.0,153,1,239.0,12,153,239.0,1,0,0.0,118.2,1
18041.0,11,33,6919.51,415,602,209.68212121212122,1,0,0.05714285714285714,1099.26,1
18042.0,449,1,116.1,9,449,116.1,1,0,0.0,165.04999999999998,1
18043.0,114,2,421.59,87,274,210.795,1,1,0.0,107.7,1
18044.0,74,15,2522.54,111,468,168.16933333333333,1,0,0.0,983.07,1
18046.0,557,1,189.63,26,557,189.63,1,0,0.0,0.0,0
18047.0,289,2,326.09,74,289,163.045,1,1,0.0,0.0,0
18048.0,111,3,394.93,56,401,131.64333333333335,1,0,0.0,0.0,0
18049.0,345,2,500.5,81,498,250.25,1,0,0.0,0.0,0
18050.0,267,2,412.06,22,301,206.03,1,1,0.0,0.0,0
18051.0,542,7,2282.28,41,638,326.04,1,1,0.125,0.0,0
18052.0,472,1,10877.18,16,472,10877.18,1,0,0.0,0.0,0
18053.0,433,2,271.05,12,435,135.525,1,0,0.5,300.02,1
18054.0,300,1,176.5,11,300,176.5,1,1,0.0,0.0,0
18055.0,36,11,7054.16,229,321,641.2872727272727,1,1,0.08333333333333333,3088.48,1
18056.0,196,2,554.6,28,526,277.3,1,0,0.3333333333333333,0.0,0
18057.0,301,3,1168.14,120,598,389.38000000000005,1,0,0.0,0.0,0
18058.0,449,2,603.9,11,575,301.95,1,0,0.0,170.16,1
18060.0,316,2,1185.46,74,472,592.73,1,0,0.0,0.0,0
18061.0,15,26,5757.91,30,643,221.45807692307693,1,1,0.037037037037037035,325.9,1
18062.0,81,6,1632.67,46,505,272.1116666666667,1,0,0.3333333333333333,0.0,0
18063.0,298,2,186.60000000000002,2,541,93.30000000000001,1,0,0.0,0.0,0
18064.0,41,11,4481.83,53,584,407.4390909090909,1,0,0.26666666666666666,0.0,0
18065.0,91,22,4865.95,162,638,221.17954545454543,1,1,0.12,980.6800000000001,1
18066.0,294,2,1122.4,35,323,561.2,1,1,0.0,318.0,1
18068.0,197,1,101.69999999999999,1,197,101.69999999999999,1,0,0.0,0.0,0
18069.0,88,9,3418.1,498,557,379.7888888888889,1,0,0.1,1030.92,1
18070.0,577,1,314.1,9,577,314.1,1,0,0.5,0.0,0
18071.0,165,6,1169.68,52,642,194.9466666666667,1,1,0.0,0.0,0
18072.0,93,1,247.44,18,93,247.44,1,0,0.5,0.0,0
18073.0,22,12,3859.82,23,105,321.6516666666667,1,0,0.07692307692307693,0.0,0
18074.0,281,2,1019.44,37,413,509.72,1,0,0.0,0.0,0
18075.0,14,18,5129.29,163,406,284.9605555555556,1,0,0.3793103448275862,654.0,1
18076.0,288,1,151.49,8,288,151.49,1,1,0.0,0.0,0
18077.0,11,14,3116.72,122,640,222.62285714285713,1,1,0.0,962.0699999999999,1
18078.0,125,4,725.53,65,536,181.3825,1,0,0.0,0.0,0
18079.0,34,3,2796.96,67,399,932.32,1,0,0.0,1406.97,1
18080.0,150,1,841.4999999999999,1,150,841.4999999999999,1,0,0.0,390.0,1
18081.0,20,2,208.05,7,41,104.025,1,0,0.0,135.4,1
18083.0,305,1,463.53,36,305,463.53,1,1,0.0,0.0,0
18084.0,291,2,704.75,6,296,352.375,1,1,0.5,90.47999999999999,1
18085.0,238,4,1341.8500000000001,42,536,335.46250000000003,1,0,0.0,0.0,0
18086.0,182,1,101.34,7,182,101.34,1,0,0.0,0.0,0
18087.0,198,16,13908.72,43,646,869.295,1,1,0.15789473684210525,0.0,0
18089.0,354,1,428.45,9,354,428.45,1,0,0.0,0.0,0
18090.0,329,1,321.9,47,329,321.9,1,1,0.0,0.0,0
18091.0,501,1,360.85,25,501,360.85,1,0,0.0,0.0,0
18092.0,27,15,11476.94,35,643,765.1293333333334,1,1,0.0625,3216.7799999999997,1
18093.0,1,8,4452.71,43,526,556.58875,1,0,0.1111111111111111,0.0,0
18094.0,44,11,5776.52,51,609,525.1381818181818,1,0,0.15384615384615385,615.0,1
18095.0,220,5,2303.09,37,507,460.61800000000005,1,0,0.0,0.0,0
18096.0,350,3,789.1,153,421,263.03333333333336,1,0,0.0,849.06,1
18097.0,34,10,3951.7200000000003,77,630,395.172,1,1,0.23076923076923078,676.2,1
18098.0,304,1,527.94,85,304,527.94,1,1,0.0,0.0,0
18099.0,35,1,168.31,19,35,168.31,1,0,0.0,0.0,0
18100.0,458,1,451.56,30,458,451.56,1,0,0.0,0.0,0
18101.0,51,4,509.84,72,582,127.46,1,0,0.0,112.17,1
18102.0,6,112,456780.49,311,646,4078.397232142857,1,1,0.017543859649122806,112721.01,1
18103.0,457,1,105.8,10,457,105.8,1,0,0.0,0.0,0
18106.0,237,6,1441.06,126,601,240.17666666666665,1,0,0.0,0.0,0
18107.0,350,1,165.88,38,350,165.88,1,0,0.0,0.0,0
18108.0,162,3,848.8100000000001,43,645,282.93666666666667,1,1,0.25,0.0,0
18109.0,18,29,5983.81,192,434,206.33827586206897,1,0,0.17142857142857143,2879.23,1
18110.0,319,1,193.48000000000002,29,319,193.48000000000002,1,1,0.0,198.8,1
18111.0,497,1,405.85,27,497,405.85,1,0,0.5,0.0,0
18112.0,74,3,617.31,46,459,205.76999999999998,1,0,0.0,156.05,1
18113.0,276,1,76.32000000000001,1,276,76.32000000000001,1,1,0.0,0.0,0
18114.0,198,1,220.1,28,198,220.1,1,0,0.0,0.0,0
18115.0,605,1,9.700000000000001,3,605,9.700000000000001,1,0,0.0,0.0,0
18116.0,142,12,1967.33,303,319,163.94416666666666,1,1,0.0,163.56,1
18118.0,55,21,4657.6,377,289,221.7904761904762,1,1,0.2222222222222222,1561.02,1
18119.0,275,1,180.7,29,275,180.7,1,1,0.0,0.0,0
18120.0,122,1,111.15,17,122,111.15,1,0,0.0,0.0,0
18121.0,57,2,653.3,28,62,326.65,1,0,0.0,0.0,0
18122.0,58,1,119.19,23,58,119.19,1,0,0.0,1672.65,1
18123.0,421,1,92.2,22,421,92.2,1,0,0.0,574.4399999999999,1
18124.0,380,1,102.65,20,380,102.65,1,0,0.0,0.0,0
18125.0,109,3,933.9,146,224,311.3,1,0,0.25,197.85,1
18127.0,41,2,348.65000000000003,25,311,174.32500000000002,1,1,0.0,207.48,1
18128.0,445,1,399.29,42,445,399.29,1,0,0.0,0.0,0
18129.0,151,1,112.55000000000001,13,151,112.55000000000001,1,0,0.0,0.0,0
18131.0,539,1,222.95999999999998,4,539,222.95999999999998,1,0,0.0,0.0,0
18132.0,412,1,220.13,60,412,220.13,1,0,0.0,0.0,0
18133.0,120,1,931.4999999999999,1,120,931.4999999999999,1,0,0.0,0.0,0
18134.0,506,2,445.0,27,602,222.5,1,0,0.0,0.0,0
18135.0,98,6,677.53,21,542,112.92166666666667,1,0,0.3333333333333333,572.09,1
18136.0,119,4,1447.88,73,359,361.97,1,0,0.5,183.48000000000002,1
18137.0,459,2,145.99,26,459,72.995,1,0,0.0,0.0,0
18138.0,203,1,152.65,8,203,152.65,1,0,0.0,0.0,0
18140.0,381,1,536.41,49,381,536.41,0,0,0.0,0.0,0
18141.0,309,2,882.47,38,497,441.235,1,0,0.5,0.0,0
18142.0,65,2,1019.52,9,123,509.76,1,0,0.5,0.0,0
18143.0,24,2,1000.16,59,49,500.08,1,0,0.0,0.0,0
18144.0,17,16,4169.75,51,631,260.609375,1,1,0.0,723.2,1
18145.0,112,9,3771.97,158,639,419.10777777777776,1,1,0.1,1837.77,1
18146.0,48,2,160.35000000000002,10,128,80.17500000000001,1,0,0.0,0.0,0
18147.0,16,1,98.88,4,16,98.88,1,0,0.0,80.46,1
18148.0,554,1,112.85000000000001,9,554,112.85000000000001,1,0,0.0,0.0,0
18149.0,123,6,1491.56,54,543,248.59333333333333,1,0,0.0,62.400000000000006,1
18150.0,48,2,413.28,22,109,206.64,1,0,0.0,153.3,1
18151.0,42,6,1879.44,99,553,313.24,1,0,0.14285714285714285,0.0,0
18152.0,554,1,426.69,10,554,426.69,1,0,0.0,0.0,0
18153.0,567,1,246.22,17,567,246.22,1,0,0.0,0.0,0
18154.0,296,3,533.41,22,398,177.8033333333333,1,0,0.0,399.19,1
18155.0,78,2,266.56,14,199,133.28,1,0,0.3333333333333333,105.06,1
18156.0,277,1,186.88,50,277,186.88,1,1,0.0,488.76,1
18157.0,479,1,213.9,25,479,213.9,1,0,0.0,0.0,0
18159.0,209,1,530.15,23,209,530.15,1,0,0.0,0.0,0
18160.0,108,2,684.37,41,294,342.185,1,1,0.0,319.51,1
18161.0,48,4,955.67,34,287,238.9175,1,1,0.0,847.4300000000001,1
18162.0,640,1,371.51,45,640,371.51,1,1,0.0,0.0,0
18163.0,492,1,728.84,33,492,728.84,1,0,0.5,0.0,0
18165.0,85,1,302.46000000000004,10,85,302.46000000000004,1,0,0.0,0.0,0
18166.0,531,1,175.5,10,531,175.5,1,0,0.0,0.0,0
18167.0,13,1,498.48,13,13,498.48,1,0,0.0,886.3800000000001,1
18168.0,84,16,3435.5,209,644,214.71875,1,1,0.2727272727272727,0.0,0
18170.0,20,8,2553.2000000000003,58,608,319.15000000000003,1,0,0.0,324.8,1
18171.0,7,8,2200.31,68,611,275.03875,1,0,0.2,237.0,1
18172.0,7,43,15540.84,172,636,361.4148837209302,1,1,0.17307692307692307,1926.4,1
18173.0,107,4,2318.36,31,520,579.59,1,0,0.0,378.0,1
18174.0,511,1,58.5,1,511,58.5,1,0,0.0,104.0,1
18175.0,583,1,176.1,7,583,176.1,1,0,0.0,0.0,0
18176.0,266,1,476.35,30,266,476.35,1,1,0.5,0.0,0
18177.0,65,8,1912.72,58,632,239.09,1,1,0.1111111111111111,303.6,1
18178.0,36,11,6103.74,204,567,554.8854545454545,1,0,0.26666666666666666,0.0,0
18179.0,160,6,1857.54,70,571,309.59,1,0,0.0,690.01,1
18180.0,44,2,601.85,42,50,300.925,1,0,0.0,1241.9,1
18181.0,308,4,821.49,119,643,205.3725,1,1,0.3333333333333333,366.85,1
18182.0,371,1,291.13,10,371,291.13,1,0,0.0,0.0,0
18183.0,135,2,632.07,36,182,316.035,1,0,0.6666666666666666,0.0,0
18185.0,157,1,304.25,17,157,304.25,1,0,0.0,0.0,0
18186.0,630,1,329.58,11,630,329.58,1,1,0.0,0.0,0
18187.0,539,1,724.89,48,539,724.89,1,0,0.6666666666666666,0.0,0
18188.0,198,4,1706.15,65,531,426.5375,1,0,0.2,1574.44,1
18189.0,175,2,946.59,54,533,473.295,1,0,0.5,457.14,1
18190.0,100,5,745.62,34,625,149.124,1,1,0.16666666666666666,0.0,0
18191.0,169,2,529.4,15,385,264.7,1,0,0.0,0.0,0
18193.0,73,3,1207.35,66,350,402.45,1,0,0.4,0.0,0
18194.0,346,5,3188.2000000000003,16,588,637.6400000000001,1,0,0.0,973.8399999999999,1
18195.0,295,1,101.16,5,295,101.16,1,1,0.0,0.0,0
18196.0,3,4,1455.27,209,540,363.8175,1,0,0.0,0.0,0
18197.0,483,1,230.1,9,483,230.1,1,0,0.5,0.0,0
18198.0,8,14,4427.39,64,244,316.2421428571429,1,0,0.17647058823529413,998.1700000000001,1
18199.0,591,1,344.75,20,591,344.75,1,0,0.5,0.0,0
18200.0,14,1,150.35,29,14,150.35,1,0,0.0,0.0,0
18201.0,630,1,447.53000000000003,27,630,447.53000000000003,1,1,0.0,0.0,0
18202.0,107,3,1396.99,55,219,465.66333333333336,1,0,0.0,0.0,0
18203.0,65,4,482.52,39,639,120.63,1,1,0.0,0.0,0
18204.0,17,2,1358.87,113,100,679.435,1,0,0.3333333333333333,616.48,1
18206.0,461,1,314.65999999999997,19,461,314.65999999999997,1,0,0.0,0.0,0
18207.0,407,1,544.47,31,407,544.47,1,0,0.6666666666666666,0.0,0
18208.0,473,1,360.08,17,473,360.08,1,0,0.0,0.0,0
18210.0,175,2,289.85,14,290,144.925,1,1,0.0,2301.08,1
18211.0,44,2,268.7,15,186,134.35,1,0,0.0,331.37,1
18212.0,234,2,514.37,40,585,257.185,1,0,0.0,0.0,0
18213.0,144,1,232.48000000000002,15,144,232.48000000000002,1,0,0.0,0.0,0
18214.0,438,4,1780.34,38,462,445.085,1,0,0.2,0.0,0
18215.0,345,4,1933.15,49,531,483.2875,1,0,0.2,299.34000000000003,1
18217.0,421,2,323.29,7,434,161.645,1,0,0.5,621.75,1
18218.0,119,4,1121.84,25,568,280.46,1,0,0.3333333333333333,0.0,0
18219.0,57,15,2650.06,78,640,176.67066666666668,1,1,0.0625,702.64,1
18220.0,134,6,1921.76,17,632,320.29333333333335,1,1,0.45454545454545453,0.0,0
18221.0,23,4,1090.19,54,298,272.5475,1,1,0.3333333333333333,334.75,1
18222.0,0,1,443.0,19,0,443.0,1,0,0.0,0.0,0
18223.0,4,23,11552.65,166,643,502.2891304347826,1,1,0.4772727272727273,2448.2000000000003,1
18224.0,171,1,158.95000000000002,10,171,158.95000000000002,1,0,0.0,0.0,0
18225.0,21,21,10240.619999999999,229,643,487.64857142857136,1,1,0.25,2774.18,1
18226.0,28,24,10901.86,267,552,454.2441666666667,1,0,0.29411764705882354,977.02,1
18227.0,125,2,388.75,6,392,194.375,1,0,0.3333333333333333,0.0,0
18229.0,1,22,8085.67,65,644,367.5304545454546,1,1,0.0,2064.84,1
18230.0,2,7,3627.2200000000003,42,433,518.1742857142857,1,0,0.2222222222222222,663.84,1
18231.0,100,28,6848.27,217,606,244.58107142857145,1,0,0.06666666666666667,0.0,0
18232.0,65,3,500.62,29,105,166.87333333333333,1,0,0.25,92.35000000000001,1
18233.0,233,1,440.0,1,233,440.0,1,0,0.0,0.0,0
18234.0,459,1,179.6,30,459,179.6,1,0,0.0,0.0,0
18235.0,28,2,749.8,49,125,374.9,1,0,0.0,1046.68,1
18236.0,37,10,1554.3,72,511,155.43,1,0,0.0,241.05,1
18237.0,27,2,566.59,31,42,283.295,1,0,0.0,420.51,1
18238.0,423,1,270.92,14,423,270.92,1,0,0.0,0.0,0
18239.0,126,6,1712.26,85,330,285.37666666666667,1,1,0.0,0.0,0
18241.0,7,15,2263.48,85,525,150.89866666666666,1,0,0.11764705882352941,723.51,1
18242.0,104,6,2066.8,68,605,344.4666666666667,1,0,0.0,1538.41,1
18243.0,322,1,515.78,26,322,515.78,1,1,0.0,0.0,0
18244.0,338,2,568.64,19,410,284.32,1,0,0.0,0.0,0
18245.0,57,19,5430.7300000000005,291,549,285.82789473684215,1,0,0.13636363636363635,894.25,1
18246.0,141,2,395.62,2,517,197.81,1,0,0.0,363.2,1
18247.0,322,3,839.73,28,539,279.91,1,0,0.5,0.0,0
18248.0,30,2,804.02,39,94,402.01,1,0,0.5,0.0,0
18250.0,218,1,349.27,21,218,349.27,1,0,0.5,0.0,0
18251.0,353,8,21964.14,77,625,2745.5175,1,1,0.0,4314.72,1
18252.0,79,6,1085.32,38,629,180.88666666666666,1,1,0.14285714285714285,448.37,1
18253.0,550,1,317.88,7,550,317.88,1,0,0.0,0.0,0
18254.0,489,1,267.9,16,489,267.9,1,0,0.0,0.0,0
18255.0,364,1,199.85,13,364,199.85,1,0,0.0,103.3,1
18256.0,295,1,110.7,10,295,110.7,1,1,0.5,0.0,0
18257.0,22,9,3810.39,189,567,423.37666666666667,1,0,0.35714285714285715,774.76,1
18258.0,372,6,2059.67,30,480,343.27833333333336,1,0,0.25,0.0,0
18259.0,274,5,1979.6000000000001,36,639,395.92,1,1,0.0,1962.3000000000002,1
18260.0,80,23,9947.26,212,632,432.4895652173913,1,1,0.28125,0.0,0
18261.0,3,1,224.8,15,3,224.8,1,0,0.0,99.44,1
18262.0,48,3,577.54,40,510,192.51333333333332,1,0,0.0,0.0,0
18263.0,63,2,811.4,45,160,405.7,1,0,0.0,401.76,1
18264.0,406,1,603.25,36,406,603.25,1,0,0.0,0.0,0
18265.0,66,1,488.55,29,66,488.55,1,0,0.0,312.96,1
18266.0,342,1,251.1,14,342,251.1,1,1,0.0,0.0,0
18267.0,580,1,269.37,17,580,269.37,1,0,0.5,0.0,0
18268.0,42,6,1490.23,36,636,248.37166666666667,1,1,0.25,0.0,0
18269.0,274,1,168.6,7,274,168.6,1,1,0.5,0.0,0
18270.0,174,2,273.35,11,340,136.675,1,1,0.3333333333333333,171.20000000000002,1
18271.0,517,2,680.85,19,639,340.425,1,1,0.0,0.0,0
18272.0,21,7,3413.85,123,553,487.6928571428571,1,0,0.2222222222222222,972.13,1
18273.0,3,3,306.0,1,498,102.0,1,0,0.0,51.0,1
18275.0,486,2,741.85,19,639,370.925,1,1,0.0,0.0,0
18276.0,300,5,1320.66,69,637,264.132,1,1,0.2857142857142857,335.86,1
18277.0,305,4,1069.67,48,402,267.4175,1,0,0.3333333333333333,110.38,1
18278.0,312,1,240.3,15,312,240.3,1,1,0.0,173.9,1
18279.0,427,1,231.33999999999997,13,427,231.33999999999997,1,0,0.0,0.0,0
18280.0,185,2,488.15000000000003,28,302,244.07500000000002,1,1,0.3333333333333333,0.0,0
18281.0,88,2,201.14,17,485,100.57,1,0,0.0,0.0,0
18282.0,34,1,100.21000000000001,7,34,100.21000000000001,1,0,0.5,77.84,1
18283.0,3,16,1700.25,284,566,106.265625,1,0,0.0,958.7,1
18284.0,339,1,411.68,27,339,411.68,1,1,0.0,0.0,0
18285.0,568,1,377.0,11,568,377.0,1,0,0.0,0.0,0
18286.0,384,2,1246.43,66,631,623.215,1,1,0.3333333333333333,0.0,0
18287.0,109,5,3060.99,92,479,612.198,1,0,0.16666666666666666,1072.0,1
